0: (24, 208, 152)
1: (96, 16, 0)
2: (32, 0, 0)
3: (0, 0, 0)
4: (0, 0, 64)
5: (0, 0, 0)
6: (0, 0, 0)
7: (224, 40, 32)
8: (96, 40, 24)
9: (208, 120, 88)
10: (216, 168, 136)
11: (48, 192, 160)
12: (24, 136, 104)
13: (32, 72, 96)
14: (184, 192, 208)
15: (144, 152, 168)
16: (80, 96, 120)
17: (40, 48, 56)
18: (56, 128, 216)
19: (48, 104, 200)
20: (32, 64, 168)
21: (32, 48, 120)
22: (0, 0, 0)
23: (224, 40, 32)
24: (96, 40, 24)
25: (208, 120, 88)
26: (216, 168, 136)
27: (48, 192, 160)
28: (24, 136, 104)
29: (32, 72, 96)
30: (184, 192, 208)
31: (144, 152, 168)
32: (80, 96, 120)
33: (40, 48, 56)
34: (56, 128, 216)
35: (48, 104, 200)
36: (32, 64, 168)
37: (32, 48, 120)
38: (0, 0, 0)
39: (248, 232, 112)
40: (232, 192, 112)
41: (224, 144, 80)
42: (208, 112, 64)
43: (248, 248, 248)
44: (168, 232, 248)
45: (120, 208, 232)
46: (96, 168, 216)
47: (72, 144, 208)
48: (64, 120, 176)
49: (96, 168, 240)
50: (72, 128, 232)
51: (48, 88, 200)
52: (40, 72, 176)
53: (32, 56, 104)
54: (0, 0, 0)
55: (248, 232, 112)
56: (232, 192, 112)
57: (224, 144, 80)
58: (208, 112, 64)
59: (248, 248, 248)
60: (232, 248, 168)
61: (208, 232, 120)
62: (168, 216, 96)
63: (144, 208, 72)
64: (120, 176, 64)
65: (88, 232, 160)
66: (56, 216, 112)
67: (24, 160, 64)
68: (16, 112, 40)
69: (24, 96, 48)
70: (0, 0, 0)
71: (248, 248, 248)
72: (248, 248, 144)
73: (248, 248, 24)
74: (240, 216, 32)
75: (240, 176, 32)
76: (240, 120, 40)
77: (192, 88, 16)
78: (144, 56, 32)
79: (96, 24, 8)
80: (192, 192, 160)
81: (160, 160, 128)
82: (136, 136, 104)
83: (112, 112, 88)
84: (88, 88, 64)
85: (72, 72, 48)
86: (0, 0, 0)
87: (248, 248, 248)
88: (248, 248, 160)
89: (240, 232, 128)
90: (232, 216, 104)
91: (224, 200, 80)
92: (224, 184, 56)
93: (184, 120, 0)
94: (144, 72, 0)
95: (112, 24, 8)
96: (184, 184, 184)
97: (152, 152, 152)
98: (120, 120, 120)
99: (96, 96, 96)
100: (80, 80, 80)
101: (64, 64, 64)
102: (0, 0, 0)
103: (248, 248, 248)
104: (224, 224, 232)
105: (200, 200, 208)
106: (176, 176, 176)
107: (160, 160, 160)
108: (136, 136, 136)
109: (112, 112, 104)
110: (88, 88, 72)
111: (64, 64, 56)
112: (192, 192, 160)
113: (160, 160, 128)
114: (136, 136, 104)
115: (112, 112, 88)
116: (88, 88, 64)
117: (72, 72, 48)
118: (0, 0, 0)
119: (88, 248, 168)
120: (32, 200, 104)
121: (8, 136, 48)
122: (224, 232, 248)
123: (160, 160, 184)
124: (128, 128, 160)
125: (96, 104, 128)
126: (56, 64, 96)
127: (40, 48, 80)
128: (0, 0, 0)
129: (240, 240, 104)
130: (240, 176, 88)
131: (224, 128, 80)
132: (224, 96, 40)
133: (192, 24, 16)
134: (0, 0, 0)
135: (248, 192, 240)
136: (240, 152, 216)
137: (240, 120, 200)
138: (248, 56, 160)
139: (208, 40, 160)
140: (248, 248, 248)
141: (200, 208, 216)
142: (168, 184, 200)
143: (144, 152, 176)
144: (104, 120, 144)
145: (72, 96, 112)
146: (248, 248, 216)
147: (240, 240, 176)
148: (232, 232, 128)
149: (224, 224, 88)
150: (0, 0, 0)
151: (240, 176, 216)
152: (240, 240, 96)
153: (88, 248, 168)
154: (184, 224, 248)
155: (208, 8, 80)
156: (248, 248, 248)
157: (240, 240, 224)
158: (160, 200, 240)
159: (88, 160, 216)
160: (56, 120, 192)
161: (48, 72, 160)
162: (56, 72, 104)
163: (240, 120, 200)
164: (232, 64, 168)
165: (240, 8, 88)
166: (0, 0, 0)
167: (248, 240, 136)
168: (96, 104, 128)
169: (160, 200, 240)
170: (104, 168, 232)
171: (80, 128, 216)
172: (64, 88, 168)
173: (48, 72, 136)
174: (216, 224, 232)
175: (160, 176, 192)
176: (120, 128, 160)
177: (64, 72, 88)
178: (232, 168, 112)
179: (200, 112, 72)
180: (168, 64, 40)
181: (144, 16, 8)
182: (0, 0, 0)
183: (64, 104, 216)
184: (48, 192, 192)
185: (72, 216, 216)
186: (16, 168, 192)
187: (184, 216, 232)
188: (120, 224, 224)
189: (200, 232, 240)
190: (232, 240, 248)
191: (152, 192, 224)
192: (112, 160, 232)
193: (64, 136, 224)
194: (48, 104, 200)
195: (32, 64, 208)
196: (48, 72, 168)
197: (16, 32, 120)
198: (0, 0, 0)
199: (184, 224, 248)
200: (120, 224, 224)
201: (16, 168, 192)
202: (56, 64, 192)
203: (216, 248, 224)
204: (168, 200, 184)
205: (112, 136, 120)
206: (72, 88, 72)
207: (16, 48, 96)
208: (232, 192, 232)
209: (232, 152, 224)
210: (224, 120, 216)
211: (192, 64, 200)
212: (160, 24, 144)
213: (80, 0, 72)
214: (0, 0, 0)
215: (24, 64, 160)
216: (24, 64, 160)
217: (24, 64, 160)
218: (24, 64, 160)
219: (24, 64, 160)
220: (24, 64, 160)
221: (24, 64, 160)
222: (24, 64, 160)
223: (24, 64, 160)
224: (24, 64, 160)
225: (24, 64, 160)
226: (24, 64, 160)
227: (24, 64, 160)
228: (24, 64, 160)
229: (24, 64, 160)
230: (0, 0, 0)
231: (0, 40, 120)
232: (0, 40, 120)
233: (0, 40, 120)
234: (0, 40, 120)
235: (0, 40, 120)
236: (0, 40, 120)
237: (0, 40, 120)
238: (0, 40, 120)
239: (0, 40, 120)
240: (0, 40, 120)
241: (0, 40, 120)
242: (0, 40, 120)
243: (0, 40, 120)
244: (0, 40, 120)
245: (0, 40, 120)
246: (0, 0, 0)
247: (0, 16, 96)
248: (0, 16, 96)
249: (0, 16, 96)
250: (0, 16, 96)
251: (0, 16, 96)
252: (0, 16, 96)
253: (0, 16, 96)
254: (0, 16, 96)
255: (0, 16, 96)
256: (0, 16, 96)
257: (0, 16, 96)
258: (0, 16, 96)
259: (0, 16, 96)
260: (0, 16, 96)
261: (0, 16, 96)
262: (0, 0, 0)
263: (136, 216, 248)
264: (144, 216, 248)
265: (152, 216, 248)
266: (160, 216, 248)
267: (168, 224, 248)
268: (176, 224, 248)
269: (184, 224, 248)
270: (192, 224, 248)
271: (200, 232, 248)
272: (208, 232, 248)
273: (216, 232, 248)
274: (224, 240, 248)
275: (232, 240, 248)
276: (240, 240, 248)
277: (248, 248, 248)
278: (0, 0, 0)
279: (240, 240, 240)
280: (112, 240, 240)
281: (80, 208, 240)
282: (0, 176, 224)
283: (240, 160, 240)
284: (16, 112, 208)
285: (160, 0, 160)
286: (0, 48, 176)
287: (48, 48, 48)
288: (112, 0, 112)
289: (80, 0, 80)
290: (144, 144, 144)
291: (192, 192, 192)
292: (96, 96, 96)
293: (112, 240, 240)
294: (0, 0, 0)
295: (240, 240, 240)
296: (112, 240, 240)
297: (32, 96, 208)
298: (0, 0, 144)
299: (0, 240, 0)
300: (0, 144, 0)
301: (240, 240, 0)
302: (240, 160, 0)
303: (240, 112, 112)
304: (240, 0, 0)
305: (160, 0, 0)
306: (224, 144, 224)
307: (192, 80, 192)
308: (144, 0, 144)
309: (208, 96, 0)
310: (0, 0, 0)
311: (248, 232, 144)
312: (232, 136, 64)
313: (168, 96, 64)
314: (232, 48, 40)
315: (96, 40, 24)
316: (216, 224, 248)
317: (160, 168, 184)
318: (120, 136, 160)
319: (72, 88, 112)
320: (32, 48, 56)
321: (64, 240, 208)
322: (72, 152, 232)
323: (56, 120, 216)
324: (32, 72, 192)
325: (24, 40, 136)
326: (0, 0, 0)
327: (248, 232, 144)
328: (232, 136, 64)
329: (168, 96, 64)
330: (8, 192, 48)
331: (32, 72, 96)
332: (96, 96, 120)
333: (64, 80, 88)
334: (48, 64, 72)
335: (40, 56, 64)
336: (32, 48, 56)
337: (64, 240, 208)
338: (224, 64, 80)
339: (176, 32, 16)
340: (160, 48, 48)
341: (64, 8, 24)
342: (0, 0, 0)
343: (248, 248, 248)
344: (208, 208, 248)
345: (176, 168, 248)
346: (144, 128, 248)
347: (128, 104, 216)
348: (120, 80, 192)
349: (112, 64, 168)
350: (96, 48, 136)
351: (56, 32, 80)
352: (32, 16, 40)
353: (16, 8, 16)
354: (24, 72, 40)
355: (40, 120, 64)
356: (56, 176, 88)
357: (8, 32, 248)
358: (0, 0, 0)
359: (240, 240, 240)
360: (240, 240, 160)
361: (240, 240, 80)
362: (248, 248, 0)
363: (240, 216, 0)
364: (232, 184, 0)
365: (232, 152, 0)
366: (224, 120, 0)
367: (224, 88, 0)
368: (168, 56, 0)
369: (8, 8, 8)
370: (192, 120, 88)
371: (184, 184, 184)
372: (144, 144, 144)
373: (104, 104, 104)
374: (0, 0, 0)
375: (8, 8, 8)
376: (48, 48, 48)
377: (96, 96, 96)
378: (128, 128, 128)
379: (168, 168, 168)
380: (216, 216, 216)
381: (248, 248, 248)
382: (8, 64, 8)
383: (0, 112, 0)
384: (0, 160, 0)
385: (0, 216, 0)
386: (56, 224, 56)
387: (112, 232, 120)
388: (176, 248, 184)
389: (248, 248, 248)
390: (0, 0, 0)
391: (248, 248, 248)
392: (144, 224, 248)
393: (112, 152, 248)
394: (64, 88, 192)
395: (48, 64, 152)
396: (32, 40, 128)
397: (160, 160, 168)
398: (120, 120, 128)
399: (88, 88, 96)
400: (64, 64, 64)
401: (40, 40, 40)
402: (248, 232, 120)
403: (200, 176, 80)
404: (160, 128, 48)
405: (120, 80, 16)
406: (0, 0, 0)
407: (248, 248, 248)
408: (144, 248, 128)
409: (64, 248, 48)
410: (8, 240, 0)
411: (8, 216, 0)
412: (8, 192, 0)
413: (8, 168, 0)
414: (0, 144, 0)
415: (0, 120, 0)
416: (0, 96, 0)
417: (0, 0, 0)
418: (232, 104, 104)
419: (240, 16, 0)
420: (144, 0, 0)
421: (96, 0, 0)
422: (0, 0, 0)
423: (248, 248, 248)
424: (216, 232, 248)
425: (144, 160, 248)
426: (136, 96, 200)
427: (120, 72, 160)
428: (104, 48, 136)
429: (232, 168, 176)
430: (192, 128, 136)
431: (160, 96, 104)
432: (136, 72, 64)
433: (112, 48, 48)
434: (248, 240, 128)
435: (248, 184, 88)
436: (232, 136, 48)
437: (192, 88, 16)
438: (0, 0, 0)
439: (240, 240, 240)
440: (208, 208, 216)
441: (168, 168, 192)
442: (128, 128, 160)
443: (88, 88, 128)
444: (56, 56, 96)
445: (152, 216, 248)
446: (56, 200, 248)
447: (40, 160, 224)
448: (32, 120, 200)
449: (168, 136, 224)
450: (128, 96, 184)
451: (88, 64, 152)
452: (48, 32, 112)
453: (16, 0, 80)
454: (0, 0, 0)
455: (240, 240, 240)
456: (200, 216, 216)
457: (152, 168, 168)
458: (104, 120, 120)
459: (56, 72, 72)
460: (24, 24, 24)
461: (184, 224, 0)
462: (120, 176, 0)
463: (40, 96, 0)
464: (0, 48, 0)
465: (240, 176, 0)
466: (160, 112, 0)
467: (112, 64, 0)
468: (64, 224, 240)
469: (64, 40, 0)
470: (0, 0, 0)
471: (240, 240, 240)
472: (200, 192, 192)
473: (168, 160, 160)
474: (112, 104, 104)
475: (64, 56, 56)
476: (24, 16, 16)
477: (80, 80, 80)
478: (40, 40, 40)
479: (24, 24, 24)
480: (8, 8, 8)
481: (152, 56, 88)
482: (112, 16, 48)
483: (88, 0, 16)
484: (64, 224, 240)
485: (32, 0, 0)
486: (0, 0, 0)
487: (0, 0, 0)
488: (0, 0, 0)
489: (0, 0, 0)
490: (0, 0, 0)
491: (0, 0, 0)
492: (0, 0, 0)
493: (0, 0, 0)
494: (0, 0, 0)
495: (0, 0, 0)
496: (0, 0, 0)
497: (0, 0, 0)
498: (0, 0, 0)
499: (0, 0, 0)
500: (0, 0, 0)
501: (0, 0, 0)
502: (0, 0, 0)
503: (0, 0, 0)
504: (0, 0, 0)
505: (0, 0, 0)
506: (0, 0, 0)
507: (0, 0, 0)
508: (0, 0, 0)
509: (0, 0, 0)
510: (0, 0, 0)
511: (0, 0, 0)
512: (0, 0, 0)
513: (0, 0, 0)
514: (0, 0, 0)
515: (0, 0, 0)
516: (0, 0, 0)
517: (0, 0, 0)
518: (0, 0, 0)
519: (240, 240, 240)
520: (144, 160, 192)
521: (96, 112, 160)
522: (64, 80, 112)
523: (192, 208, 224)
524: (240, 160, 80)
525: (0, 240, 64)
526: (48, 32, 16)
527: (240, 208, 64)
528: (176, 0, 0)
529: (112, 80, 32)
530: (64, 128, 224)
531: (48, 80, 208)
532: (32, 64, 160)
533: (16, 48, 80)
534: (0, 0, 0)
535: (0, 0, 0)
536: (0, 0, 0)
537: (0, 0, 0)
538: (0, 0, 0)
539: (0, 0, 0)
540: (0, 0, 0)
541: (0, 0, 0)
542: (0, 0, 0)
543: (0, 0, 0)
544: (0, 0, 0)
545: (0, 0, 0)
546: (0, 0, 0)
547: (0, 0, 0)
548: (0, 0, 0)
549: (0, 0, 0)
550: (0, 0, 0)
551: (0, 0, 0)
552: (0, 0, 0)
553: (0, 0, 0)
554: (0, 0, 0)
555: (0, 0, 0)
556: (0, 0, 0)
557: (0, 0, 0)
558: (0, 0, 0)
559: (0, 0, 0)
560: (0, 0, 0)
561: (0, 0, 0)
562: (0, 0, 0)
563: (0, 0, 0)
564: (0, 0, 0)
565: (0, 0, 0)
566: (0, 0, 0)
567: (0, 0, 0)
568: (0, 0, 0)
569: (0, 0, 0)
570: (0, 0, 0)
571: (0, 0, 0)
572: (0, 0, 0)
573: (0, 0, 0)
574: (0, 0, 0)
575: (0, 0, 0)
576: (0, 0, 0)
577: (0, 0, 0)
578: (0, 0, 0)
579: (0, 0, 0)
580: (0, 0, 0)
581: (0, 0, 0)
582: (0, 0, 0)
583: (240, 240, 240)
584: (240, 208, 0)
585: (240, 128, 0)
586: (176, 96, 0)
587: (160, 64, 0)
588: (128, 64, 240)
589: (96, 32, 160)
590: (48, 16, 80)
591: (144, 0, 0)
592: (240, 0, 0)
593: (96, 64, 0)
594: (144, 160, 192)
595: (96, 112, 112)
596: (64, 80, 80)
597: (48, 48, 48)
598: (0, 0, 0)
599: (0, 0, 0)
600: (0, 0, 0)
601: (0, 0, 0)
602: (0, 0, 0)
603: (0, 0, 0)
604: (0, 0, 0)
605: (0, 0, 0)
606: (0, 0, 0)
607: (0, 0, 0)
608: (0, 0, 0)
609: (0, 0, 0)
610: (0, 0, 0)
611: (0, 0, 0)
612: (0, 0, 0)
613: (0, 0, 0)
614: (0, 0, 0)
615: (0, 0, 0)
616: (0, 0, 0)
617: (0, 0, 0)
618: (0, 0, 0)
619: (0, 0, 0)
620: (0, 0, 0)
621: (0, 0, 0)
622: (0, 0, 0)
623: (0, 0, 0)
624: (0, 0, 0)
625: (0, 0, 0)
626: (0, 0, 0)
627: (0, 0, 0)
628: (0, 0, 0)
629: (0, 0, 0)
630: (0, 0, 0)
631: (0, 0, 0)
632: (0, 0, 0)
633: (0, 0, 0)
634: (0, 0, 0)
635: (0, 0, 0)
636: (0, 0, 0)
637: (0, 0, 0)
638: (0, 0, 0)
639: (0, 0, 0)
640: (0, 0, 0)
641: (0, 0, 0)
642: (0, 0, 0)
643: (0, 0, 0)
644: (0, 0, 0)
645: (0, 0, 0)
646: (0, 0, 0)
647: (232, 200, 248)
648: (216, 176, 248)
649: (208, 160, 248)
650: (192, 144, 248)
651: (176, 120, 240)
652: (152, 96, 216)
653: (136, 80, 208)
654: (128, 72, 208)
655: (120, 64, 200)
656: (112, 48, 192)
657: (96, 40, 184)
658: (88, 32, 184)
659: (80, 16, 176)
660: (72, 8, 168)
661: (64, 0, 168)
662: (0, 0, 0)
663: (240, 184, 24)
664: (224, 120, 48)
665: (216, 64, 64)
666: (208, 0, 80)
667: (240, 240, 208)
668: (240, 240, 104)
669: (240, 240, 0)
670: (120, 184, 0)
671: (0, 128, 0)
672: (240, 240, 240)
673: (152, 232, 248)
674: (120, 184, 216)
675: (88, 136, 192)
676: (56, 88, 168)
677: (32, 48, 144)
678: (0, 0, 0)
679: (216, 168, 136)
680: (208, 120, 88)
681: (168, 96, 64)
682: (232, 48, 40)
683: (96, 40, 24)
684: (216, 224, 248)
685: (160, 168, 184)
686: (120, 136, 160)
687: (72, 88, 112)
688: (32, 48, 56)
689: (40, 48, 56)
690: (72, 152, 232)
691: (56, 120, 216)
692: (32, 72, 192)
693: (24, 40, 136)
694: (0, 0, 0)
695: (64, 192, 112)
696: (24, 120, 40)
697: (0, 128, 248)
698: (232, 104, 104)
699: (240, 16, 0)
700: (144, 0, 0)
701: (96, 0, 0)
702: (240, 240, 240)
703: (168, 176, 200)
704: (96, 104, 128)
705: (32, 40, 72)
706: (240, 192, 144)
707: (200, 128, 96)
708: (152, 88, 64)
709: (232, 200, 56)
710: (0, 0, 0)
711: (0, 0, 0)
712: (0, 0, 0)
713: (0, 0, 0)
714: (0, 0, 0)
715: (0, 0, 0)
716: (0, 0, 0)
717: (64, 0, 48)
718: (96, 0, 144)
719: (128, 8, 152)
720: (184, 16, 128)
721: (136, 48, 192)
722: (184, 88, 184)
723: (224, 144, 216)
724: (248, 192, 232)
725: (248, 248, 248)
726: (0, 0, 0)
727: (0, 0, 0)
728: (0, 0, 0)
729: (0, 0, 0)
730: (0, 0, 0)
731: (0, 0, 0)
732: (0, 0, 0)
733: (0, 0, 0)
734: (0, 0, 0)
735: (0, 0, 0)
736: (0, 0, 0)
737: (0, 0, 0)
738: (0, 0, 0)
739: (0, 0, 0)
740: (0, 0, 0)
741: (0, 0, 0)
742: (0, 0, 0)
743: (0, 0, 0)
744: (0, 0, 0)
745: (0, 0, 0)
746: (0, 0, 0)
747: (0, 0, 0)
748: (0, 0, 0)
749: (248, 248, 248)
750: (248, 248, 248)
751: (248, 248, 248)
752: (248, 248, 248)
753: (248, 248, 248)
754: (248, 248, 248)
755: (248, 248, 248)
756: (248, 248, 248)
757: (248, 248, 248)
758: (0, 0, 0)
759: (0, 0, 0)
760: (0, 0, 0)
761: (0, 0, 0)
762: (0, 0, 0)
763: (0, 0, 0)
764: (0, 0, 0)
765: (0, 0, 0)
766: (0, 0, 0)
767: (0, 0, 0)
768: (0, 0, 0)
769: (0, 0, 0)
770: (0, 0, 0)
771: (0, 0, 0)
772: (0, 0, 0)
773: (0, 0, 0)
774: (0, 0, 0)
775: (40, 40, 40)
776: (48, 48, 48)
777: (64, 64, 72)
778: (80, 80, 88)
779: (64, 96, 112)
780: (88, 88, 96)
781: (96, 104, 104)
782: (104, 104, 112)
783: (112, 112, 112)
784: (104, 128, 160)
785: (120, 128, 128)
786: (136, 136, 144)
787: (144, 144, 152)
788: (152, 160, 160)
789: (184, 184, 184)
790: (0, 0, 0)
791: (48, 48, 48)
792: (64, 72, 96)
793: (88, 88, 112)
794: (128, 128, 152)
795: (104, 120, 144)
796: (120, 128, 168)
797: (128, 144, 176)
798: (144, 152, 184)
799: (160, 168, 200)
800: (168, 184, 192)
801: (184, 200, 208)
802: (208, 224, 224)
803: (248, 144, 48)
804: (240, 176, 56)
805: (240, 216, 40)
806: (0, 0, 0)
807: (0, 0, 0)
808: (0, 0, 0)
809: (0, 0, 0)
810: (0, 0, 0)
811: (0, 0, 0)
812: (0, 0, 0)
813: (0, 0, 0)
814: (0, 0, 0)
815: (0, 0, 0)
816: (0, 0, 0)
817: (0, 0, 0)
818: (0, 0, 0)
819: (0, 0, 0)
820: (0, 0, 0)
821: (0, 0, 0)
822: (0, 0, 0)
823: (0, 0, 0)
824: (0, 0, 0)
825: (0, 0, 0)
826: (0, 0, 0)
827: (0, 0, 0)
828: (0, 0, 0)
829: (0, 0, 0)
830: (0, 0, 0)
831: (0, 0, 0)
832: (0, 0, 0)
833: (0, 0, 0)
834: (0, 0, 0)
835: (0, 0, 0)
836: (0, 0, 0)
837: (0, 0, 0)
838: (0, 0, 0)
839: (248, 0, 0)
840: (152, 32, 24)
841: (120, 64, 40)
842: (160, 96, 56)
843: (200, 128, 72)
844: (248, 160, 96)
845: (248, 200, 120)
846: (248, 248, 144)
847: (48, 48, 48)
848: (80, 80, 80)
849: (112, 112, 120)
850: (144, 144, 152)
851: (160, 168, 176)
852: (200, 208, 208)
853: (248, 248, 248)
854: (0, 0, 0)
855: (112, 0, 0)
856: (80, 32, 24)
857: (120, 64, 40)
858: (160, 96, 56)
859: (200, 128, 72)
860: (248, 160, 96)
861: (248, 200, 120)
862: (248, 248, 144)
863: (48, 48, 48)
864: (80, 80, 80)
865: (112, 112, 120)
866: (144, 144, 152)
867: (160, 168, 176)
868: (200, 208, 208)
869: (248, 248, 248)
870: (0, 0, 0)
871: (0, 0, 0)
872: (0, 0, 0)
873: (0, 0, 0)
874: (0, 0, 0)
875: (0, 0, 0)
876: (0, 0, 0)
877: (0, 0, 0)
878: (0, 0, 0)
879: (0, 0, 0)
880: (0, 0, 0)
881: (0, 0, 0)
882: (0, 0, 0)
883: (0, 0, 0)
884: (0, 0, 0)
885: (0, 0, 0)
886: (0, 0, 0)
887: (0, 0, 0)
888: (0, 0, 0)
889: (0, 0, 0)
890: (0, 0, 0)
891: (0, 0, 0)
892: (0, 0, 0)
893: (0, 0, 0)
894: (0, 0, 0)
895: (0, 0, 0)
896: (0, 0, 0)
897: (0, 0, 0)
898: (0, 0, 0)
899: (0, 0, 0)
900: (0, 0, 0)
901: (0, 0, 0)
902: (0, 0, 0)
903: (112, 48, 160)
904: (80, 32, 96)
905: (64, 0, 80)
906: (32, 0, 48)
907: (0, 240, 240)
908: (240, 160, 0)
909: (192, 112, 0)
910: (96, 48, 0)
911: (240, 240, 240)
912: (192, 192, 192)
913: (160, 160, 160)
914: (128, 128, 128)
915: (80, 80, 80)
916: (32, 48, 48)
917: (0, 16, 16)
918: (0, 0, 0)
919: (40, 128, 168)
920: (16, 88, 160)
921: (0, 48, 152)
922: (0, 24, 120)
923: (0, 248, 0)
924: (240, 160, 0)
925: (192, 112, 0)
926: (96, 48, 0)
927: (240, 240, 240)
928: (192, 192, 192)
929: (160, 160, 160)
930: (128, 128, 128)
931: (80, 80, 80)
932: (32, 48, 48)
933: (0, 16, 16)
934: (0, 0, 0)
935: (40, 160, 40)
936: (16, 120, 32)
937: (0, 80, 24)
938: (0, 40, 0)
939: (248, 248, 0)
940: (240, 160, 0)
941: (192, 112, 0)
942: (96, 48, 0)
943: (240, 240, 240)
944: (192, 192, 192)
945: (160, 160, 160)
946: (128, 128, 128)
947: (80, 80, 80)
948: (32, 48, 48)
949: (0, 16, 16)
950: (0, 0, 0)
951: (0, 0, 0)
952: (0, 0, 0)
953: (0, 0, 0)
954: (0, 0, 0)
955: (0, 0, 0)
956: (0, 0, 0)
957: (0, 0, 0)
958: (0, 0, 0)
959: (0, 0, 0)
960: (0, 0, 0)
961: (0, 0, 0)
962: (0, 0, 0)
963: (0, 0, 0)
964: (0, 0, 0)
965: (0, 0, 0)
966: (0, 0, 0)
967: (40, 48, 64)
968: (64, 80, 88)
969: (96, 112, 120)
970: (112, 128, 136)
971: (176, 0, 0)
972: (128, 144, 152)
973: (144, 160, 168)
974: (160, 176, 184)
975: (176, 192, 200)
976: (192, 208, 216)
977: (208, 216, 216)
978: (208, 224, 232)
979: (216, 224, 232)
980: (48, 56, 72)
981: (232, 240, 240)
982: (0, 0, 0)
983: (8, 8, 8)
984: (16, 16, 16)
985: (24, 32, 48)
986: (32, 40, 56)
987: (176, 0, 0)
988: (40, 48, 64)
989: (48, 56, 72)
990: (56, 64, 80)
991: (56, 72, 80)
992: (64, 80, 88)
993: (72, 88, 96)
994: (80, 96, 104)
995: (88, 104, 112)
996: (16, 16, 16)
997: (104, 120, 128)
998: (0, 0, 0)
999: (0, 0, 0)
1000: (0, 0, 0)
1001: (0, 0, 0)
1002: (0, 0, 0)
1003: (0, 0, 0)
1004: (0, 0, 0)
1005: (0, 0, 0)
1006: (0, 0, 0)
1007: (0, 0, 0)
1008: (0, 0, 0)
1009: (0, 0, 0)
1010: (0, 0, 0)
1011: (0, 0, 0)
1012: (0, 0, 0)
1013: (0, 0, 0)
1014: (0, 0, 0)
1015: (0, 0, 0)
1016: (0, 0, 0)
1017: (0, 0, 0)
1018: (0, 0, 0)
1019: (0, 0, 0)
1020: (0, 0, 0)
1021: (0, 0, 0)
1022: (0, 0, 0)
1023: (0, 0, 0)
1024: (0, 0, 0)
1025: (0, 0, 0)
1026: (0, 0, 0)
1027: (0, 0, 0)
1028: (0, 0, 0)
1029: (0, 0, 0)
1030: (0, 0, 0)
1031: (72, 80, 88)
1032: (96, 104, 112)
1033: (120, 128, 128)
1034: (136, 144, 144)
1035: (168, 168, 168)
1036: (56, 48, 32)
1037: (112, 88, 64)
1038: (96, 80, 64)
1039: (80, 64, 56)
1040: (56, 72, 72)
1041: (40, 56, 56)
1042: (40, 40, 48)
1043: (32, 32, 32)
1044: (168, 200, 248)
1045: (168, 200, 248)
1046: (0, 0, 0)
1047: (112, 120, 128)
1048: (104, 112, 120)
1049: (96, 104, 112)
1050: (88, 96, 104)
1051: (80, 88, 96)
1052: (72, 80, 88)
1053: (56, 72, 80)
1054: (40, 64, 72)
1055: (24, 56, 64)
1056: (8, 48, 64)
1057: (112, 104, 80)
1058: (88, 80, 64)
1059: (64, 64, 48)
1060: (48, 48, 32)
1061: (0, 128, 32)
1062: (0, 0, 0)
1063: (248, 0, 0)
1064: (248, 0, 0)
1065: (56, 88, 176)
1066: (72, 96, 176)
1067: (88, 112, 184)
1068: (104, 128, 192)
1069: (120, 136, 200)
1070: (136, 152, 200)
1071: (152, 168, 208)
1072: (168, 176, 216)
1073: (184, 192, 224)
1074: (200, 208, 224)
1075: (216, 216, 232)
1076: (232, 232, 240)
1077: (248, 248, 248)
1078: (0, 0, 0)
1079: (40, 40, 48)
1080: (48, 56, 64)
1081: (64, 72, 80)
1082: (72, 88, 96)
1083: (80, 96, 112)
1084: (88, 112, 120)
1085: (104, 128, 128)
1086: (128, 144, 144)
1087: (152, 160, 160)
1088: (168, 176, 176)
1089: (184, 192, 192)
1090: (208, 216, 216)
1091: (216, 144, 48)
1092: (232, 176, 56)
1093: (240, 208, 48)
1094: (0, 0, 0)
1095: (40, 56, 56)
1096: (0, 40, 72)
1097: (8, 48, 80)
1098: (72, 104, 128)
1099: (0, 64, 96)
1100: (80, 128, 152)
1101: (96, 144, 168)
1102: (32, 88, 112)
1103: (16, 152, 176)
1104: (72, 176, 184)
1105: (200, 248, 240)
1106: (208, 144, 0)
1107: (176, 80, 48)
1108: (120, 32, 16)
1109: (16, 24, 48)
1110: (0, 0, 0)
1111: (0, 24, 48)
1112: (72, 96, 120)
1113: (88, 112, 136)
1114: (104, 128, 152)
1115: (40, 72, 96)
1116: (56, 88, 112)
1117: (0, 40, 56)
1118: (16, 56, 72)
1119: (120, 144, 152)
1120: (136, 160, 168)
1121: (152, 176, 184)
1122: (0, 248, 128)
1123: (184, 48, 0)
1124: (128, 0, 0)
1125: (0, 0, 0)
1126: (0, 0, 0)
1127: (56, 48, 32)
1128: (32, 64, 0)
1129: (24, 88, 8)
1130: (8, 120, 24)
1131: (80, 64, 56)
1132: (96, 80, 64)
1133: (112, 88, 64)
1134: (32, 32, 40)
1135: (56, 56, 64)
1136: (80, 80, 88)
1137: (104, 104, 112)
1138: (128, 128, 136)
1139: (144, 144, 152)
1140: (144, 144, 160)
1141: (176, 176, 168)
1142: (32, 32, 32)
1143: (40, 40, 40)
1144: (56, 56, 56)
1145: (72, 64, 64)
1146: (88, 80, 80)
1147: (96, 88, 88)
1148: (112, 104, 104)
1149: (128, 112, 112)
1150: (144, 128, 128)
1151: (24, 32, 40)
1152: (40, 48, 56)
1153: (64, 64, 80)
1154: (80, 88, 104)
1155: (104, 104, 128)
1156: (120, 120, 152)
1157: (144, 144, 176)
1158: (0, 0, 0)
1159: (48, 64, 64)
1160: (56, 72, 72)
1161: (32, 40, 40)
1162: (72, 88, 88)
1163: (40, 48, 48)
1164: (96, 112, 112)
1165: (120, 136, 136)
1166: (144, 152, 152)
1167: (160, 168, 168)
1168: (184, 192, 192)
1169: (208, 216, 216)
1170: (72, 72, 48)
1171: (96, 88, 64)
1172: (0, 0, 0)
1173: (24, 24, 32)
1174: (80, 72, 64)
1175: (24, 24, 24)
1176: (40, 40, 32)
1177: (48, 48, 40)
1178: (56, 56, 48)
1179: (64, 64, 56)
1180: (80, 80, 72)
1181: (80, 88, 88)
1182: (96, 96, 88)
1183: (96, 96, 88)
1184: (104, 112, 112)
1185: (112, 112, 104)
1186: (120, 120, 112)
1187: (144, 144, 136)
1188: (160, 160, 144)
1189: (184, 184, 168)
1190: (0, 0, 0)
1191: (8, 0, 80)
1192: (16, 16, 16)
1193: (32, 32, 32)
1194: (40, 40, 40)
1195: (48, 48, 40)
1196: (56, 56, 56)
1197: (72, 64, 48)
1198: (56, 56, 112)
1199: (80, 72, 64)
1200: (96, 80, 64)
1201: (96, 88, 80)
1202: (128, 112, 96)
1203: (40, 40, 32)
1204: (56, 56, 48)
1205: (64, 64, 56)
1206: (32, 72, 160)
1207: (40, 88, 168)
1208: (48, 80, 200)
1209: (48, 96, 176)
1210: (56, 112, 192)
1211: (56, 104, 208)
1212: (64, 120, 208)
1213: (72, 136, 216)
1214: (96, 152, 224)
1215: (112, 176, 232)
1216: (136, 192, 240)
1217: (176, 216, 248)
1218: (200, 232, 240)
1219: (208, 232, 248)
1220: (224, 240, 248)
1221: (224, 232, 248)
1222: (40, 40, 48)
1223: (48, 56, 56)
1224: (64, 72, 80)
1225: (80, 88, 88)
1226: (72, 96, 120)
1227: (88, 88, 96)
1228: (96, 104, 112)
1229: (112, 120, 120)
1230: (104, 128, 168)
1231: (128, 128, 136)
1232: (144, 144, 152)
1233: (152, 152, 160)
1234: (160, 168, 168)
1235: (184, 184, 192)
1236: (216, 216, 216)
1237: (48, 40, 48)
1238: (0, 0, 0)
1239: (24, 24, 24)
1240: (32, 32, 24)
1241: (40, 40, 32)
1242: (48, 40, 48)
1243: (48, 48, 40)
1244: (56, 56, 48)
1245: (64, 64, 56)
1246: (72, 64, 56)
1247: (80, 72, 64)
1248: (88, 80, 72)
1249: (96, 88, 80)
1250: (112, 104, 88)
1251: (128, 120, 104)
1252: (48, 64, 64)
1253: (32, 40, 40)
1254: (0, 0, 0)
1255: (64, 64, 88)
1256: (72, 72, 96)
1257: (88, 88, 112)
1258: (96, 104, 128)
1259: (112, 120, 136)
1260: (128, 136, 152)
1261: (136, 144, 168)
1262: (152, 160, 184)
1263: (168, 176, 192)
1264: (176, 192, 208)
1265: (192, 208, 224)
1266: (208, 224, 240)
1267: (48, 96, 176)
1268: (56, 120, 184)
1269: (120, 176, 224)
1270: (0, 0, 0)
1271: (96, 32, 16)
1272: (248, 128, 0)
1273: (80, 88, 72)
1274: (80, 96, 56)
1275: (104, 120, 88)
1276: (128, 152, 112)
1277: (152, 176, 144)
1278: (64, 64, 64)
1279: (96, 96, 96)
1280: (128, 128, 128)
1281: (224, 224, 224)
1282: (184, 128, 0)
1283: (152, 136, 0)
1284: (208, 200, 48)
1285: (176, 176, 96)
1286: (0, 0, 0)
1287: (64, 16, 0)
1288: (96, 40, 16)
1289: (128, 64, 40)
1290: (160, 88, 64)
1291: (200, 120, 88)
1292: (248, 128, 0)
1293: (64, 64, 64)
1294: (80, 88, 72)
1295: (104, 120, 88)
1296: (128, 152, 112)
1297: (152, 176, 144)
1298: (224, 224, 224)
1299: (184, 128, 0)
1300: (152, 136, 0)
1301: (208, 200, 48)
1302: (0, 0, 0)
1303: (32, 0, 0)
1304: (48, 8, 0)
1305: (64, 16, 0)
1306: (96, 40, 16)
1307: (128, 64, 40)
1308: (160, 88, 64)
1309: (200, 120, 88)
1310: (176, 64, 0)
1311: (248, 128, 0)
1312: (248, 152, 40)
1313: (248, 184, 88)
1314: (184, 128, 0)
1315: (152, 136, 0)
1316: (208, 200, 48)
1317: (176, 176, 96)
1318: (0, 0, 0)
1319: (160, 24, 0)
1320: (88, 48, 24)
1321: (120, 64, 40)
1322: (160, 96, 56)
1323: (200, 128, 72)
1324: (232, 168, 96)
1325: (240, 192, 112)
1326: (248, 248, 144)
1327: (48, 48, 48)
1328: (80, 80, 80)
1329: (112, 112, 120)
1330: (144, 144, 152)
1331: (160, 168, 176)
1332: (200, 208, 208)
1333: (248, 248, 248)
1334: (0, 0, 0)
1335: (64, 72, 32)
1336: (88, 104, 64)
1337: (120, 136, 96)
1338: (144, 168, 136)
1339: (176, 200, 168)
1340: (208, 240, 208)
1341: (64, 64, 64)
1342: (96, 96, 96)
1343: (128, 128, 128)
1344: (160, 160, 160)
1345: (224, 224, 224)
1346: (184, 128, 0)
1347: (152, 136, 0)
1348: (208, 200, 48)
1349: (176, 176, 96)
1350: (0, 0, 0)
1351: (216, 232, 232)
1352: (96, 120, 120)
1353: (64, 96, 96)
1354: (32, 72, 64)
1355: (248, 200, 200)
1356: (224, 160, 160)
1357: (208, 120, 120)
1358: (184, 80, 80)
1359: (168, 40, 40)
1360: (152, 0, 0)
1361: (0, 0, 0)
1362: (0, 0, 0)
1363: (0, 0, 0)
1364: (0, 0, 0)
1365: (0, 0, 0)
1366: (0, 0, 0)
1367: (112, 208, 104)
1368: (248, 128, 80)
1369: (208, 88, 40)
1370: (176, 48, 24)
1371: (152, 24, 0)
1372: (152, 24, 0)
1373: (104, 8, 0)
1374: (72, 0, 0)
1375: (56, 0, 0)
1376: (40, 0, 0)
1377: (24, 0, 0)
1378: (96, 96, 96)
1379: (72, 72, 72)
1380: (48, 48, 48)
1381: (24, 24, 24)
1382: (0, 0, 0)
1383: (24, 32, 48)
1384: (32, 40, 56)
1385: (40, 48, 64)
1386: (48, 56, 72)
1387: (56, 64, 80)
1388: (64, 80, 88)
1389: (80, 96, 104)
1390: (96, 112, 120)
1391: (112, 128, 136)
1392: (128, 144, 152)
1393: (152, 168, 176)
1394: (176, 192, 200)
1395: (192, 208, 216)
1396: (208, 224, 232)
1397: (232, 240, 240)
1398: (0, 0, 0)
1399: (0, 24, 24)
1400: (16, 0, 0)
1401: (24, 0, 0)
1402: (32, 0, 0)
1403: (48, 8, 0)
1404: (56, 8, 0)
1405: (64, 8, 0)
1406: (80, 16, 0)
1407: (0, 0, 0)
1408: (120, 104, 72)
1409: (240, 208, 128)
1410: (0, 56, 0)
1411: (152, 200, 152)
1412: (0, 0, 104)
1413: (24, 24, 248)
1414: (0, 0, 0)
1415: (64, 64, 88)
1416: (72, 72, 96)
1417: (88, 88, 112)
1418: (96, 104, 128)
1419: (112, 120, 136)
1420: (128, 136, 152)
1421: (136, 144, 168)
1422: (48, 104, 200)
1423: (64, 120, 200)
1424: (72, 136, 208)
1425: (96, 152, 216)
1426: (104, 168, 224)
1427: (136, 184, 232)
1428: (168, 208, 240)
1429: (208, 224, 240)
1430: (0, 0, 0)
1431: (48, 48, 48)
1432: (56, 56, 56)
1433: (72, 80, 88)
1434: (96, 104, 112)
1435: (120, 128, 128)
1436: (136, 144, 144)
1437: (168, 168, 168)
1438: (24, 64, 0)
1439: (24, 80, 0)
1440: (8, 112, 24)
1441: (56, 48, 32)
1442: (80, 64, 56)
1443: (96, 80, 64)
1444: (112, 88, 64)
1445: (0, 72, 248)
1446: (0, 0, 0)
1447: (24, 24, 24)
1448: (32, 32, 32)
1449: (40, 40, 48)
1450: (40, 56, 56)
1451: (56, 72, 72)
1452: (72, 80, 88)
1453: (96, 104, 112)
1454: (120, 128, 128)
1455: (136, 144, 144)
1456: (168, 168, 168)
1457: (56, 48, 32)
1458: (80, 64, 56)
1459: (96, 80, 64)
1460: (112, 88, 64)
1461: (80, 56, 48)
1462: (0, 0, 0)
1463: (40, 56, 56)
1464: (56, 72, 72)
1465: (72, 88, 88)
1466: (112, 120, 120)
1467: (128, 144, 144)
1468: (152, 160, 160)
1469: (168, 176, 176)
1470: (184, 192, 192)
1471: (208, 216, 216)
1472: (216, 144, 48)
1473: (224, 160, 48)
1474: (232, 184, 48)
1475: (240, 208, 48)
1476: (248, 0, 0)
1477: (0, 8, 248)
1478: (0, 0, 0)
1479: (56, 48, 32)
1480: (32, 64, 0)
1481: (24, 88, 8)
1482: (8, 120, 24)
1483: (80, 64, 56)
1484: (96, 80, 64)
1485: (112, 88, 64)
1486: (32, 32, 40)
1487: (56, 56, 64)
1488: (80, 80, 88)
1489: (104, 104, 112)
1490: (128, 128, 136)
1491: (144, 144, 152)
1492: (144, 144, 160)
1493: (176, 176, 168)
1494: (88, 80, 64)
1495: (40, 40, 40)
1496: (48, 48, 56)
1497: (64, 72, 80)
1498: (80, 80, 88)
1499: (88, 104, 120)
1500: (88, 96, 96)
1501: (104, 112, 112)
1502: (112, 120, 120)
1503: (112, 128, 144)
1504: (120, 128, 136)
1505: (136, 144, 144)
1506: (152, 160, 168)
1507: (184, 192, 192)
1508: (56, 56, 48)
1509: (112, 112, 104)
1510: (0, 0, 0)
1511: (0, 40, 56)
1512: (8, 48, 64)
1513: (40, 56, 56)
1514: (56, 72, 72)
1515: (32, 40, 40)
1516: (72, 88, 88)
1517: (96, 112, 112)
1518: (112, 128, 128)
1519: (136, 144, 144)
1520: (152, 160, 160)
1521: (168, 176, 176)
1522: (184, 192, 192)
1523: (208, 216, 216)
1524: (88, 104, 96)
1525: (0, 0, 0)
1526: (0, 0, 0)
1527: (40, 40, 48)
1528: (48, 56, 64)
1529: (72, 80, 88)
1530: (64, 72, 80)
1531: (96, 104, 112)
1532: (136, 144, 144)
1533: (80, 56, 48)
1534: (168, 168, 168)
1535: (32, 32, 32)
1536: (24, 24, 24)
1537: (120, 96, 24)
1538: (120, 88, 16)
1539: (120, 80, 8)
1540: (120, 80, 0)
1541: (248, 248, 248)
1542: (0, 0, 0)
1543: (192, 192, 232)
1544: (168, 176, 208)
1545: (144, 160, 184)
1546: (128, 144, 168)
1547: (104, 128, 144)
1548: (88, 112, 128)
1549: (64, 96, 112)
1550: (48, 80, 96)
1551: (24, 64, 80)
1552: (8, 48, 64)
1553: (160, 152, 128)
1554: (136, 128, 112)
1555: (112, 104, 96)
1556: (96, 88, 80)
1557: (0, 248, 56)
1558: (168, 176, 208)
1559: (128, 144, 168)
1560: (144, 160, 184)
1561: (72, 80, 88)
1562: (80, 88, 96)
1563: (104, 112, 120)
1564: (88, 112, 128)
1565: (104, 128, 144)
1566: (48, 80, 96)
1567: (64, 96, 112)
1568: (56, 72, 80)
1569: (8, 48, 64)
1570: (24, 64, 80)
1571: (40, 64, 72)
1572: (24, 56, 64)
1573: (0, 0, 0)
1574: (0, 0, 0)
1575: (0, 0, 0)
1576: (0, 0, 0)
1577: (0, 0, 0)
1578: (0, 0, 0)
1579: (0, 0, 0)
1580: (0, 0, 0)
1581: (0, 0, 0)
1582: (0, 0, 0)
1583: (0, 0, 0)
1584: (0, 0, 0)
1585: (0, 0, 0)
1586: (0, 0, 0)
1587: (0, 0, 0)
1588: (0, 0, 0)
1589: (0, 0, 0)
1590: (0, 0, 0)
1591: (0, 0, 0)
1592: (0, 0, 0)
1593: (0, 0, 0)
1594: (0, 0, 0)
1595: (0, 0, 0)
1596: (0, 0, 0)
1597: (0, 0, 0)
1598: (0, 0, 0)
1599: (0, 0, 0)
1600: (0, 0, 0)
1601: (0, 0, 0)
1602: (0, 0, 0)
1603: (0, 0, 0)
1604: (0, 0, 0)
1605: (0, 0, 0)
1606: (0, 0, 0)
1607: (0, 0, 0)
1608: (0, 0, 0)
1609: (0, 0, 0)
1610: (0, 0, 0)
1611: (0, 0, 0)
1612: (0, 0, 0)
1613: (0, 0, 0)
1614: (0, 0, 0)
1615: (0, 0, 0)
1616: (0, 0, 0)
1617: (0, 0, 0)
1618: (0, 0, 0)
1619: (0, 0, 0)
1620: (0, 0, 0)
1621: (0, 0, 0)
1622: (0, 0, 0)
1623: (0, 0, 0)
1624: (0, 0, 0)
1625: (0, 0, 0)
1626: (0, 0, 0)
1627: (0, 0, 0)
1628: (0, 0, 0)
1629: (0, 0, 0)
1630: (0, 0, 0)
1631: (0, 0, 0)
1632: (0, 0, 0)
1633: (0, 0, 0)
1634: (0, 0, 0)
1635: (0, 0, 0)
1636: (0, 0, 0)
1637: (0, 0, 0)
1638: (0, 0, 0)
1639: (0, 0, 0)
1640: (0, 0, 0)
1641: (0, 0, 0)
1642: (0, 0, 0)
1643: (0, 0, 0)
1644: (0, 0, 0)
1645: (0, 0, 0)
1646: (0, 0, 0)
1647: (0, 0, 0)
1648: (0, 0, 0)
1649: (0, 0, 0)
1650: (0, 0, 0)
1651: (0, 0, 0)
1652: (0, 0, 0)
1653: (0, 0, 0)
1654: (0, 0, 0)
1655: (0, 0, 0)
1656: (0, 0, 0)
1657: (0, 0, 0)
1658: (0, 0, 0)
1659: (0, 0, 0)
1660: (0, 0, 0)
1661: (0, 0, 0)
1662: (0, 0, 0)
1663: (0, 0, 0)
1664: (0, 0, 0)
1665: (0, 0, 0)
1666: (0, 0, 0)
1667: (0, 0, 0)
1668: (0, 0, 0)
1669: (0, 0, 0)
1670: (0, 0, 0)
1671: (0, 0, 0)
1672: (0, 0, 0)
1673: (0, 0, 0)
1674: (0, 0, 0)
1675: (0, 0, 0)
1676: (0, 0, 0)
1677: (0, 0, 0)
1678: (0, 0, 0)
1679: (0, 0, 0)
1680: (0, 0, 0)
1681: (0, 0, 0)
1682: (0, 0, 0)
1683: (0, 0, 0)
1684: (0, 0, 0)
1685: (0, 0, 0)
1686: (0, 0, 0)
1687: (0, 0, 0)
1688: (0, 0, 0)
1689: (0, 0, 0)
1690: (0, 0, 0)
1691: (0, 0, 0)
1692: (0, 0, 0)
1693: (0, 0, 0)
1694: (0, 0, 0)
1695: (0, 0, 0)
1696: (0, 0, 0)
1697: (0, 0, 0)
1698: (0, 0, 0)
1699: (0, 0, 0)
1700: (0, 0, 0)
1701: (0, 0, 0)
1702: (0, 0, 0)
1703: (0, 0, 0)
1704: (0, 0, 0)
1705: (0, 0, 0)
1706: (0, 0, 0)
1707: (0, 0, 0)
1708: (0, 0, 0)
1709: (0, 0, 0)
1710: (0, 0, 0)
1711: (0, 0, 0)
1712: (0, 0, 0)
1713: (0, 0, 0)
1714: (0, 0, 0)
1715: (0, 0, 0)
1716: (0, 0, 0)
1717: (0, 0, 0)
1718: (0, 0, 0)
1719: (0, 0, 0)
1720: (0, 0, 0)
1721: (0, 0, 0)
1722: (0, 0, 0)
1723: (0, 0, 0)
1724: (0, 0, 0)
1725: (0, 0, 0)
1726: (0, 0, 0)
1727: (0, 0, 0)
1728: (0, 0, 0)
1729: (0, 0, 0)
1730: (0, 0, 0)
1731: (0, 0, 0)
1732: (0, 0, 0)
1733: (0, 0, 0)
1734: (0, 0, 0)
1735: (0, 0, 0)
1736: (0, 0, 0)
1737: (0, 0, 0)
1738: (0, 0, 0)
1739: (0, 0, 0)
1740: (0, 0, 0)
1741: (0, 0, 0)
1742: (0, 0, 0)
1743: (0, 0, 0)
1744: (0, 0, 0)
1745: (0, 0, 0)
1746: (0, 0, 0)
1747: (0, 0, 0)
1748: (0, 0, 0)
1749: (0, 0, 0)
1750: (0, 0, 0)
1751: (0, 0, 0)
1752: (0, 0, 0)
1753: (0, 0, 0)
1754: (0, 0, 0)
1755: (0, 0, 0)
1756: (0, 0, 0)
1757: (0, 0, 0)
1758: (0, 0, 0)
1759: (0, 0, 0)
1760: (0, 0, 0)
1761: (0, 0, 0)
1762: (0, 0, 0)
1763: (0, 0, 0)
1764: (0, 0, 0)
1765: (0, 0, 0)
1766: (0, 0, 0)
1767: (0, 0, 0)
1768: (0, 0, 0)
1769: (0, 0, 0)
1770: (0, 0, 0)
1771: (0, 0, 0)
1772: (0, 0, 0)
1773: (0, 0, 0)
1774: (0, 0, 0)
1775: (0, 0, 0)
1776: (0, 0, 0)
1777: (0, 0, 0)
1778: (0, 0, 0)
1779: (0, 0, 0)
1780: (0, 0, 0)
1781: (0, 0, 0)
1782: (0, 0, 0)
1783: (0, 0, 0)
1784: (0, 0, 0)
1785: (0, 0, 0)
1786: (0, 0, 0)
1787: (0, 0, 0)
1788: (0, 0, 0)
1789: (0, 0, 0)
1790: (0, 0, 0)
1791: (0, 0, 0)
1792: (0, 0, 0)
1793: (0, 0, 0)
1794: (0, 0, 0)
1795: (0, 0, 0)
1796: (0, 0, 0)
1797: (0, 0, 0)
1798: (32, 32, 32)
1799: (40, 48, 48)
1800: (48, 8, 8)
1801: (32, 40, 48)
1802: (64, 8, 8)
1803: (40, 40, 32)
1804: (40, 48, 56)
1805: (40, 48, 64)
1806: (32, 32, 48)
1807: (80, 16, 16)
1808: (40, 40, 48)
1809: (32, 48, 56)
1810: (32, 40, 64)
1811: (72, 32, 40)
1812: (40, 48, 72)
1813: (48, 48, 64)
1814: (64, 48, 40)
1815: (56, 48, 56)
1816: (48, 56, 72)
1817: (32, 56, 112)
1818: (64, 56, 64)
1819: (56, 64, 88)
1820: (72, 56, 56)
1821: (48, 64, 80)
1822: (64, 64, 72)
1823: (56, 64, 112)
1824: (64, 64, 96)
1825: (88, 64, 64)
1826: (48, 64, 144)
1827: (56, 72, 88)
1828: (48, 72, 120)
1829: (72, 72, 80)
1830: (72, 72, 104)
1831: (64, 72, 120)
1832: (56, 72, 152)
1833: (64, 80, 96)
1834: (40, 72, 160)
1835: (80, 72, 80)
1836: (72, 80, 112)
1837: (96, 72, 80)
1838: (80, 80, 96)
1839: (64, 88, 104)
1840: (56, 72, 152)
1841: (64, 88, 120)
1842: (80, 80, 104)
1843: (80, 80, 120)
1844: (88, 88, 88)
1845: (40, 88, 168)
1846: (56, 88, 176)
1847: (104, 80, 56)
1848: (96, 80, 88)
1849: (64, 80, 160)
1850: (112, 80, 88)
1851: (72, 96, 112)
1852: (88, 88, 96)
1853: (48, 80, 192)
1854: (88, 88, 112)
1855: (80, 88, 136)
1856: (72, 96, 120)
1857: (96, 88, 96)
1858: (48, 96, 176)
1859: (80, 96, 136)
1860: (80, 96, 112)
1861: (64, 88, 168)
1862: (120, 88, 80)
1863: (56, 112, 112)
1864: (96, 96, 120)
1865: (64, 88, 192)
1866: (120, 88, 112)
1867: (104, 96, 96)
1868: (80, 104, 128)
1869: (88, 96, 136)
1870: (80, 96, 168)
1871: (96, 96, 120)
1872: (120, 96, 80)
1873: (80, 104, 120)
1874: (56, 104, 184)
1875: (72, 96, 192)
1876: (104, 104, 128)
1877: (104, 104, 112)
1878: (128, 96, 112)
1879: (88, 112, 128)
1880: (96, 104, 144)
1881: (88, 104, 168)
1882: (104, 104, 136)
1883: (112, 104, 120)
1884: (136, 104, 80)
1885: (80, 104, 184)
1886: (88, 120, 136)
1887: (136, 96, 120)
1888: (96, 112, 152)
1889: (64, 120, 200)
1890: (64, 136, 128)
1891: (120, 112, 120)
1892: (112, 112, 136)
1893: (104, 112, 168)
1894: (96, 120, 144)
1895: (120, 120, 120)
1896: (128, 112, 128)
1897: (112, 120, 144)
1898: (144, 104, 136)
1899: (152, 112, 96)
1900: (96, 120, 184)
1901: (112, 120, 160)
1902: (120, 120, 152)
1903: (96, 128, 152)
1904: (112, 128, 144)
1905: (120, 120, 136)
1906: (72, 128, 208)
1907: (152, 112, 128)
1908: (104, 120, 192)
1909: (120, 128, 160)
1910: (104, 136, 160)
1911: (128, 128, 136)
1912: (120, 128, 144)
1913: (112, 120, 176)
1914: (152, 112, 136)
1915: (128, 128, 152)
1916: (136, 128, 136)
1917: (88, 152, 136)
1918: (120, 128, 176)
1919: (120, 136, 160)
1920: (104, 144, 168)
1921: (128, 128, 168)
1922: (112, 128, 200)
1923: (128, 136, 152)
1924: (160, 128, 120)
1925: (144, 136, 136)
1926: (160, 120, 152)
1927: (136, 136, 168)
1928: (128, 136, 168)
1929: (136, 144, 152)
1930: (120, 136, 208)
1931: (128, 136, 192)
1932: (128, 144, 176)
1933: (96, 152, 216)
1934: (104, 152, 176)
1935: (136, 136, 176)
1936: (152, 136, 136)
1937: (144, 144, 152)
1938: (136, 144, 176)
1939: (128, 144, 200)
1940: (144, 144, 160)
1941: (144, 144, 184)
1942: (120, 152, 184)
1943: (136, 152, 176)
1944: (176, 136, 168)
1945: (96, 176, 152)
1946: (160, 152, 128)
1947: (144, 152, 168)
1948: (160, 144, 160)
1949: (136, 144, 208)
1950: (8, 216, 176)
1951: (144, 152, 184)
1952: (152, 152, 168)
1953: (128, 160, 184)
1954: (160, 152, 136)
1955: (152, 152, 192)
1956: (176, 144, 160)
1957: (152, 160, 168)
1958: (160, 160, 160)
1959: (144, 152, 208)
1960: (104, 168, 224)
1961: (128, 168, 200)
1962: (144, 168, 176)
1963: (160, 160, 192)
1964: (160, 168, 176)
1965: (152, 160, 208)
1966: (168, 168, 144)
1967: (136, 168, 200)
1968: (184, 160, 160)
1969: (136, 168, 232)
1970: (160, 160, 200)
1971: (104, 200, 144)
1972: (160, 168, 176)
1973: (160, 160, 224)
1974: (168, 168, 168)
1975: (168, 168, 200)
1976: (64, 216, 232)
1977: (184, 168, 176)
1978: (144, 176, 200)
1979: (160, 184, 176)
1980: (136, 176, 232)
1981: (168, 176, 192)
1982: (176, 176, 168)
1983: (176, 168, 208)
1984: (168, 168, 224)
1985: (160, 184, 176)
1986: (152, 184, 200)
1987: (192, 176, 168)
1988: (160, 176, 224)
1989: (176, 184, 200)
1990: (120, 216, 160)
1991: (184, 184, 184)
1992: (176, 176, 216)
1993: (224, 176, 120)
1994: (168, 192, 192)
1995: (168, 184, 224)
1996: (152, 200, 232)
1997: (184, 184, 216)
1998: (200, 184, 176)
1999: (192, 192, 192)
2000: (184, 192, 216)
2001: (200, 192, 192)
2002: (176, 200, 216)
2003: (192, 192, 216)
2004: (192, 192, 232)
2005: (200, 200, 168)
2006: (168, 208, 248)
2007: (144, 224, 224)
2008: (216, 192, 192)
2009: (192, 200, 232)
2010: (248, 192, 128)
2011: (200, 200, 216)
2012: (208, 208, 176)
2013: (200, 200, 240)
2014: (184, 216, 216)
2015: (232, 200, 192)
2016: (208, 208, 232)
2017: (224, 208, 200)
2018: (248, 208, 152)
2019: (216, 216, 232)
2020: (200, 224, 232)
2021: (232, 216, 200)
2022: (216, 216, 232)
2023: (200, 232, 232)
2024: (224, 224, 232)
2025: (240, 224, 192)
2026: (224, 232, 240)
2027: (208, 240, 240)
2028: (248, 232, 216)
2029: (240, 240, 240)
2030: (224, 248, 248)
2031: (248, 240, 224)
2032: (32, 72, 160)
2033: (40, 88, 168)
2034: (48, 80, 200)
2035: (48, 96, 176)
2036: (56, 112, 192)
2037: (56, 104, 208)
2038: (64, 120, 208)
2039: (72, 136, 216)
2040: (96, 152, 224)
2041: (112, 176, 232)
2042: (136, 192, 240)
2043: (176, 216, 248)
2044: (200, 232, 240)
2045: (208, 232, 248)
2046: (224, 240, 248)
2047: (224, 232, 248)
2048: (248, 248, 248)
2049: (248, 248, 248)
2050: (248, 248, 248)
2051: (248, 248, 248)
2052: (248, 248, 248)
2053: (248, 248, 248)
2054: (0, 0, 0)
2055: (0, 232, 232)
2056: (0, 224, 224)
2057: (0, 216, 216)
2058: (0, 208, 208)
2059: (0, 200, 200)
2060: (0, 192, 192)
2061: (0, 184, 184)
2062: (0, 176, 176)
2063: (0, 168, 168)
2064: (0, 160, 160)
2065: (0, 152, 152)
2066: (0, 144, 144)
2067: (0, 136, 136)
2068: (0, 128, 128)
2069: (0, 120, 120)
2070: (0, 112, 112)
2071: (0, 104, 104)
2072: (0, 96, 96)
2073: (0, 0, 0)
2074: (0, 240, 240)
2075: (0, 0, 0)
2076: (0, 0, 0)
2077: (0, 0, 0)
2078: (0, 0, 0)
2079: (0, 0, 0)
2080: (0, 0, 0)
2081: (0, 0, 0)
2082: (0, 0, 0)
2083: (0, 0, 0)
2084: (0, 0, 0)
2085: (0, 0, 0)
2086: (0, 0, 0)
2087: (0, 0, 0)
2088: (0, 0, 0)
2089: (0, 0, 0)
2090: (0, 0, 0)
2091: (0, 0, 0)
2092: (0, 0, 0)
2093: (0, 0, 0)
2094: (0, 0, 0)
2095: (0, 0, 0)
2096: (0, 0, 0)
2097: (0, 0, 0)
2098: (0, 0, 0)
2099: (0, 0, 0)
2100: (0, 0, 0)
2101: (0, 0, 0)
2102: (0, 0, 0)
2103: (0, 0, 0)
2104: (0, 0, 0)
2105: (0, 0, 0)
2106: (0, 0, 0)
2107: (0, 0, 0)
2108: (0, 0, 0)
2109: (0, 0, 0)
2110: (0, 0, 0)
2111: (0, 0, 0)
2112: (0, 0, 0)
2113: (0, 0, 0)
2114: (0, 0, 0)
2115: (0, 0, 0)
2116: (0, 0, 0)
2117: (0, 0, 0)
2118: (0, 0, 0)
2119: (0, 0, 0)
2120: (0, 0, 0)
2121: (0, 0, 0)
2122: (0, 0, 0)
2123: (0, 0, 0)
2124: (0, 0, 0)
2125: (0, 0, 0)
2126: (0, 0, 0)
2127: (0, 0, 0)
2128: (0, 0, 0)
2129: (0, 0, 0)
2130: (0, 0, 0)
2131: (0, 0, 0)
2132: (0, 0, 0)
2133: (0, 0, 0)
2134: (0, 0, 0)
2135: (0, 0, 0)
2136: (0, 0, 0)
2137: (0, 0, 0)
2138: (0, 0, 0)
2139: (0, 0, 0)
2140: (0, 0, 0)
2141: (0, 0, 0)
2142: (0, 0, 0)
2143: (0, 0, 0)
2144: (0, 0, 0)
2145: (0, 0, 0)
2146: (0, 0, 0)
2147: (0, 0, 0)
2148: (0, 0, 0)
2149: (0, 0, 0)
2150: (0, 0, 0)
2151: (0, 0, 0)
2152: (0, 0, 0)
2153: (0, 0, 0)
2154: (0, 0, 0)
2155: (0, 0, 0)
2156: (0, 0, 0)
2157: (0, 0, 0)
2158: (0, 0, 0)
2159: (0, 0, 0)
2160: (0, 0, 0)
2161: (0, 0, 0)
2162: (0, 0, 0)
2163: (0, 0, 0)
2164: (0, 0, 0)
2165: (0, 0, 0)
2166: (0, 0, 0)
2167: (0, 0, 0)
2168: (0, 0, 0)
2169: (0, 0, 0)
2170: (0, 0, 0)
2171: (0, 0, 0)
2172: (0, 0, 0)
2173: (0, 0, 0)
2174: (0, 0, 0)
2175: (0, 0, 0)
2176: (0, 0, 0)
2177: (0, 0, 0)
2178: (0, 0, 0)
2179: (0, 0, 0)
2180: (0, 0, 0)
2181: (0, 0, 0)
2182: (0, 0, 0)
2183: (0, 0, 0)
2184: (0, 0, 0)
2185: (0, 0, 0)
2186: (0, 0, 0)
2187: (0, 0, 0)
2188: (0, 0, 0)
2189: (0, 0, 0)
2190: (0, 0, 0)
2191: (0, 0, 0)
2192: (0, 0, 0)
2193: (0, 0, 0)
2194: (0, 0, 0)
2195: (0, 0, 0)
2196: (0, 0, 0)
2197: (0, 0, 0)
2198: (0, 0, 0)
2199: (0, 0, 0)
2200: (0, 0, 0)
2201: (0, 0, 0)
2202: (0, 0, 0)
2203: (0, 0, 0)
2204: (0, 0, 0)
2205: (0, 0, 0)
2206: (0, 0, 0)
2207: (0, 0, 0)
2208: (0, 0, 0)
2209: (0, 0, 0)
2210: (0, 0, 0)
2211: (0, 0, 0)
2212: (0, 0, 0)
2213: (0, 0, 0)
2214: (0, 0, 0)
2215: (0, 0, 0)
2216: (0, 0, 0)
2217: (0, 0, 0)
2218: (0, 0, 0)
2219: (0, 0, 0)
2220: (0, 0, 0)
2221: (0, 0, 0)
2222: (0, 0, 0)
2223: (0, 0, 0)
2224: (0, 0, 0)
2225: (0, 0, 0)
2226: (0, 0, 0)
2227: (0, 0, 0)
2228: (0, 0, 0)
2229: (0, 0, 0)
2230: (0, 0, 0)
2231: (0, 0, 0)
2232: (0, 0, 0)
2233: (0, 0, 0)
2234: (0, 0, 0)
2235: (0, 0, 0)
2236: (0, 0, 0)
2237: (0, 0, 0)
2238: (0, 0, 0)
2239: (0, 0, 0)
2240: (0, 0, 0)
2241: (0, 0, 0)
2242: (0, 0, 0)
2243: (0, 0, 0)
2244: (0, 0, 0)
2245: (0, 0, 0)
2246: (0, 0, 0)
2247: (0, 0, 0)
2248: (0, 0, 0)
2249: (0, 0, 0)
2250: (0, 0, 0)
2251: (0, 0, 0)
2252: (0, 0, 0)
2253: (0, 0, 0)
2254: (0, 0, 0)
2255: (0, 0, 0)
2256: (0, 0, 0)
2257: (0, 0, 0)
2258: (0, 0, 0)
2259: (0, 0, 0)
2260: (0, 0, 0)
2261: (0, 0, 0)
2262: (0, 0, 0)
2263: (0, 0, 0)
2264: (0, 0, 0)
2265: (0, 0, 0)
2266: (0, 0, 0)
2267: (0, 0, 0)
2268: (0, 0, 0)
2269: (0, 0, 0)
2270: (0, 0, 0)
2271: (0, 0, 0)
2272: (0, 0, 0)
2273: (0, 0, 0)
2274: (0, 0, 0)
2275: (0, 0, 0)
2276: (0, 0, 0)
2277: (0, 0, 0)
2278: (0, 0, 0)
2279: (0, 0, 0)
2280: (0, 0, 0)
2281: (0, 0, 0)
2282: (0, 0, 0)
2283: (0, 0, 0)
2284: (0, 0, 0)
2285: (0, 0, 0)
2286: (0, 0, 0)
2287: (0, 0, 0)
2288: (0, 0, 0)
2289: (0, 0, 0)
2290: (0, 0, 0)
2291: (0, 0, 0)
2292: (0, 0, 0)
2293: (0, 0, 0)
2294: (0, 0, 0)
2295: (0, 0, 0)
2296: (0, 0, 0)
2297: (0, 0, 0)
2298: (0, 0, 0)
2299: (0, 0, 0)
2300: (0, 0, 0)
2301: (0, 0, 0)
2302: (0, 0, 0)
2303: (0, 0, 0)
2304: (0, 0, 0)
2305: (0, 0, 0)
2306: (0, 0, 0)
2307: (0, 0, 0)
2308: (0, 0, 0)
2309: (0, 0, 0)
2310: (0, 0, 0)
2311: (216, 232, 240)
2312: (224, 240, 240)
2313: (216, 240, 240)
2314: (224, 240, 240)
2315: (184, 224, 232)
2316: (208, 232, 240)
2317: (216, 232, 240)
2318: (208, 232, 240)
2319: (208, 232, 240)
2320: (216, 232, 240)
2321: (192, 224, 232)
2322: (200, 232, 232)
2323: (232, 240, 248)
2324: (240, 248, 248)
2325: (224, 240, 240)
2326: (224, 240, 240)
2327: (232, 240, 248)
2328: (232, 240, 248)
2329: (240, 248, 248)
2330: (232, 240, 248)
2331: (232, 240, 248)
2332: (224, 240, 240)
2333: (232, 240, 248)
2334: (224, 240, 240)
2335: (216, 240, 240)
2336: (216, 232, 240)
2337: (224, 240, 240)
2338: (216, 232, 240)
2339: (208, 232, 240)
2340: (208, 232, 240)
2341: (224, 240, 240)
2342: (208, 232, 240)
2343: (208, 232, 240)
2344: (224, 240, 240)
2345: (200, 224, 232)
2346: (216, 232, 240)
2347: (224, 240, 240)
2348: (200, 224, 232)
2349: (200, 224, 232)
2350: (208, 232, 240)
2351: (200, 224, 232)
2352: (192, 224, 232)
2353: (192, 224, 232)
2354: (232, 240, 248)
2355: (224, 240, 240)
2356: (192, 224, 232)
2357: (224, 240, 240)
2358: (184, 224, 232)
2359: (208, 232, 240)
2360: (176, 216, 224)
2361: (160, 208, 224)
2362: (232, 240, 248)
2363: (176, 216, 232)
2364: (152, 208, 216)
2365: (224, 240, 240)
2366: (224, 240, 240)
2367: (216, 240, 240)
2368: (208, 232, 240)
2369: (216, 232, 240)
2370: (208, 232, 240)
2371: (152, 208, 216)
2372: (200, 224, 232)
2373: (208, 232, 240)
2374: (200, 224, 232)
2375: (192, 224, 232)
2376: (192, 224, 232)
2377: (176, 216, 224)
2378: (160, 208, 224)
2379: (160, 208, 224)
2380: (224, 240, 240)
2381: (176, 216, 232)
2382: (184, 224, 232)
2383: (160, 208, 224)
2384: (208, 232, 240)
2385: (168, 216, 224)
2386: (168, 208, 224)
2387: (208, 232, 240)
2388: (192, 224, 232)
2389: (184, 224, 232)
2390: (176, 216, 232)
2391: (152, 208, 216)
2392: (232, 240, 248)
2393: (240, 248, 248)
2394: (184, 224, 232)
2395: (192, 224, 232)
2396: (176, 216, 224)
2397: (208, 232, 240)
2398: (224, 240, 240)
2399: (232, 240, 248)
2400: (192, 224, 232)
2401: (224, 240, 240)
2402: (184, 224, 232)
2403: (168, 216, 224)
2404: (168, 216, 224)
2405: (208, 232, 240)
2406: (208, 232, 240)
2407: (216, 232, 240)
2408: (216, 232, 240)
2409: (224, 240, 240)
2410: (200, 224, 232)
2411: (232, 240, 248)
2412: (200, 224, 232)
2413: (216, 232, 240)
2414: (232, 240, 248)
2415: (192, 224, 232)
2416: (240, 248, 248)
2417: (192, 224, 232)
2418: (200, 224, 232)
2419: (184, 224, 232)
2420: (224, 240, 240)
2421: (208, 232, 240)
2422: (216, 232, 240)
2423: (200, 224, 232)
2424: (208, 232, 240)
2425: (224, 240, 240)
2426: (200, 224, 232)
2427: (208, 232, 240)
2428: (224, 240, 240)
2429: (200, 232, 232)
2430: (224, 240, 240)
2431: (224, 240, 240)
2432: (240, 248, 248)
2433: (224, 240, 240)
2434: (216, 232, 240)
2435: (168, 216, 224)
2436: (200, 224, 232)
2437: (168, 216, 224)
2438: (240, 248, 248)
2439: (184, 216, 232)
2440: (168, 208, 224)
2441: (240, 248, 248)
2442: (224, 240, 240)
2443: (224, 240, 240)
2444: (168, 216, 224)
2445: (176, 216, 224)
2446: (232, 240, 248)
2447: (192, 224, 232)
2448: (176, 216, 224)
2449: (160, 208, 224)
2450: (160, 208, 224)
2451: (232, 240, 248)
2452: (216, 232, 240)
2453: (200, 224, 232)
2454: (216, 232, 240)
2455: (200, 224, 232)
2456: (184, 224, 232)
2457: (208, 232, 240)
2458: (176, 216, 232)
2459: (176, 216, 224)
2460: (184, 224, 232)
2461: (168, 216, 224)
2462: (192, 224, 232)
2463: (176, 216, 224)
2464: (176, 216, 232)
2465: (176, 216, 224)
2466: (192, 224, 232)
2467: (176, 216, 224)
2468: (168, 216, 224)
2469: (200, 224, 232)
2470: (176, 216, 224)
2471: (208, 232, 240)
2472: (200, 224, 232)
2473: (200, 224, 232)
2474: (200, 232, 232)
2475: (192, 224, 232)
2476: (224, 240, 240)
2477: (216, 232, 240)
2478: (184, 224, 232)
2479: (184, 216, 232)
2480: (224, 240, 240)
2481: (192, 224, 232)
2482: (192, 224, 232)
2483: (184, 224, 232)
2484: (208, 232, 240)
2485: (184, 224, 232)
2486: (176, 216, 224)
2487: (168, 216, 224)
2488: (200, 224, 232)
2489: (216, 240, 240)
2490: (184, 216, 232)
2491: (216, 232, 240)
2492: (192, 224, 232)
2493: (208, 232, 240)
2494: (192, 224, 232)
2495: (208, 232, 240)
2496: (200, 224, 232)
2497: (208, 232, 240)
2498: (232, 240, 248)
2499: (192, 224, 232)
2500: (208, 232, 240)
2501: (200, 224, 232)
2502: (200, 224, 232)
2503: (200, 232, 232)
2504: (184, 224, 232)
2505: (208, 232, 240)
2506: (232, 240, 248)
2507: (176, 216, 224)
2508: (216, 232, 240)
2509: (208, 232, 240)
2510: (224, 240, 240)
2511: (240, 248, 248)
2512: (216, 232, 240)
2513: (224, 240, 240)
2514: (248, 248, 248)
2515: (224, 240, 240)
2516: (216, 232, 240)
2517: (240, 248, 248)
2518: (216, 240, 240)
2519: (208, 232, 240)
2520: (200, 224, 232)
2521: (208, 232, 240)
2522: (216, 232, 240)
2523: (216, 232, 240)
2524: (224, 240, 240)
2525: (224, 240, 240)
2526: (224, 240, 240)
2527: (232, 240, 248)
2528: (232, 240, 248)
2529: (240, 248, 248)
2530: (240, 248, 248)
2531: (248, 248, 248)
2532: (248, 248, 248)
2533: (248, 248, 248)
2534: (224, 240, 240)
2535: (144, 200, 216)
2536: (144, 200, 216)
2537: (144, 200, 216)
2538: (144, 200, 216)
2539: (144, 200, 216)
2540: (144, 200, 216)
2541: (144, 200, 216)
2542: (144, 200, 216)
2543: (144, 200, 216)
2544: (144, 200, 216)
2545: (144, 200, 216)
2546: (144, 200, 216)
2547: (144, 200, 216)
2548: (144, 200, 216)
2549: (144, 200, 216)
2550: (144, 200, 216)
2551: (144, 200, 216)
2552: (144, 200, 216)
2553: (144, 200, 216)
2554: (144, 200, 216)
2555: (144, 200, 216)
2556: (144, 200, 216)
2557: (144, 200, 216)
2558: (144, 200, 216)
2559: (144, 200, 216)
2560: (144, 200, 216)
2561: (144, 200, 216)
2562: (144, 200, 216)
2563: (144, 200, 216)
2564: (144, 200, 216)
2565: (144, 200, 216)
2566: (0, 0, 0)
2567: (136, 24, 32)
2568: (120, 16, 24)
2569: (128, 24, 32)
2570: (56, 72, 80)
2571: (56, 240, 240)
2572: (88, 120, 120)
2573: (72, 96, 96)
2574: (80, 104, 104)
2575: (88, 112, 112)
2576: (72, 88, 88)
2577: (64, 208, 200)
2578: (56, 168, 152)
2579: (40, 64, 56)
2580: (16, 32, 24)
2581: (40, 72, 56)
2582: (48, 80, 64)
2583: (24, 56, 40)
2584: (32, 64, 48)
2585: (24, 40, 32)
2586: (32, 48, 40)
2587: (40, 56, 48)
2588: (32, 88, 56)
2589: (24, 80, 48)
2590: (48, 88, 64)
2591: (64, 88, 72)
2592: (64, 96, 72)
2593: (32, 104, 48)
2594: (56, 112, 64)
2595: (72, 120, 72)
2596: (80, 128, 80)
2597: (48, 72, 48)
2598: (88, 120, 88)
2599: (80, 104, 80)
2600: (64, 80, 64)
2601: (104, 128, 104)
2602: (80, 96, 80)
2603: (64, 72, 64)
2604: (112, 120, 112)
2605: (104, 144, 96)
2606: (96, 128, 88)
2607: (120, 144, 104)
2608: (136, 160, 120)
2609: (128, 152, 112)
2610: (48, 64, 32)
2611: (56, 80, 32)
2612: (144, 168, 120)
2613: (72, 88, 48)
2614: (160, 176, 128)
2615: (96, 104, 80)
2616: (240, 240, 120)
2617: (240, 240, 184)
2618: (56, 56, 48)
2619: (176, 176, 152)
2620: (240, 240, 208)
2621: (64, 64, 56)
2622: (72, 72, 64)
2623: (80, 80, 72)
2624: (96, 96, 88)
2625: (88, 88, 80)
2626: (104, 104, 96)
2627: (240, 240, 224)
2628: (128, 128, 120)
2629: (112, 112, 104)
2630: (120, 120, 112)
2631: (136, 136, 128)
2632: (144, 144, 136)
2633: (240, 232, 96)
2634: (240, 232, 176)
2635: (232, 224, 184)
2636: (104, 88, 24)
2637: (240, 208, 88)
2638: (240, 200, 72)
2639: (240, 224, 168)
2640: (120, 112, 88)
2641: (216, 200, 160)
2642: (240, 216, 160)
2643: (104, 96, 80)
2644: (144, 136, 120)
2645: (168, 160, 144)
2646: (176, 168, 152)
2647: (240, 232, 216)
2648: (80, 56, 8)
2649: (56, 40, 8)
2650: (240, 184, 72)
2651: (160, 144, 112)
2652: (192, 184, 168)
2653: (184, 120, 8)
2654: (120, 80, 8)
2655: (96, 64, 8)
2656: (240, 168, 32)
2657: (104, 72, 16)
2658: (240, 176, 56)
2659: (240, 208, 152)
2660: (200, 192, 176)
2661: (200, 128, 8)
2662: (176, 112, 8)
2663: (160, 104, 8)
2664: (152, 96, 8)
2665: (136, 88, 8)
2666: (224, 144, 16)
2667: (88, 56, 8)
2668: (232, 152, 24)
2669: (144, 96, 16)
2670: (72, 48, 8)
2671: (240, 160, 32)
2672: (48, 32, 8)
2673: (216, 152, 48)
2674: (200, 144, 48)
2675: (232, 168, 64)
2676: (88, 64, 24)
2677: (192, 120, 8)
2678: (168, 104, 8)
2679: (216, 136, 16)
2680: (152, 104, 32)
2681: (104, 72, 24)
2682: (184, 128, 48)
2683: (168, 120, 48)
2684: (112, 80, 32)
2685: (208, 128, 16)
2686: (104, 64, 8)
2687: (128, 80, 16)
2688: (64, 40, 8)
2689: (112, 72, 16)
2690: (128, 88, 32)
2691: (240, 200, 144)
2692: (152, 128, 96)
2693: (240, 200, 152)
2694: (32, 24, 16)
2695: (168, 160, 152)
2696: (208, 200, 192)
2697: (40, 24, 8)
2698: (72, 56, 40)
2699: (80, 64, 48)
2700: (240, 192, 144)
2701: (216, 176, 136)
2702: (48, 40, 32)
2703: (152, 144, 136)
2704: (184, 176, 168)
2705: (216, 208, 200)
2706: (224, 216, 208)
2707: (72, 48, 24)
2708: (112, 88, 64)
2709: (144, 120, 96)
2710: (104, 88, 72)
2711: (128, 120, 112)
2712: (160, 152, 144)
2713: (136, 96, 64)
2714: (216, 160, 112)
2715: (224, 168, 120)
2716: (192, 144, 104)
2717: (240, 184, 136)
2718: (168, 128, 96)
2719: (224, 176, 136)
2720: (200, 160, 128)
2721: (208, 168, 136)
2722: (184, 128, 88)
2723: (232, 168, 120)
2724: (240, 176, 128)
2725: (160, 120, 88)
2726: (216, 160, 120)
2727: (136, 104, 80)
2728: (144, 112, 88)
2729: (176, 120, 80)
2730: (152, 104, 72)
2731: (192, 136, 96)
2732: (80, 56, 40)
2733: (112, 80, 56)
2734: (200, 144, 104)
2735: (208, 152, 112)
2736: (88, 64, 48)
2737: (176, 128, 96)
2738: (184, 136, 104)
2739: (192, 144, 112)
2740: (120, 96, 80)
2741: (200, 136, 96)
2742: (224, 160, 120)
2743: (232, 168, 128)
2744: (152, 112, 88)
2745: (96, 72, 56)
2746: (200, 152, 120)
2747: (104, 80, 64)
2748: (176, 120, 88)
2749: (128, 88, 64)
2750: (184, 128, 96)
2751: (144, 96, 72)
2752: (160, 112, 88)
2753: (128, 96, 80)
2754: (56, 40, 32)
2755: (168, 120, 96)
2756: (120, 88, 72)
2757: (176, 96, 64)
2758: (160, 104, 80)
2759: (160, 80, 56)
2760: (216, 112, 88)
2761: (144, 64, 48)
2762: (72, 24, 16)
2763: (240, 136, 120)
2764: (128, 56, 48)
2765: (160, 48, 40)
2766: (104, 8, 8)
2767: (56, 8, 8)
2768: (144, 32, 32)
2769: (88, 24, 24)
2770: (24, 8, 8)
2771: (104, 40, 40)
2772: (112, 48, 48)
2773: (40, 32, 32)
2774: (80, 72, 72)
2775: (96, 88, 88)
2776: (120, 112, 112)
2777: (96, 96, 96)
2778: (88, 88, 88)
2779: (80, 80, 80)
2780: (72, 72, 72)
2781: (64, 64, 64)
2782: (56, 56, 56)
2783: (48, 48, 48)
2784: (40, 40, 40)
2785: (32, 32, 32)
2786: (24, 24, 24)
2787: (16, 16, 16)
2788: (8, 8, 8)
2789: (0, 0, 0)
2790: (128, 8, 16)
2791: (0, 0, 0)
2792: (0, 0, 0)
2793: (0, 0, 0)
2794: (0, 0, 0)
2795: (0, 0, 0)
2796: (0, 0, 0)
2797: (0, 0, 0)
2798: (0, 0, 0)
2799: (0, 0, 0)
2800: (0, 0, 0)
2801: (0, 0, 0)
2802: (0, 0, 0)
2803: (0, 0, 0)
2804: (0, 0, 0)
2805: (0, 0, 0)
2806: (0, 0, 0)
2807: (0, 0, 0)
2808: (0, 0, 0)
2809: (0, 0, 0)
2810: (0, 0, 0)
2811: (0, 0, 0)
2812: (0, 0, 0)
2813: (0, 0, 0)
2814: (0, 0, 0)
2815: (0, 0, 0)
2816: (0, 0, 0)
2817: (0, 0, 0)
2818: (0, 0, 0)
2819: (0, 0, 0)
2820: (0, 0, 0)
2821: (0, 0, 0)
2822: (0, 0, 0)
2823: (232, 240, 240)
2824: (224, 232, 232)
2825: (216, 224, 232)
2826: (208, 224, 232)
2827: (208, 216, 216)
2828: (192, 208, 216)
2829: (184, 200, 208)
2830: (176, 192, 200)
2831: (168, 184, 192)
2832: (160, 176, 184)
2833: (152, 168, 176)
2834: (144, 160, 168)
2835: (136, 152, 160)
2836: (128, 144, 152)
2837: (120, 136, 144)
2838: (112, 128, 136)
2839: (104, 120, 128)
2840: (96, 112, 120)
2841: (88, 104, 112)
2842: (80, 96, 104)
2843: (72, 88, 96)
2844: (64, 80, 88)
2845: (56, 72, 80)
2846: (56, 64, 80)
2847: (48, 56, 72)
2848: (40, 48, 64)
2849: (32, 40, 56)
2850: (24, 32, 48)
2851: (24, 32, 48)
2852: (16, 16, 16)
2853: (0, 0, 0)
2854: (0, 0, 0)
2855: (40, 32, 32)
2856: (48, 40, 32)
2857: (64, 56, 40)
2858: (80, 64, 48)
2859: (96, 80, 56)
2860: (104, 88, 64)
2861: (120, 104, 72)
2862: (136, 120, 80)
2863: (152, 128, 80)
2864: (168, 144, 88)
2865: (176, 152, 96)
2866: (192, 168, 104)
2867: (208, 176, 112)
2868: (224, 192, 120)
2869: (240, 208, 128)
2870: (248, 224, 136)
2871: (248, 240, 144)
2872: (208, 184, 144)
2873: (176, 160, 136)
2874: (96, 88, 72)
2875: (104, 104, 96)
2876: (120, 120, 112)
2877: (144, 136, 120)
2878: (152, 152, 152)
2879: (168, 168, 168)
2880: (176, 176, 176)
2881: (184, 184, 184)
2882: (48, 8, 0)
2883: (72, 16, 8)
2884: (120, 32, 24)
2885: (168, 64, 56)
2886: (8, 8, 8)
2887: (0, 0, 40)
2888: (0, 0, 72)
2889: (0, 0, 104)
2890: (0, 0, 144)
2891: (0, 0, 176)
2892: (0, 0, 208)
2893: (0, 0, 248)
2894: (24, 24, 248)
2895: (56, 56, 248)
2896: (88, 88, 248)
2897: (120, 120, 248)
2898: (152, 152, 248)
2899: (184, 184, 248)
2900: (216, 216, 248)
2901: (248, 248, 248)
2902: (8, 8, 8)
2903: (40, 0, 0)
2904: (72, 0, 0)
2905: (104, 0, 0)
2906: (144, 0, 0)
2907: (176, 0, 0)
2908: (208, 0, 0)
2909: (248, 0, 0)
2910: (248, 24, 24)
2911: (248, 56, 56)
2912: (248, 88, 88)
2913: (248, 120, 120)
2914: (248, 152, 152)
2915: (248, 184, 184)
2916: (248, 216, 216)
2917: (248, 248, 248)
2918: (8, 8, 8)
2919: (0, 24, 24)
2920: (0, 40, 0)
2921: (0, 56, 0)
2922: (0, 72, 0)
2923: (0, 88, 0)
2924: (0, 104, 0)
2925: (0, 128, 0)
2926: (24, 136, 24)
2927: (56, 152, 56)
2928: (88, 168, 88)
2929: (120, 184, 120)
2930: (152, 200, 152)
2931: (184, 216, 184)
2932: (216, 232, 216)
2933: (248, 248, 248)
2934: (32, 0, 0)
2935: (40, 0, 0)
2936: (48, 0, 0)
2937: (56, 8, 8)
2938: (64, 8, 8)
2939: (72, 16, 8)
2940: (80, 16, 16)
2941: (88, 24, 16)
2942: (104, 24, 16)
2943: (112, 32, 24)
2944: (120, 32, 24)
2945: (128, 40, 24)
2946: (136, 40, 32)
2947: (144, 48, 32)
2948: (152, 48, 32)
2949: (168, 56, 40)
2950: (168, 56, 40)
2951: (168, 56, 40)
2952: (176, 64, 48)
2953: (184, 72, 56)
2954: (184, 72, 56)
2955: (192, 80, 64)
2956: (200, 88, 72)
2957: (200, 88, 72)
2958: (208, 96, 80)
2959: (216, 104, 88)
2960: (216, 104, 88)
2961: (224, 112, 96)
2962: (232, 120, 104)
2963: (232, 120, 104)
2964: (240, 128, 112)
2965: (248, 136, 120)
2966: (0, 0, 0)
2967: (0, 0, 0)
2968: (0, 0, 0)
2969: (0, 0, 0)
2970: (0, 0, 0)
2971: (0, 0, 0)
2972: (0, 0, 0)
2973: (0, 0, 0)
2974: (0, 0, 0)
2975: (0, 0, 0)
2976: (0, 0, 0)
2977: (0, 0, 0)
2978: (0, 0, 0)
2979: (0, 0, 0)
2980: (0, 0, 0)
2981: (0, 0, 0)
2982: (0, 0, 0)
2983: (0, 0, 0)
2984: (0, 0, 0)
2985: (0, 0, 0)
2986: (0, 0, 0)
2987: (0, 0, 0)
2988: (0, 0, 0)
2989: (0, 0, 0)
2990: (0, 0, 0)
2991: (0, 0, 0)
2992: (0, 0, 0)
2993: (0, 0, 0)
2994: (0, 0, 0)
2995: (0, 0, 0)
2996: (0, 0, 0)
2997: (0, 0, 0)
2998: (0, 0, 0)
2999: (0, 0, 0)
3000: (0, 0, 0)
3001: (0, 0, 0)
3002: (0, 0, 0)
3003: (0, 0, 0)
3004: (0, 0, 0)
3005: (0, 0, 0)
3006: (0, 0, 0)
3007: (0, 0, 0)
3008: (0, 0, 0)
3009: (0, 0, 0)
3010: (0, 0, 0)
3011: (0, 0, 0)
3012: (0, 0, 0)
3013: (0, 0, 0)
3014: (0, 0, 0)
3015: (0, 0, 0)
3016: (0, 0, 0)
3017: (0, 0, 0)
3018: (0, 0, 0)
3019: (0, 0, 0)
3020: (0, 0, 0)
3021: (0, 0, 0)
3022: (0, 0, 0)
3023: (0, 0, 0)
3024: (0, 0, 0)
3025: (0, 0, 0)
3026: (0, 0, 0)
3027: (0, 0, 0)
3028: (0, 0, 0)
3029: (0, 0, 0)
3030: (0, 0, 0)
3031: (0, 0, 0)
3032: (0, 0, 0)
3033: (0, 0, 0)
3034: (0, 0, 0)
3035: (0, 0, 0)
3036: (0, 0, 0)
3037: (0, 0, 0)
3038: (0, 0, 0)
3039: (0, 0, 0)
3040: (0, 0, 0)
3041: (0, 0, 0)
3042: (0, 0, 0)
3043: (0, 0, 0)
3044: (0, 0, 0)
3045: (0, 0, 0)
3046: (0, 0, 0)
3047: (0, 0, 0)
3048: (0, 0, 0)
3049: (0, 0, 0)
3050: (0, 0, 0)
3051: (0, 0, 0)
3052: (0, 0, 0)
3053: (0, 0, 0)
3054: (0, 0, 0)
3055: (0, 0, 0)
3056: (0, 0, 0)
3057: (0, 0, 0)
3058: (0, 0, 0)
3059: (0, 0, 0)
3060: (0, 0, 0)
3061: (0, 0, 0)
3062: (0, 0, 0)
3063: (0, 0, 0)
3064: (0, 0, 0)
3065: (0, 0, 0)
3066: (0, 0, 0)
3067: (0, 0, 0)
3068: (0, 0, 0)
3069: (0, 0, 0)
3070: (0, 0, 0)
3071: (0, 0, 0)
3072: (0, 0, 0)
3073: (0, 0, 0)
3074: (0, 0, 0)
3075: (0, 0, 0)
3076: (0, 0, 0)
3077: (0, 0, 0)
3078: (208, 200, 208)
3079: (24, 16, 64)
3080: (24, 16, 72)
3081: (24, 24, 32)
3082: (32, 32, 40)
3083: (40, 40, 48)
3084: (72, 72, 80)
3085: (168, 168, 200)
3086: (16, 24, 48)
3087: (144, 160, 184)
3088: (8, 24, 56)
3089: (24, 32, 48)
3090: (48, 56, 72)
3091: (136, 144, 168)
3092: (128, 136, 160)
3093: (120, 128, 144)
3094: (0, 16, 40)
3095: (16, 32, 56)
3096: (0, 24, 48)
3097: (0, 16, 32)
3098: (8, 24, 40)
3099: (16, 32, 48)
3100: (24, 40, 56)
3101: (32, 48, 64)
3102: (72, 96, 120)
3103: (24, 32, 40)
3104: (88, 112, 136)
3105: (32, 40, 48)
3106: (104, 128, 152)
3107: (80, 96, 112)
3108: (40, 48, 56)
3109: (48, 56, 64)
3110: (56, 64, 72)
3111: (64, 72, 80)
3112: (136, 152, 168)
3113: (80, 88, 96)
3114: (88, 96, 104)
3115: (96, 104, 112)
3116: (104, 112, 120)
3117: (112, 120, 128)
3118: (120, 128, 136)
3119: (128, 136, 144)
3120: (136, 144, 152)
3121: (152, 160, 168)
3122: (160, 168, 176)
3123: (104, 120, 128)
3124: (24, 72, 112)
3125: (96, 104, 120)
3126: (0, 40, 72)
3127: (8, 48, 80)
3128: (40, 72, 96)
3129: (56, 88, 112)
3130: (72, 104, 128)
3131: (80, 88, 104)
3132: (8, 32, 48)
3133: (24, 48, 64)
3134: (32, 56, 72)
3135: (40, 64, 80)
3136: (56, 80, 96)
3137: (112, 136, 152)
3138: (16, 56, 80)
3139: (0, 64, 96)
3140: (0, 32, 48)
3141: (8, 40, 56)
3142: (16, 48, 64)
3143: (24, 56, 72)
3144: (32, 64, 80)
3145: (16, 32, 40)
3146: (24, 40, 48)
3147: (56, 88, 104)
3148: (96, 144, 168)
3149: (64, 96, 112)
3150: (32, 48, 56)
3151: (40, 56, 64)
3152: (48, 64, 72)
3153: (112, 128, 136)
3154: (120, 136, 144)
3155: (128, 144, 152)
3156: (136, 152, 160)
3157: (184, 200, 208)
3158: (0, 56, 80)
3159: (0, 40, 56)
3160: (8, 48, 64)
3161: (16, 56, 72)
3162: (32, 88, 112)
3163: (24, 64, 80)
3164: (40, 72, 88)
3165: (24, 56, 72)
3166: (32, 56, 64)
3167: (40, 64, 72)
3168: (48, 72, 80)
3169: (56, 80, 88)
3170: (64, 88, 96)
3171: (72, 96, 104)
3172: (96, 120, 128)
3173: (104, 128, 136)
3174: (112, 136, 144)
3175: (120, 144, 152)
3176: (128, 152, 160)
3177: (136, 160, 168)
3178: (152, 176, 184)
3179: (16, 48, 56)
3180: (24, 56, 64)
3181: (40, 72, 80)
3182: (72, 104, 112)
3183: (88, 120, 128)
3184: (24, 64, 72)
3185: (40, 80, 88)
3186: (0, 48, 56)
3187: (8, 56, 64)
3188: (16, 64, 72)
3189: (8, 64, 72)
3190: (80, 112, 112)
3191: (40, 56, 56)
3192: (64, 88, 88)
3193: (72, 96, 96)
3194: (48, 64, 64)
3195: (104, 136, 136)
3196: (56, 72, 72)
3197: (88, 112, 112)
3198: (32, 40, 40)
3199: (72, 88, 88)
3200: (120, 144, 144)
3201: (80, 96, 96)
3202: (40, 48, 48)
3203: (88, 104, 104)
3204: (96, 112, 112)
3205: (48, 56, 56)
3206: (104, 120, 120)
3207: (112, 128, 128)
3208: (120, 136, 136)
3209: (128, 144, 144)
3210: (64, 72, 72)
3211: (136, 152, 152)
3212: (72, 80, 80)
3213: (152, 168, 168)
3214: (80, 88, 88)
3215: (88, 96, 96)
3216: (184, 200, 200)
3217: (96, 104, 104)
3218: (104, 112, 112)
3219: (112, 120, 120)
3220: (128, 136, 136)
3221: (120, 128, 128)
3222: (136, 144, 144)
3223: (144, 152, 152)
3224: (160, 168, 168)
3225: (152, 160, 160)
3226: (168, 176, 176)
3227: (192, 200, 200)
3228: (184, 192, 192)
3229: (208, 216, 216)
3230: (200, 248, 240)
3231: (96, 128, 120)
3232: (80, 104, 96)
3233: (0, 248, 128)
3234: (88, 104, 96)
3235: (24, 64, 0)
3236: (72, 72, 48)
3237: (48, 48, 32)
3238: (72, 72, 56)
3239: (144, 136, 112)
3240: (104, 96, 80)
3241: (128, 120, 96)
3242: (72, 64, 48)
3243: (88, 80, 64)
3244: (112, 88, 64)
3245: (96, 80, 64)
3246: (80, 64, 56)
3247: (184, 48, 0)
3248: (72, 48, 40)
3249: (80, 56, 48)
3250: (128, 0, 0)
3251: (168, 168, 168)
3252: (32, 32, 32)
3253: (24, 24, 24)
3254: (0, 0, 0)
3255: (0, 0, 0)
3256: (0, 0, 0)
3257: (0, 0, 0)
3258: (0, 0, 0)
3259: (0, 0, 0)
3260: (0, 0, 0)
3261: (0, 0, 0)
3262: (0, 0, 0)
3263: (0, 0, 0)
3264: (0, 0, 0)
3265: (0, 0, 0)
3266: (0, 0, 0)
3267: (0, 0, 0)
3268: (0, 0, 0)
3269: (0, 0, 0)
3270: (0, 0, 0)
3271: (0, 0, 0)
3272: (0, 0, 0)
3273: (0, 0, 0)
3274: (0, 0, 0)
3275: (0, 0, 0)
3276: (0, 0, 0)
3277: (0, 0, 0)
3278: (0, 0, 0)
3279: (0, 0, 0)
3280: (0, 0, 0)
3281: (0, 0, 0)
3282: (0, 0, 0)
3283: (0, 0, 0)
3284: (0, 0, 0)
3285: (0, 0, 0)
3286: (0, 0, 0)
3287: (0, 0, 0)
3288: (0, 0, 0)
3289: (0, 0, 0)
3290: (0, 0, 0)
3291: (0, 0, 0)
3292: (0, 0, 0)
3293: (0, 0, 0)
3294: (0, 0, 0)
3295: (0, 0, 0)
3296: (0, 0, 0)
3297: (0, 0, 0)
3298: (0, 0, 0)
3299: (0, 0, 0)
3300: (0, 0, 0)
3301: (0, 0, 0)
3302: (0, 0, 0)
3303: (0, 0, 0)
3304: (0, 0, 0)
3305: (0, 0, 0)
3306: (0, 0, 0)
3307: (0, 0, 0)
3308: (0, 0, 0)
3309: (0, 0, 0)
3310: (0, 0, 0)
3311: (0, 0, 0)
3312: (0, 0, 0)
3313: (0, 0, 0)
3314: (0, 0, 0)
3315: (0, 0, 0)
3316: (0, 0, 0)
3317: (0, 0, 0)
3318: (0, 0, 0)
3319: (0, 0, 0)
3320: (0, 0, 0)
3321: (0, 0, 0)
3322: (0, 0, 0)
3323: (0, 0, 0)
3324: (0, 0, 0)
3325: (0, 0, 0)
3326: (0, 0, 0)
3327: (0, 0, 0)
3328: (0, 0, 0)
3329: (0, 0, 0)
3330: (0, 0, 0)
3331: (0, 0, 0)
3332: (0, 0, 0)
3333: (0, 0, 0)
3334: (0, 0, 0)
3335: (0, 0, 0)
3336: (0, 0, 0)
3337: (0, 0, 0)
3338: (0, 0, 0)
3339: (0, 0, 0)
3340: (0, 0, 0)
3341: (0, 0, 0)
3342: (0, 0, 0)
3343: (0, 0, 0)
3344: (0, 0, 0)
3345: (0, 0, 0)
3346: (0, 0, 0)
3347: (0, 0, 0)
3348: (0, 0, 0)
3349: (0, 0, 0)
3350: (0, 0, 0)
3351: (0, 0, 0)
3352: (0, 0, 0)
3353: (0, 0, 0)
3354: (0, 0, 0)
3355: (0, 0, 0)
3356: (0, 0, 0)
3357: (0, 0, 0)
3358: (0, 0, 0)
3359: (0, 0, 0)
3360: (0, 0, 0)
3361: (0, 0, 0)
3362: (0, 0, 0)
3363: (0, 0, 0)
3364: (0, 0, 0)
3365: (0, 0, 0)
3366: (0, 0, 0)
3367: (0, 0, 0)
3368: (0, 0, 0)
3369: (0, 0, 0)
3370: (0, 0, 0)
3371: (0, 0, 0)
3372: (0, 0, 0)
3373: (0, 0, 0)
3374: (0, 0, 0)
3375: (0, 0, 0)
3376: (0, 0, 0)
3377: (0, 0, 0)
3378: (0, 0, 0)
3379: (0, 0, 0)
3380: (0, 0, 0)
3381: (0, 0, 0)
3382: (0, 0, 0)
3383: (0, 0, 0)
3384: (0, 0, 0)
3385: (0, 0, 0)
3386: (0, 0, 0)
3387: (0, 0, 0)
3388: (0, 0, 0)
3389: (0, 0, 0)
3390: (0, 0, 0)
3391: (0, 0, 0)
3392: (0, 0, 0)
3393: (0, 0, 0)
3394: (0, 0, 0)
3395: (0, 0, 0)
3396: (0, 0, 0)
3397: (0, 0, 0)
3398: (0, 0, 0)
3399: (0, 0, 0)
3400: (0, 0, 0)
3401: (0, 0, 0)
3402: (0, 0, 0)
3403: (0, 0, 0)
3404: (0, 0, 0)
3405: (0, 0, 0)
3406: (0, 0, 0)
3407: (0, 0, 0)
3408: (0, 0, 0)
3409: (0, 0, 0)
3410: (0, 0, 0)
3411: (0, 0, 0)
3412: (0, 0, 0)
3413: (0, 0, 0)
3414: (0, 0, 0)
3415: (0, 0, 0)
3416: (0, 0, 0)
3417: (0, 0, 0)
3418: (0, 0, 0)
3419: (0, 0, 0)
3420: (0, 0, 0)
3421: (0, 0, 0)
3422: (0, 0, 0)
3423: (0, 0, 0)
3424: (0, 0, 0)
3425: (0, 0, 0)
3426: (0, 0, 0)
3427: (0, 0, 0)
3428: (0, 0, 0)
3429: (0, 0, 0)
3430: (0, 0, 0)
3431: (0, 0, 0)
3432: (0, 0, 0)
3433: (0, 0, 0)
3434: (0, 0, 0)
3435: (0, 0, 0)
3436: (0, 0, 0)
3437: (0, 0, 0)
3438: (0, 0, 0)
3439: (0, 0, 0)
3440: (0, 0, 0)
3441: (0, 0, 0)
3442: (0, 0, 0)
3443: (0, 0, 0)
3444: (0, 0, 0)
3445: (0, 0, 0)
3446: (0, 0, 0)
3447: (0, 0, 0)
3448: (0, 0, 0)
3449: (0, 0, 0)
3450: (0, 0, 0)
3451: (0, 0, 0)
3452: (0, 0, 0)
3453: (0, 0, 0)
3454: (0, 0, 0)
3455: (0, 0, 0)
3456: (0, 0, 0)
3457: (0, 0, 0)
3458: (0, 0, 0)
3459: (0, 0, 0)
3460: (0, 0, 0)
3461: (0, 0, 0)
3462: (0, 0, 0)
3463: (0, 0, 0)
3464: (0, 0, 0)
3465: (0, 0, 0)
3466: (0, 0, 0)
3467: (0, 0, 0)
3468: (0, 0, 0)
3469: (0, 0, 0)
3470: (0, 0, 0)
3471: (0, 0, 0)
3472: (0, 0, 0)
3473: (0, 0, 0)
3474: (0, 0, 0)
3475: (0, 0, 0)
3476: (0, 0, 0)
3477: (0, 0, 0)
3478: (0, 0, 0)
3479: (0, 0, 0)
3480: (0, 0, 0)
3481: (0, 0, 0)
3482: (0, 0, 0)
3483: (0, 0, 0)
3484: (0, 0, 0)
3485: (0, 0, 0)
3486: (0, 0, 0)
3487: (0, 0, 0)
3488: (0, 0, 0)
3489: (0, 0, 0)
3490: (0, 0, 0)
3491: (0, 0, 0)
3492: (0, 0, 0)
3493: (0, 0, 0)
3494: (0, 0, 0)
3495: (0, 0, 0)
3496: (0, 0, 0)
3497: (0, 0, 0)
3498: (0, 0, 0)
3499: (0, 0, 0)
3500: (0, 0, 0)
3501: (0, 0, 0)
3502: (0, 0, 0)
3503: (0, 0, 0)
3504: (0, 0, 0)
3505: (0, 0, 0)
3506: (0, 0, 0)
3507: (0, 0, 0)
3508: (0, 0, 0)
3509: (0, 0, 0)
3510: (0, 0, 0)
3511: (0, 0, 0)
3512: (0, 0, 0)
3513: (0, 0, 0)
3514: (0, 0, 0)
3515: (0, 0, 0)
3516: (0, 0, 0)
3517: (0, 0, 0)
3518: (0, 0, 0)
3519: (0, 0, 0)
3520: (0, 0, 0)
3521: (0, 0, 0)
3522: (0, 0, 0)
3523: (0, 0, 0)
3524: (0, 0, 0)
3525: (0, 0, 0)
3526: (0, 0, 0)
3527: (0, 0, 0)
3528: (0, 0, 0)
3529: (0, 0, 0)
3530: (0, 0, 0)
3531: (0, 0, 0)
3532: (0, 0, 0)
3533: (0, 0, 0)
3534: (0, 0, 0)
3535: (0, 0, 0)
3536: (0, 0, 0)
3537: (0, 0, 0)
3538: (0, 0, 0)
3539: (0, 0, 0)
3540: (0, 0, 0)
3541: (0, 0, 0)
3542: (0, 0, 0)
3543: (0, 0, 0)
3544: (0, 0, 0)
3545: (0, 0, 0)
3546: (0, 0, 0)
3547: (0, 0, 0)
3548: (0, 0, 0)
3549: (0, 0, 0)
3550: (0, 0, 0)
3551: (0, 0, 0)
3552: (0, 0, 0)
3553: (0, 0, 0)
3554: (0, 0, 0)
3555: (0, 0, 0)
3556: (0, 0, 0)
3557: (0, 0, 0)
3558: (0, 0, 0)
3559: (0, 0, 0)
3560: (0, 0, 0)
3561: (0, 0, 0)
3562: (0, 0, 0)
3563: (0, 0, 0)
3564: (0, 0, 0)
3565: (0, 0, 0)
3566: (0, 0, 0)
3567: (0, 0, 0)
3568: (0, 0, 0)
3569: (0, 0, 0)
3570: (0, 0, 0)
3571: (0, 0, 0)
3572: (0, 0, 0)
3573: (0, 0, 0)
3574: (0, 0, 0)
3575: (0, 0, 0)
3576: (0, 0, 0)
3577: (0, 0, 0)
3578: (0, 0, 0)
3579: (0, 0, 0)
3580: (0, 0, 0)
3581: (0, 0, 0)
3582: (0, 0, 0)
3583: (0, 0, 0)
3584: (0, 0, 0)
3585: (0, 0, 0)
3586: (0, 0, 0)
3587: (0, 0, 0)
3588: (0, 0, 0)
3589: (0, 0, 0)
3590: (0, 0, 0)
3591: (0, 0, 0)
3592: (0, 0, 0)
3593: (0, 0, 0)
3594: (0, 0, 0)
3595: (0, 0, 0)
3596: (0, 0, 0)
3597: (0, 0, 0)
3598: (0, 0, 0)
3599: (0, 0, 0)
3600: (0, 0, 0)
3601: (0, 0, 0)
3602: (0, 0, 0)
3603: (0, 0, 0)
3604: (0, 0, 0)
3605: (0, 0, 0)
3606: (0, 0, 0)
3607: (0, 0, 0)
3608: (0, 0, 0)
3609: (0, 0, 0)
3610: (0, 0, 0)
3611: (0, 0, 0)
3612: (0, 0, 0)
3613: (0, 0, 0)
3614: (0, 0, 0)
3615: (0, 0, 0)
3616: (0, 0, 0)
3617: (0, 0, 0)
3618: (0, 0, 0)
3619: (0, 0, 0)
3620: (0, 0, 0)
3621: (0, 0, 0)
3622: (0, 0, 0)
3623: (0, 0, 0)
3624: (0, 0, 0)
3625: (0, 0, 0)
3626: (0, 0, 0)
3627: (0, 0, 0)
3628: (0, 0, 0)
3629: (0, 0, 0)
3630: (0, 0, 0)
3631: (0, 0, 0)
3632: (0, 0, 0)
3633: (0, 0, 0)
3634: (0, 0, 0)
3635: (0, 0, 0)
3636: (0, 0, 0)
3637: (0, 0, 0)
3638: (0, 0, 0)
3639: (0, 0, 0)
3640: (0, 0, 0)
3641: (0, 0, 0)
3642: (0, 0, 0)
3643: (0, 0, 0)
3644: (0, 0, 0)
3645: (0, 0, 0)
3646: (0, 0, 0)
3647: (0, 0, 0)
3648: (0, 0, 0)
3649: (0, 0, 0)
3650: (0, 0, 0)
3651: (0, 0, 0)
3652: (0, 0, 0)
3653: (0, 0, 0)
3654: (0, 0, 0)
3655: (0, 0, 0)
3656: (0, 0, 0)
3657: (0, 0, 0)
3658: (0, 0, 0)
3659: (0, 0, 0)
3660: (0, 0, 0)
3661: (0, 0, 0)
3662: (0, 0, 0)
3663: (0, 0, 0)
3664: (0, 0, 0)
3665: (0, 0, 0)
3666: (0, 0, 0)
3667: (0, 0, 0)
3668: (0, 0, 0)
3669: (0, 0, 0)
3670: (0, 0, 0)
3671: (0, 0, 0)
3672: (0, 0, 0)
3673: (0, 0, 0)
3674: (0, 0, 0)
3675: (0, 0, 0)
3676: (0, 0, 0)
3677: (0, 0, 0)
3678: (0, 0, 0)
3679: (0, 0, 0)
3680: (0, 0, 0)
3681: (0, 0, 0)
3682: (0, 0, 0)
3683: (0, 0, 0)
3684: (0, 0, 0)
3685: (0, 0, 0)
3686: (0, 0, 0)
3687: (0, 0, 0)
3688: (0, 0, 0)
3689: (0, 0, 0)
3690: (0, 0, 0)
3691: (0, 0, 0)
3692: (0, 0, 0)
3693: (0, 0, 0)
3694: (0, 0, 0)
3695: (0, 0, 0)
3696: (0, 0, 0)
3697: (0, 0, 0)
3698: (0, 0, 0)
3699: (0, 0, 0)
3700: (0, 0, 0)
3701: (0, 0, 0)
3702: (0, 0, 0)
3703: (0, 0, 0)
3704: (0, 0, 0)
3705: (0, 0, 0)
3706: (0, 0, 0)
3707: (0, 0, 0)
3708: (0, 0, 0)
3709: (0, 0, 0)
3710: (0, 0, 0)
3711: (0, 0, 0)
3712: (0, 0, 0)
3713: (0, 0, 0)
3714: (0, 0, 0)
3715: (0, 0, 0)
3716: (0, 0, 0)
3717: (0, 0, 0)
3718: (0, 0, 0)
3719: (0, 0, 0)
3720: (0, 0, 0)
3721: (0, 0, 0)
3722: (0, 0, 0)
3723: (0, 0, 0)
3724: (0, 0, 0)
3725: (0, 0, 0)
3726: (0, 0, 0)
3727: (0, 0, 0)
3728: (0, 0, 0)
3729: (0, 0, 0)
3730: (0, 0, 0)
3731: (0, 0, 0)
3732: (0, 0, 0)
3733: (0, 0, 0)
3734: (0, 0, 0)
3735: (0, 0, 0)
3736: (0, 0, 0)
3737: (0, 0, 0)
3738: (0, 0, 0)
3739: (0, 0, 0)
3740: (0, 0, 0)
3741: (0, 0, 0)
3742: (0, 0, 0)
3743: (0, 0, 0)
3744: (0, 0, 0)
3745: (0, 0, 0)
3746: (0, 0, 0)
3747: (0, 0, 0)
3748: (0, 0, 0)
3749: (0, 0, 0)
3750: (0, 0, 0)
3751: (0, 0, 0)
3752: (0, 0, 0)
3753: (0, 0, 0)
3754: (0, 0, 0)
3755: (0, 0, 0)
3756: (0, 0, 0)
3757: (0, 0, 0)
3758: (0, 0, 0)
3759: (0, 0, 0)
3760: (0, 0, 0)
3761: (0, 0, 0)
3762: (0, 0, 0)
3763: (0, 0, 0)
3764: (0, 0, 0)
3765: (0, 0, 0)
3766: (0, 0, 0)
3767: (0, 0, 0)
3768: (0, 0, 0)
3769: (0, 0, 0)
3770: (0, 0, 0)
3771: (0, 0, 0)
3772: (0, 0, 0)
3773: (0, 0, 0)
3774: (0, 0, 0)
3775: (0, 0, 0)
3776: (0, 0, 0)
3777: (0, 0, 0)
3778: (0, 0, 0)
3779: (0, 0, 0)
3780: (0, 0, 0)
3781: (0, 0, 0)
3782: (0, 0, 0)
3783: (0, 0, 0)
3784: (0, 0, 0)
3785: (0, 0, 0)
3786: (0, 0, 0)
3787: (0, 0, 0)
3788: (0, 0, 0)
3789: (0, 0, 0)
3790: (0, 0, 0)
3791: (0, 0, 0)
3792: (0, 0, 0)
3793: (0, 0, 0)
3794: (0, 0, 0)
3795: (0, 0, 0)
3796: (0, 0, 0)
3797: (0, 0, 0)
3798: (0, 0, 0)
3799: (0, 0, 0)
3800: (0, 0, 0)
3801: (0, 0, 0)
3802: (0, 0, 0)
3803: (0, 0, 0)
3804: (0, 0, 0)
3805: (0, 0, 0)
3806: (0, 0, 0)
3807: (0, 0, 0)
3808: (0, 0, 0)
3809: (0, 0, 0)
3810: (0, 0, 0)
3811: (0, 0, 0)
3812: (0, 0, 0)
3813: (0, 0, 0)
3814: (0, 0, 0)
3815: (0, 0, 0)
3816: (0, 0, 0)
3817: (0, 0, 0)
3818: (0, 0, 0)
3819: (0, 0, 0)
3820: (0, 0, 0)
3821: (0, 0, 0)
3822: (0, 0, 0)
3823: (0, 0, 0)
3824: (0, 0, 0)
3825: (0, 0, 0)
3826: (0, 0, 0)
3827: (0, 0, 0)
3828: (0, 0, 0)
3829: (0, 0, 0)
3830: (0, 0, 0)
3831: (0, 0, 0)
3832: (0, 0, 0)
3833: (0, 0, 0)
3834: (0, 0, 0)
3835: (0, 0, 0)
3836: (0, 0, 0)
3837: (0, 0, 0)
3838: (0, 0, 0)
3839: (0, 0, 0)
3840: (0, 0, 0)
3841: (0, 0, 0)
3842: (0, 0, 0)
3843: (0, 0, 0)
3844: (0, 0, 0)
3845: (0, 0, 0)
3846: (0, 0, 0)
3847: (0, 0, 0)
3848: (0, 0, 0)
3849: (0, 0, 0)
3850: (0, 0, 0)
3851: (0, 0, 0)
3852: (0, 0, 0)
3853: (0, 0, 0)
3854: (0, 0, 0)
3855: (0, 0, 0)
3856: (0, 0, 0)
3857: (0, 0, 0)
3858: (0, 0, 0)
3859: (0, 0, 0)
3860: (0, 0, 0)
3861: (0, 0, 0)
3862: (0, 0, 0)
3863: (0, 0, 0)
3864: (0, 0, 0)
3865: (0, 0, 0)
3866: (0, 0, 0)
3867: (0, 0, 0)
3868: (0, 0, 0)
3869: (0, 0, 0)
3870: (0, 0, 0)
3871: (0, 0, 0)
3872: (0, 0, 0)
3873: (0, 0, 0)
3874: (0, 0, 0)
3875: (0, 0, 0)
3876: (0, 0, 0)
3877: (0, 0, 0)
3878: (0, 0, 0)
3879: (0, 0, 0)
3880: (0, 0, 0)
3881: (0, 0, 0)
3882: (0, 0, 0)
3883: (0, 0, 0)
3884: (0, 0, 0)
3885: (0, 0, 0)
3886: (0, 0, 0)
3887: (0, 0, 0)
3888: (0, 0, 0)
3889: (0, 0, 0)
3890: (0, 0, 0)
3891: (0, 0, 0)
3892: (0, 0, 0)
3893: (0, 0, 0)
3894: (0, 0, 0)
3895: (0, 0, 0)
3896: (0, 0, 0)
3897: (0, 0, 0)
3898: (0, 0, 0)
3899: (0, 0, 0)
3900: (0, 0, 0)
3901: (0, 0, 0)
3902: (0, 0, 0)
3903: (0, 0, 0)
3904: (0, 0, 0)
3905: (0, 0, 0)
3906: (0, 0, 0)
3907: (0, 0, 0)
3908: (0, 0, 0)
3909: (0, 0, 0)
3910: (0, 0, 0)
3911: (0, 0, 0)
3912: (0, 0, 0)
3913: (0, 0, 0)
3914: (0, 0, 0)
3915: (0, 0, 0)
3916: (0, 0, 0)
3917: (0, 0, 0)
3918: (0, 0, 0)
3919: (0, 0, 0)
3920: (0, 0, 0)
3921: (0, 0, 0)
3922: (0, 0, 0)
3923: (0, 0, 0)
3924: (0, 0, 0)
3925: (0, 0, 0)
3926: (0, 0, 0)
3927: (0, 0, 0)
3928: (0, 0, 0)
3929: (0, 0, 0)
3930: (0, 0, 0)
3931: (0, 0, 0)
3932: (0, 0, 0)
3933: (0, 0, 0)
3934: (0, 0, 0)
3935: (0, 0, 0)
3936: (0, 0, 0)
3937: (0, 0, 0)
3938: (0, 0, 0)
3939: (0, 0, 0)
3940: (0, 0, 0)
3941: (0, 0, 0)
3942: (0, 0, 0)
3943: (0, 0, 0)
3944: (0, 0, 0)
3945: (0, 0, 0)
3946: (0, 0, 0)
3947: (0, 0, 0)
3948: (0, 0, 0)
3949: (0, 0, 0)
3950: (0, 0, 0)
3951: (0, 0, 0)
3952: (0, 0, 0)
3953: (0, 0, 0)
3954: (0, 0, 0)
3955: (0, 0, 0)
3956: (0, 0, 0)
3957: (0, 0, 0)
3958: (0, 0, 0)
3959: (0, 0, 0)
3960: (0, 0, 0)
3961: (0, 0, 0)
3962: (0, 0, 0)
3963: (0, 0, 0)
3964: (0, 0, 0)
3965: (0, 0, 0)
3966: (0, 0, 0)
3967: (0, 0, 0)
3968: (0, 0, 0)
3969: (0, 0, 0)
3970: (0, 0, 0)
3971: (0, 0, 0)
3972: (0, 0, 0)
3973: (0, 0, 0)
3974: (0, 0, 0)
3975: (0, 0, 0)
3976: (0, 0, 0)
3977: (0, 0, 0)
3978: (0, 0, 0)
3979: (0, 0, 0)
3980: (0, 0, 0)
3981: (0, 0, 0)
3982: (0, 0, 0)
3983: (0, 0, 0)
3984: (0, 0, 0)
3985: (0, 0, 0)
3986: (0, 0, 0)
3987: (0, 0, 0)
3988: (0, 0, 0)
3989: (0, 0, 0)
3990: (0, 0, 0)
3991: (0, 0, 0)
3992: (0, 0, 0)
3993: (0, 0, 0)
3994: (0, 0, 0)
3995: (0, 0, 0)
3996: (0, 0, 0)
3997: (0, 0, 0)
3998: (0, 0, 0)
3999: (0, 0, 0)
4000: (0, 0, 0)
4001: (0, 0, 0)
4002: (0, 0, 0)
4003: (0, 0, 0)
4004: (0, 0, 0)
4005: (0, 0, 0)
4006: (0, 0, 0)
4007: (0, 0, 0)
4008: (0, 0, 0)
4009: (0, 0, 0)
4010: (0, 0, 0)
4011: (0, 0, 0)
4012: (0, 0, 0)
4013: (0, 0, 0)
4014: (0, 0, 0)
4015: (0, 0, 0)
4016: (0, 0, 0)
4017: (0, 0, 0)
4018: (0, 0, 0)
4019: (0, 0, 0)
4020: (0, 0, 0)
4021: (0, 0, 0)
4022: (0, 0, 0)
4023: (0, 0, 0)
4024: (0, 0, 0)
4025: (0, 0, 0)
4026: (0, 0, 0)
4027: (0, 0, 0)
4028: (0, 0, 0)
4029: (0, 0, 0)
4030: (0, 0, 0)
4031: (0, 0, 0)
4032: (0, 0, 0)
4033: (0, 0, 0)
4034: (0, 0, 0)
4035: (0, 0, 0)
4036: (0, 0, 0)
4037: (0, 0, 0)
4038: (0, 0, 0)
4039: (0, 0, 0)
4040: (0, 0, 0)
4041: (0, 0, 0)
4042: (0, 0, 0)
4043: (0, 0, 0)
4044: (0, 0, 0)
4045: (0, 0, 0)
4046: (0, 0, 0)
4047: (0, 0, 0)
4048: (0, 0, 0)
4049: (0, 0, 0)
4050: (0, 0, 0)
4051: (0, 0, 0)
4052: (0, 0, 0)
4053: (0, 0, 0)
4054: (0, 0, 0)
4055: (0, 0, 0)
4056: (0, 0, 0)
4057: (0, 0, 0)
4058: (0, 0, 0)
4059: (0, 0, 0)
4060: (0, 0, 0)
4061: (0, 0, 0)
4062: (0, 0, 0)
4063: (0, 0, 0)
4064: (0, 0, 0)
4065: (0, 0, 0)
4066: (0, 0, 0)
4067: (0, 0, 0)
4068: (0, 0, 0)
4069: (0, 0, 0)
4070: (0, 0, 0)
4071: (0, 0, 0)
4072: (0, 0, 0)
4073: (0, 0, 0)
4074: (0, 0, 0)
4075: (0, 0, 0)
4076: (0, 0, 0)
4077: (0, 0, 0)
4078: (0, 0, 0)
4079: (0, 0, 0)
4080: (0, 0, 0)
4081: (0, 0, 0)
4082: (0, 0, 0)
4083: (0, 0, 0)
4084: (0, 0, 0)
4085: (0, 0, 0)
4086: (0, 0, 0)
4087: (0, 0, 0)
4088: (0, 0, 0)
4089: (0, 0, 0)
4090: (0, 0, 0)
4091: (0, 0, 0)
4092: (0, 0, 0)
4093: (0, 0, 0)
4094: (0, 0, 0)
4095: (0, 0, 0)
4096: (0, 0, 0)
4097: (0, 0, 0)
4098: (0, 0, 0)
4099: (0, 0, 0)
4100: (0, 0, 0)
4101: (0, 0, 0)
4102: (0, 0, 0)
4103: (0, 0, 0)
4104: (0, 0, 0)
4105: (0, 0, 0)
4106: (0, 0, 0)
4107: (0, 0, 0)
4108: (0, 0, 0)
4109: (0, 0, 0)
4110: (0, 0, 0)
4111: (0, 0, 0)
4112: (0, 0, 0)
4113: (0, 0, 0)
4114: (0, 0, 0)
4115: (0, 0, 0)
4116: (0, 0, 0)
4117: (0, 0, 0)
4118: (0, 0, 0)
4119: (0, 0, 0)
4120: (0, 0, 0)
4121: (0, 0, 0)
4122: (0, 0, 0)
4123: (0, 0, 0)
4124: (0, 0, 0)
4125: (0, 0, 0)
4126: (0, 0, 0)
4127: (0, 0, 0)
4128: (0, 0, 0)
4129: (0, 0, 0)
4130: (0, 0, 0)
4131: (0, 0, 0)
4132: (0, 0, 0)
4133: (0, 0, 0)
4134: (0, 0, 0)
4135: (0, 0, 0)
4136: (0, 0, 0)
4137: (0, 0, 0)
4138: (0, 0, 0)
4139: (0, 0, 0)
4140: (0, 0, 0)
4141: (0, 0, 0)
4142: (0, 0, 0)
4143: (0, 0, 0)
4144: (0, 0, 0)
4145: (0, 0, 0)
4146: (0, 0, 0)
4147: (0, 0, 0)
4148: (0, 0, 0)
4149: (0, 0, 0)
4150: (0, 0, 0)
4151: (0, 0, 0)
4152: (0, 0, 0)
4153: (0, 0, 0)
4154: (0, 0, 0)
4155: (0, 0, 0)
4156: (0, 0, 0)
4157: (0, 0, 0)
4158: (0, 0, 0)
4159: (0, 0, 0)
4160: (0, 0, 0)
4161: (0, 0, 0)
4162: (0, 0, 0)
4163: (0, 0, 0)
4164: (0, 0, 0)
4165: (0, 0, 0)
4166: (0, 0, 0)
4167: (0, 0, 0)
4168: (0, 0, 0)
4169: (0, 0, 0)
4170: (0, 0, 0)
4171: (0, 0, 0)
4172: (0, 0, 0)
4173: (0, 0, 0)
4174: (0, 0, 0)
4175: (0, 0, 0)
4176: (0, 0, 0)
4177: (0, 0, 0)
4178: (0, 0, 0)
4179: (0, 0, 0)
4180: (0, 0, 0)
4181: (0, 0, 0)
4182: (0, 0, 0)
4183: (0, 0, 0)
4184: (0, 0, 0)
4185: (0, 0, 0)
4186: (0, 0, 0)
4187: (0, 0, 0)
4188: (0, 0, 0)
4189: (0, 0, 0)
4190: (0, 0, 0)
4191: (0, 0, 0)
4192: (0, 0, 0)
4193: (0, 0, 0)
4194: (0, 0, 0)
4195: (0, 0, 0)
4196: (0, 0, 0)
4197: (0, 0, 0)
4198: (0, 0, 0)
4199: (0, 0, 0)
4200: (0, 0, 0)
4201: (0, 0, 0)
4202: (0, 0, 0)
4203: (0, 0, 0)
4204: (0, 0, 0)
4205: (0, 0, 0)
4206: (0, 0, 0)
4207: (0, 0, 0)
4208: (0, 0, 0)
4209: (0, 0, 0)
4210: (0, 0, 0)
4211: (0, 0, 0)
4212: (0, 0, 0)
4213: (0, 0, 0)
4214: (0, 0, 0)
4215: (0, 0, 0)
4216: (0, 0, 0)
4217: (0, 0, 0)
4218: (0, 0, 0)
4219: (0, 0, 0)
4220: (0, 0, 0)
4221: (0, 0, 0)
4222: (0, 0, 0)
4223: (0, 0, 0)
4224: (0, 0, 0)
4225: (0, 0, 0)
4226: (0, 0, 0)
4227: (0, 0, 0)
4228: (0, 0, 0)
4229: (0, 0, 0)
4230: (0, 0, 0)
4231: (0, 0, 0)
4232: (0, 0, 0)
4233: (0, 0, 0)
4234: (0, 0, 0)
4235: (0, 0, 0)
4236: (0, 0, 0)
4237: (0, 0, 0)
4238: (0, 0, 0)
4239: (0, 0, 0)
4240: (0, 0, 0)
4241: (0, 0, 0)
4242: (0, 0, 0)
4243: (0, 0, 0)
4244: (0, 0, 0)
4245: (0, 0, 0)
4246: (0, 0, 0)
4247: (0, 0, 0)
4248: (0, 0, 0)
4249: (0, 0, 0)
4250: (0, 0, 0)
4251: (0, 0, 0)
4252: (0, 0, 0)
4253: (0, 0, 0)
4254: (0, 0, 0)
4255: (0, 0, 0)
4256: (0, 0, 0)
4257: (0, 0, 0)
4258: (0, 0, 0)
4259: (0, 0, 0)
4260: (0, 0, 0)
4261: (0, 0, 0)
4262: (0, 0, 0)
4263: (0, 0, 0)
4264: (0, 0, 0)
4265: (0, 0, 0)
4266: (0, 0, 0)
4267: (0, 0, 0)
4268: (0, 0, 0)
4269: (0, 0, 0)
4270: (0, 0, 0)
4271: (0, 0, 0)
4272: (0, 0, 0)
4273: (0, 0, 0)
4274: (0, 0, 0)
4275: (0, 0, 0)
4276: (0, 0, 0)
4277: (0, 0, 0)
4278: (0, 0, 0)
4279: (0, 0, 0)
4280: (0, 0, 0)
4281: (0, 0, 0)
4282: (0, 0, 0)
4283: (0, 0, 0)
4284: (0, 0, 0)
4285: (0, 0, 0)
4286: (0, 0, 0)
4287: (0, 0, 0)
4288: (0, 0, 0)
4289: (0, 0, 0)
4290: (0, 0, 0)
4291: (0, 0, 0)
4292: (0, 0, 0)
4293: (0, 0, 0)
4294: (0, 0, 0)
4295: (0, 0, 0)
4296: (0, 0, 0)
4297: (0, 0, 0)
4298: (0, 0, 0)
4299: (0, 0, 0)
4300: (0, 0, 0)
4301: (0, 0, 0)
4302: (0, 0, 0)
4303: (0, 0, 0)
4304: (0, 0, 0)
4305: (0, 0, 0)
4306: (0, 0, 0)
4307: (0, 0, 0)
4308: (0, 0, 0)
4309: (0, 0, 0)
4310: (0, 0, 0)
4311: (0, 0, 0)
4312: (0, 0, 0)
4313: (0, 0, 0)
4314: (0, 0, 0)
4315: (0, 0, 0)
4316: (0, 0, 0)
4317: (0, 0, 0)
4318: (0, 0, 0)
4319: (0, 0, 0)
4320: (0, 0, 0)
4321: (0, 0, 0)
4322: (0, 0, 0)
4323: (0, 0, 0)
4324: (0, 0, 0)
4325: (0, 0, 0)
4326: (0, 0, 0)
4327: (0, 0, 0)
4328: (0, 0, 0)
4329: (0, 0, 0)
4330: (0, 0, 0)
4331: (0, 0, 0)
4332: (0, 0, 0)
4333: (0, 0, 0)
4334: (0, 0, 0)
4335: (0, 0, 0)
4336: (0, 0, 0)
4337: (0, 0, 0)
4338: (0, 0, 0)
4339: (0, 0, 0)
4340: (0, 0, 0)
4341: (0, 0, 0)
4342: (0, 0, 0)
4343: (0, 0, 0)
4344: (0, 0, 0)
4345: (0, 0, 0)
4346: (0, 0, 0)
4347: (0, 0, 0)
4348: (0, 0, 0)
4349: (0, 0, 0)
4350: (0, 0, 0)
4351: (0, 0, 0)
4352: (0, 0, 0)
4353: (0, 0, 0)
4354: (0, 0, 0)
4355: (0, 0, 0)
4356: (0, 0, 0)
4357: (0, 0, 0)
4358: (0, 0, 0)
4359: (0, 0, 0)
4360: (0, 0, 0)
4361: (0, 0, 0)
4362: (0, 0, 0)
4363: (0, 0, 0)
4364: (0, 0, 0)
4365: (0, 0, 0)
4366: (0, 0, 0)
4367: (0, 0, 0)
4368: (0, 0, 0)
4369: (0, 0, 0)
4370: (0, 0, 0)
4371: (0, 0, 0)
4372: (0, 0, 0)
4373: (0, 0, 0)
4374: (0, 0, 0)
4375: (0, 0, 0)
4376: (0, 0, 0)
4377: (0, 0, 0)
4378: (0, 0, 0)
4379: (0, 0, 0)
4380: (0, 0, 0)
4381: (0, 0, 0)
4382: (0, 0, 0)
4383: (0, 0, 0)
4384: (0, 0, 0)
4385: (0, 0, 0)
4386: (0, 0, 0)
4387: (0, 0, 0)
4388: (0, 0, 0)
4389: (0, 0, 0)
4390: (0, 0, 0)
4391: (0, 0, 0)
4392: (0, 0, 0)
4393: (0, 0, 0)
4394: (0, 0, 0)
4395: (0, 0, 0)
4396: (0, 0, 0)
4397: (0, 0, 0)
4398: (0, 0, 0)
4399: (0, 0, 0)
4400: (0, 0, 0)
4401: (0, 0, 0)
4402: (0, 0, 0)
4403: (0, 0, 0)
4404: (0, 0, 0)
4405: (0, 0, 0)
4406: (0, 0, 0)
4407: (0, 0, 0)
4408: (0, 0, 0)
4409: (0, 0, 0)
4410: (0, 0, 0)
4411: (0, 0, 0)
4412: (0, 0, 0)
4413: (0, 0, 0)
4414: (0, 0, 0)
4415: (0, 0, 0)
4416: (0, 0, 0)
4417: (0, 0, 0)
4418: (0, 0, 0)
4419: (0, 0, 0)
4420: (0, 0, 0)
4421: (0, 0, 0)
4422: (0, 0, 0)
4423: (0, 0, 0)
4424: (0, 0, 0)
4425: (0, 0, 0)
4426: (0, 0, 0)
4427: (0, 0, 0)
4428: (0, 0, 0)
4429: (0, 0, 0)
4430: (0, 0, 0)
4431: (0, 0, 0)
4432: (0, 0, 0)
4433: (0, 0, 0)
4434: (0, 0, 0)
4435: (0, 0, 0)
4436: (0, 0, 0)
4437: (0, 0, 0)
4438: (0, 0, 0)
4439: (0, 0, 0)
4440: (0, 0, 0)
4441: (0, 0, 0)
4442: (0, 0, 0)
4443: (0, 0, 0)
4444: (0, 0, 0)
4445: (0, 0, 0)
4446: (0, 0, 0)
4447: (0, 0, 0)
4448: (0, 0, 0)
4449: (0, 0, 0)
4450: (0, 0, 0)
4451: (0, 0, 0)
4452: (0, 0, 0)
4453: (0, 0, 0)
4454: (0, 0, 0)
4455: (0, 0, 0)
4456: (0, 0, 0)
4457: (0, 0, 0)
4458: (0, 0, 0)
4459: (0, 0, 0)
4460: (0, 0, 0)
4461: (0, 0, 0)
4462: (0, 0, 0)
4463: (0, 0, 0)
4464: (0, 0, 0)
4465: (0, 0, 0)
4466: (0, 0, 0)
4467: (0, 0, 0)
4468: (0, 0, 0)
4469: (0, 0, 0)
4470: (0, 0, 0)
4471: (0, 0, 0)
4472: (0, 0, 0)
4473: (0, 0, 0)
4474: (0, 0, 0)
4475: (0, 0, 0)
4476: (0, 0, 0)
4477: (0, 0, 0)
4478: (0, 0, 0)
4479: (0, 0, 0)
4480: (0, 0, 0)
4481: (0, 0, 0)
4482: (0, 0, 0)
4483: (0, 0, 0)
4484: (0, 0, 0)
4485: (0, 0, 0)
4486: (0, 0, 0)
4487: (0, 0, 0)
4488: (0, 0, 0)
4489: (0, 0, 0)
4490: (0, 0, 0)
4491: (0, 0, 0)
4492: (0, 0, 0)
4493: (0, 0, 0)
4494: (0, 0, 0)
4495: (0, 0, 0)
4496: (0, 0, 0)
4497: (0, 0, 0)
4498: (0, 0, 0)
4499: (0, 0, 0)
4500: (0, 0, 0)
4501: (0, 0, 0)
4502: (0, 0, 0)
4503: (0, 0, 0)
4504: (0, 0, 0)
4505: (0, 0, 0)
4506: (0, 0, 0)
4507: (0, 0, 0)
4508: (0, 0, 0)
4509: (0, 0, 0)
4510: (0, 0, 0)
4511: (0, 0, 0)
4512: (0, 0, 0)
4513: (0, 0, 0)
4514: (0, 0, 0)
4515: (0, 0, 0)
4516: (0, 0, 0)
4517: (0, 0, 0)
4518: (0, 0, 0)
4519: (0, 0, 0)
4520: (0, 0, 0)
4521: (0, 0, 0)
4522: (0, 0, 0)
4523: (0, 0, 0)
4524: (0, 0, 0)
4525: (0, 0, 0)
4526: (0, 0, 0)
4527: (0, 0, 0)
4528: (0, 0, 0)
4529: (0, 0, 0)
4530: (0, 0, 0)
4531: (0, 0, 0)
4532: (0, 0, 0)
4533: (0, 0, 0)
4534: (0, 0, 0)
4535: (0, 0, 0)
4536: (0, 0, 0)
4537: (0, 0, 0)
4538: (0, 0, 0)
4539: (0, 0, 0)
4540: (0, 0, 0)
4541: (0, 0, 0)
4542: (0, 0, 0)
4543: (0, 0, 0)
4544: (0, 0, 0)
4545: (0, 0, 0)
4546: (0, 0, 0)
4547: (0, 0, 0)
4548: (0, 0, 0)
4549: (0, 0, 0)
4550: (0, 0, 0)
4551: (0, 0, 0)
4552: (0, 0, 0)
4553: (0, 0, 0)
4554: (0, 0, 0)
4555: (0, 0, 0)
4556: (0, 0, 0)
4557: (0, 0, 0)
4558: (0, 0, 0)
4559: (0, 0, 0)
4560: (0, 0, 0)
4561: (0, 0, 0)
4562: (0, 0, 0)
4563: (0, 0, 0)
4564: (0, 0, 0)
4565: (0, 0, 0)
4566: (0, 0, 0)
4567: (0, 0, 0)
4568: (0, 0, 0)
4569: (0, 0, 0)
4570: (0, 0, 0)
4571: (0, 0, 0)
4572: (0, 0, 0)
4573: (0, 0, 0)
4574: (0, 0, 0)
4575: (0, 0, 0)
4576: (0, 0, 0)
4577: (0, 0, 0)
4578: (0, 0, 0)
4579: (0, 0, 0)
4580: (0, 0, 0)
4581: (0, 0, 0)
4582: (0, 0, 0)
4583: (0, 0, 0)
4584: (0, 0, 0)
4585: (0, 0, 0)
4586: (0, 0, 0)
4587: (0, 0, 0)
4588: (0, 0, 0)
4589: (0, 0, 0)
4590: (0, 0, 0)
4591: (0, 0, 0)
4592: (0, 0, 0)
4593: (0, 0, 0)
4594: (0, 0, 0)
4595: (0, 0, 0)
4596: (0, 0, 0)
4597: (0, 0, 0)
4598: (0, 0, 0)
4599: (0, 0, 0)
4600: (0, 0, 0)
4601: (0, 0, 0)
4602: (0, 0, 0)
4603: (0, 0, 0)
4604: (0, 0, 0)
4605: (0, 0, 0)
4606: (0, 0, 0)
4607: (0, 0, 0)
4608: (0, 0, 0)
4609: (0, 0, 0)
4610: (0, 0, 0)
4611: (0, 0, 0)
4612: (0, 0, 0)
4613: (0, 0, 0)
4614: (0, 0, 0)
4615: (0, 0, 0)
4616: (0, 0, 0)
4617: (0, 0, 0)
4618: (0, 0, 0)
4619: (0, 0, 0)
4620: (0, 0, 0)
4621: (0, 0, 0)
4622: (0, 0, 0)
4623: (0, 0, 0)
4624: (0, 0, 0)
4625: (0, 0, 0)
4626: (0, 0, 0)
4627: (0, 0, 0)
4628: (0, 0, 0)
4629: (0, 0, 0)
4630: (0, 0, 0)
4631: (0, 0, 0)
4632: (0, 0, 0)
4633: (0, 0, 0)
4634: (0, 0, 0)
4635: (0, 0, 0)
4636: (0, 0, 0)
4637: (0, 0, 0)
4638: (0, 0, 0)
4639: (0, 0, 0)
4640: (0, 0, 0)
4641: (0, 0, 0)
4642: (0, 0, 0)
4643: (0, 0, 0)
4644: (0, 0, 0)
4645: (0, 0, 0)
4646: (0, 0, 0)
4647: (0, 0, 0)
4648: (0, 0, 0)
4649: (0, 0, 0)
4650: (0, 0, 0)
4651: (0, 0, 0)
4652: (0, 0, 0)
4653: (0, 0, 0)
4654: (0, 0, 0)
4655: (0, 0, 0)
4656: (0, 0, 0)
4657: (0, 0, 0)
4658: (0, 0, 0)
4659: (0, 0, 0)
4660: (0, 0, 0)
4661: (0, 0, 0)
4662: (0, 0, 0)
4663: (0, 0, 0)
4664: (0, 0, 0)
4665: (0, 0, 0)
4666: (0, 0, 0)
4667: (0, 0, 0)
4668: (0, 0, 0)
4669: (0, 0, 0)
4670: (0, 0, 0)
4671: (0, 0, 0)
4672: (0, 0, 0)
4673: (0, 0, 0)
4674: (0, 0, 0)
4675: (0, 0, 0)
4676: (0, 0, 0)
4677: (0, 0, 0)
4678: (0, 0, 0)
4679: (0, 0, 0)
4680: (0, 0, 0)
4681: (0, 0, 0)
4682: (0, 0, 0)
4683: (0, 0, 0)
4684: (0, 0, 0)
4685: (0, 0, 0)
4686: (0, 0, 0)
4687: (0, 0, 0)
4688: (0, 0, 0)
4689: (0, 0, 0)
4690: (0, 0, 0)
4691: (0, 0, 0)
4692: (0, 0, 0)
4693: (0, 0, 0)
4694: (0, 0, 0)
4695: (0, 0, 0)
4696: (0, 0, 0)
4697: (0, 0, 0)
4698: (0, 0, 0)
4699: (0, 0, 0)
4700: (0, 0, 0)
4701: (0, 0, 0)
4702: (0, 0, 0)
4703: (0, 0, 0)
4704: (0, 0, 0)
4705: (0, 0, 0)
4706: (0, 0, 0)
4707: (0, 0, 0)
4708: (0, 0, 0)
4709: (0, 0, 0)
4710: (0, 0, 0)
4711: (0, 0, 0)
4712: (0, 0, 0)
4713: (0, 0, 0)
4714: (0, 0, 0)
4715: (0, 0, 0)
4716: (0, 0, 0)
4717: (0, 0, 0)
4718: (0, 0, 0)
4719: (0, 0, 0)
4720: (0, 0, 0)
4721: (0, 0, 0)
4722: (0, 0, 0)
4723: (0, 0, 0)
4724: (0, 0, 0)
4725: (0, 0, 0)
4726: (0, 0, 0)
4727: (0, 0, 0)
4728: (0, 0, 0)
4729: (0, 0, 0)
4730: (0, 0, 0)
4731: (0, 0, 0)
4732: (0, 0, 0)
4733: (0, 0, 0)
4734: (0, 0, 0)
4735: (0, 0, 0)
4736: (0, 0, 0)
4737: (0, 0, 0)
4738: (0, 0, 0)
4739: (0, 0, 0)
4740: (0, 0, 0)
4741: (0, 0, 0)
4742: (0, 0, 0)
4743: (0, 0, 0)
4744: (0, 0, 0)
4745: (0, 0, 0)
4746: (0, 0, 0)
4747: (0, 0, 0)
4748: (0, 0, 0)
4749: (0, 0, 0)
4750: (0, 0, 0)
4751: (0, 0, 0)
4752: (0, 0, 0)
4753: (0, 0, 0)
4754: (0, 0, 0)
4755: (0, 0, 0)
4756: (0, 0, 0)
4757: (0, 0, 0)
4758: (0, 0, 0)
4759: (0, 0, 0)
4760: (0, 0, 0)
4761: (0, 0, 0)
4762: (0, 0, 0)
4763: (0, 0, 0)
4764: (0, 0, 0)
4765: (0, 0, 0)
4766: (0, 0, 0)
4767: (0, 0, 0)
4768: (0, 0, 0)
4769: (0, 0, 0)
4770: (0, 0, 0)
4771: (0, 0, 0)
4772: (0, 0, 0)
4773: (0, 0, 0)
4774: (0, 0, 0)
4775: (0, 0, 0)
4776: (0, 0, 0)
4777: (0, 0, 0)
4778: (0, 0, 0)
4779: (0, 0, 0)
4780: (0, 0, 0)
4781: (0, 0, 0)
4782: (0, 0, 0)
4783: (0, 0, 0)
4784: (0, 0, 0)
4785: (0, 0, 0)
4786: (0, 0, 0)
4787: (0, 0, 0)
4788: (0, 0, 0)
4789: (0, 0, 0)
4790: (0, 0, 0)
4791: (0, 0, 0)
4792: (0, 0, 0)
4793: (0, 0, 0)
4794: (0, 0, 0)
4795: (0, 0, 0)
4796: (0, 0, 0)
4797: (0, 0, 0)
4798: (0, 0, 0)
4799: (0, 0, 0)
4800: (0, 0, 0)
4801: (0, 0, 0)
4802: (0, 0, 0)
4803: (0, 0, 0)
4804: (0, 0, 0)
4805: (0, 0, 0)
4806: (0, 0, 0)
4807: (0, 0, 0)
4808: (0, 0, 0)
4809: (0, 0, 0)
4810: (0, 0, 0)
4811: (0, 0, 0)
4812: (0, 0, 0)
4813: (0, 0, 0)
4814: (0, 0, 0)
4815: (0, 0, 0)
4816: (0, 0, 0)
4817: (0, 0, 0)
4818: (0, 0, 0)
4819: (0, 0, 0)
4820: (0, 0, 0)
4821: (0, 0, 0)
4822: (0, 0, 0)
4823: (0, 0, 0)
4824: (0, 0, 0)
4825: (0, 0, 0)
4826: (0, 0, 0)
4827: (0, 0, 0)
4828: (0, 0, 0)
4829: (0, 0, 0)
4830: (0, 0, 0)
4831: (0, 0, 0)
4832: (0, 0, 0)
4833: (0, 0, 0)
4834: (0, 0, 0)
4835: (0, 0, 0)
4836: (0, 0, 0)
4837: (0, 0, 0)
4838: (0, 0, 0)
4839: (0, 0, 0)
4840: (0, 0, 0)
4841: (0, 0, 0)
4842: (0, 0, 0)
4843: (0, 0, 0)
4844: (0, 0, 0)
4845: (0, 0, 0)
4846: (0, 0, 0)
4847: (0, 0, 0)
4848: (0, 0, 0)
4849: (0, 0, 0)
4850: (0, 0, 0)
4851: (0, 0, 0)
4852: (0, 0, 0)
4853: (0, 0, 0)
4854: (0, 0, 0)
4855: (0, 0, 0)
4856: (0, 0, 0)
4857: (0, 0, 0)
4858: (0, 0, 0)
4859: (0, 0, 0)
4860: (0, 0, 0)
4861: (0, 0, 0)
4862: (0, 0, 0)
4863: (0, 0, 0)
4864: (0, 0, 0)
4865: (0, 0, 0)
4866: (0, 0, 0)
4867: (0, 0, 0)
4868: (0, 0, 0)
4869: (0, 0, 0)
4870: (0, 0, 0)
4871: (0, 0, 0)
4872: (0, 0, 0)
4873: (0, 0, 0)
4874: (0, 0, 0)
4875: (0, 0, 0)
4876: (0, 0, 0)
4877: (0, 0, 0)
4878: (0, 0, 0)
4879: (0, 0, 0)
4880: (0, 0, 0)
4881: (0, 0, 0)
4882: (0, 0, 0)
4883: (0, 0, 0)
4884: (0, 0, 0)
4885: (0, 0, 0)
4886: (0, 0, 0)
4887: (0, 0, 0)
4888: (0, 0, 0)
4889: (0, 0, 0)
4890: (0, 0, 0)
4891: (0, 0, 0)
4892: (0, 0, 0)
4893: (0, 0, 0)
4894: (0, 0, 0)
4895: (0, 0, 0)
4896: (0, 0, 0)
4897: (0, 0, 0)
4898: (0, 0, 0)
4899: (0, 0, 0)
4900: (0, 0, 0)
4901: (0, 0, 0)
4902: (0, 0, 0)
4903: (0, 0, 0)
4904: (0, 0, 0)
4905: (0, 0, 0)
4906: (0, 0, 0)
4907: (0, 0, 0)
4908: (0, 0, 0)
4909: (0, 0, 0)
4910: (0, 0, 0)
4911: (0, 0, 0)
4912: (0, 0, 0)
4913: (0, 0, 0)
4914: (0, 0, 0)
4915: (0, 0, 0)
4916: (0, 0, 0)
4917: (0, 0, 0)
4918: (0, 0, 0)
4919: (0, 0, 0)
4920: (0, 0, 0)
4921: (0, 0, 0)
4922: (0, 0, 0)
4923: (0, 0, 0)
4924: (0, 0, 0)
4925: (0, 0, 0)
4926: (0, 0, 0)
4927: (0, 0, 0)
4928: (0, 0, 0)
4929: (0, 0, 0)
4930: (0, 0, 0)
4931: (0, 0, 0)
4932: (0, 0, 0)
4933: (0, 0, 0)
4934: (0, 0, 0)
4935: (0, 0, 0)
4936: (0, 0, 0)
4937: (0, 0, 0)
4938: (0, 0, 0)
4939: (0, 0, 0)
4940: (0, 0, 0)
4941: (0, 0, 0)
4942: (0, 0, 0)
4943: (0, 0, 0)
4944: (0, 0, 0)
4945: (0, 0, 0)
4946: (0, 0, 0)
4947: (0, 0, 0)
4948: (0, 0, 0)
4949: (0, 0, 0)
4950: (0, 0, 0)
4951: (0, 0, 0)
4952: (0, 0, 0)
4953: (0, 0, 0)
4954: (0, 0, 0)
4955: (0, 0, 0)
4956: (0, 0, 0)
4957: (0, 0, 0)
4958: (0, 0, 0)
4959: (0, 0, 0)
4960: (0, 0, 0)
4961: (0, 0, 0)
4962: (0, 0, 0)
4963: (0, 0, 0)
4964: (0, 0, 0)
4965: (0, 0, 0)
4966: (0, 0, 0)
4967: (0, 0, 0)
4968: (0, 0, 0)
4969: (0, 0, 0)
4970: (0, 0, 0)
4971: (0, 0, 0)
4972: (0, 0, 0)
4973: (0, 0, 0)
4974: (0, 0, 0)
4975: (0, 0, 0)
4976: (0, 0, 0)
4977: (0, 0, 0)
4978: (0, 0, 0)
4979: (0, 0, 0)
4980: (0, 0, 0)
4981: (0, 0, 0)
4982: (0, 0, 0)
4983: (0, 0, 0)
4984: (0, 0, 0)
4985: (0, 0, 0)
4986: (0, 0, 0)
4987: (0, 0, 0)
4988: (0, 0, 0)
4989: (0, 0, 0)
4990: (0, 0, 0)
4991: (0, 0, 0)
4992: (0, 0, 0)
4993: (0, 0, 0)
4994: (0, 0, 0)
4995: (0, 0, 0)
4996: (0, 0, 0)
4997: (0, 0, 0)
4998: (0, 0, 0)
4999: (0, 0, 0)
5000: (0, 0, 0)
5001: (0, 0, 0)
5002: (0, 0, 0)
5003: (0, 0, 0)
5004: (0, 0, 0)
5005: (0, 0, 0)
5006: (0, 0, 0)
5007: (0, 0, 0)
5008: (0, 0, 0)
5009: (0, 0, 0)
5010: (0, 0, 0)
5011: (0, 0, 0)
5012: (0, 0, 0)
5013: (0, 0, 0)
5014: (0, 0, 0)
5015: (0, 0, 0)
5016: (0, 0, 0)
5017: (0, 0, 0)
5018: (0, 0, 0)
5019: (0, 0, 0)
5020: (0, 0, 0)
5021: (0, 0, 0)
5022: (0, 0, 0)
5023: (0, 0, 0)
5024: (0, 0, 0)
5025: (0, 0, 0)
5026: (0, 0, 0)
5027: (0, 0, 0)
5028: (0, 0, 0)
5029: (0, 0, 0)
5030: (0, 0, 0)
5031: (0, 0, 0)
5032: (0, 0, 0)
5033: (0, 0, 0)
5034: (0, 0, 0)
5035: (0, 0, 0)
5036: (0, 0, 0)
5037: (0, 0, 0)
5038: (0, 0, 0)
5039: (0, 0, 0)
5040: (0, 0, 0)
5041: (0, 0, 0)
5042: (0, 0, 0)
5043: (0, 0, 0)
5044: (0, 0, 0)
5045: (0, 0, 0)
5046: (0, 0, 0)
5047: (0, 0, 0)
5048: (0, 0, 0)
5049: (0, 0, 0)
5050: (0, 0, 0)
5051: (0, 0, 0)
5052: (0, 0, 0)
5053: (0, 0, 0)
5054: (0, 0, 0)
5055: (0, 0, 0)
5056: (0, 0, 0)
5057: (0, 0, 0)
5058: (0, 0, 0)
5059: (0, 0, 0)
5060: (0, 0, 0)
5061: (0, 0, 0)
5062: (0, 0, 0)
5063: (0, 0, 0)
5064: (0, 0, 0)
5065: (0, 0, 0)
5066: (0, 0, 0)
5067: (0, 0, 0)
5068: (0, 0, 0)
5069: (0, 0, 0)
5070: (0, 0, 0)
5071: (0, 0, 0)
5072: (0, 0, 0)
5073: (0, 0, 0)
5074: (0, 0, 0)
5075: (0, 0, 0)
5076: (0, 0, 0)
5077: (0, 0, 0)
5078: (0, 0, 0)
5079: (0, 0, 0)
5080: (0, 0, 0)
5081: (0, 0, 0)
5082: (0, 0, 0)
5083: (0, 0, 0)
5084: (0, 0, 0)
5085: (0, 0, 0)
5086: (0, 0, 0)
5087: (0, 0, 0)
5088: (0, 0, 0)
5089: (0, 0, 0)
5090: (0, 0, 0)
5091: (0, 0, 0)
5092: (0, 0, 0)
5093: (0, 0, 0)
5094: (0, 0, 0)
5095: (0, 0, 0)
5096: (0, 0, 0)
5097: (0, 0, 0)
5098: (0, 0, 0)
5099: (0, 0, 0)
5100: (0, 0, 0)
5101: (0, 0, 0)
5102: (0, 0, 0)
5103: (0, 0, 0)
5104: (0, 0, 0)
5105: (0, 0, 0)
5106: (0, 0, 0)
5107: (0, 0, 0)
5108: (0, 0, 0)
5109: (0, 0, 0)
5110: (0, 0, 0)
5111: (0, 0, 0)
5112: (0, 0, 0)
5113: (0, 0, 0)
5114: (0, 0, 0)
5115: (0, 0, 0)
5116: (0, 0, 0)
5117: (0, 0, 0)
5118: (0, 0, 0)
5119: (0, 0, 0)
5120: (0, 0, 0)
5121: (0, 0, 0)
5122: (0, 0, 0)
5123: (0, 0, 0)
5124: (0, 0, 0)
5125: (0, 0, 0)
5126: (0, 0, 0)
5127: (0, 0, 0)
5128: (0, 0, 0)
5129: (0, 0, 0)
5130: (0, 0, 0)
5131: (0, 0, 0)
5132: (0, 0, 0)
5133: (0, 0, 0)
5134: (0, 0, 0)
5135: (0, 0, 0)
5136: (0, 0, 0)
5137: (0, 0, 0)
5138: (0, 0, 0)
5139: (0, 0, 0)
5140: (0, 0, 0)
5141: (0, 0, 0)
5142: (0, 0, 0)
5143: (0, 0, 0)
5144: (0, 0, 0)
5145: (0, 0, 0)
5146: (0, 0, 0)
5147: (0, 0, 0)
5148: (0, 0, 0)
5149: (0, 0, 0)
5150: (0, 0, 0)
5151: (0, 0, 0)
5152: (0, 0, 0)
5153: (0, 0, 0)
5154: (0, 0, 0)
5155: (0, 0, 0)
5156: (0, 0, 0)
5157: (0, 0, 0)
5158: (0, 0, 0)
5159: (0, 0, 0)
5160: (0, 0, 0)
5161: (0, 0, 0)
5162: (0, 0, 0)
5163: (0, 0, 0)
5164: (0, 0, 0)
5165: (0, 0, 0)
5166: (0, 0, 0)
5167: (0, 0, 0)
5168: (0, 0, 0)
5169: (0, 0, 0)
5170: (0, 0, 0)
5171: (0, 0, 0)
5172: (0, 0, 0)
5173: (0, 0, 0)
5174: (0, 0, 0)
5175: (0, 0, 0)
5176: (0, 0, 0)
5177: (0, 0, 0)
5178: (0, 0, 0)
5179: (0, 0, 0)
5180: (0, 0, 0)
5181: (0, 0, 0)
5182: (0, 0, 0)
5183: (0, 0, 0)
5184: (0, 0, 0)
5185: (0, 0, 0)
5186: (0, 0, 0)
5187: (0, 0, 0)
5188: (0, 0, 0)
5189: (0, 0, 0)
5190: (0, 0, 0)
5191: (0, 0, 0)
5192: (0, 0, 0)
5193: (0, 0, 0)
5194: (0, 0, 0)
5195: (0, 0, 0)
5196: (0, 0, 0)
5197: (0, 0, 0)
5198: (0, 0, 0)
5199: (0, 0, 0)
5200: (0, 0, 0)
5201: (0, 0, 0)
5202: (0, 0, 0)
5203: (0, 0, 0)
5204: (0, 0, 0)
5205: (0, 0, 0)
5206: (0, 0, 0)
5207: (0, 0, 0)
5208: (0, 0, 0)
5209: (0, 0, 0)
5210: (0, 0, 0)
5211: (0, 0, 0)
5212: (0, 0, 0)
5213: (0, 0, 0)
5214: (0, 0, 0)
5215: (0, 0, 0)
5216: (0, 0, 0)
5217: (0, 0, 0)
5218: (0, 0, 0)
5219: (0, 0, 0)
5220: (0, 0, 0)
5221: (0, 0, 0)
5222: (0, 0, 0)
5223: (0, 0, 0)
5224: (0, 0, 0)
5225: (0, 0, 0)
5226: (0, 0, 0)
5227: (0, 0, 0)
5228: (0, 0, 0)
5229: (0, 0, 0)
5230: (0, 0, 0)
5231: (0, 0, 0)
5232: (0, 0, 0)
5233: (0, 0, 0)
5234: (0, 0, 0)
5235: (0, 0, 0)
5236: (0, 0, 0)
5237: (0, 0, 0)
5238: (0, 0, 0)
5239: (0, 0, 0)
5240: (0, 0, 0)
5241: (0, 0, 0)
5242: (0, 0, 0)
5243: (0, 0, 0)
5244: (0, 0, 0)
5245: (0, 0, 0)
5246: (0, 0, 0)
5247: (0, 0, 0)
5248: (0, 0, 0)
5249: (0, 0, 0)
5250: (0, 0, 0)
5251: (0, 0, 0)
5252: (0, 0, 0)
5253: (0, 0, 0)
5254: (0, 0, 0)
5255: (0, 0, 0)
5256: (0, 0, 0)
5257: (0, 0, 0)
5258: (0, 0, 0)
5259: (0, 0, 0)
5260: (0, 0, 0)
5261: (0, 0, 0)
5262: (0, 0, 0)
5263: (0, 0, 0)
5264: (0, 0, 0)
5265: (0, 0, 0)
5266: (0, 0, 0)
5267: (0, 0, 0)
5268: (0, 0, 0)
5269: (0, 0, 0)
5270: (0, 0, 0)
5271: (0, 0, 0)
5272: (0, 0, 0)
5273: (0, 0, 0)
5274: (0, 0, 0)
5275: (0, 0, 0)
5276: (0, 0, 0)
5277: (0, 0, 0)
5278: (0, 0, 0)
5279: (0, 0, 0)
5280: (0, 0, 0)
5281: (0, 0, 0)
5282: (0, 0, 0)
5283: (0, 0, 0)
5284: (0, 0, 0)
5285: (0, 0, 0)
5286: (0, 0, 0)
5287: (0, 0, 0)
5288: (0, 0, 0)
5289: (0, 0, 0)
5290: (0, 0, 0)
5291: (0, 0, 0)
5292: (0, 0, 0)
5293: (0, 0, 0)
5294: (0, 0, 0)
5295: (0, 0, 0)
5296: (0, 0, 0)
5297: (0, 0, 0)
5298: (0, 0, 0)
5299: (0, 0, 0)
5300: (0, 0, 0)
5301: (0, 0, 0)
5302: (0, 0, 0)
5303: (0, 0, 0)
5304: (0, 0, 0)
5305: (0, 0, 0)
5306: (0, 0, 0)
5307: (0, 0, 0)
5308: (0, 0, 0)
5309: (0, 0, 0)
5310: (0, 0, 0)
5311: (0, 0, 0)
5312: (0, 0, 0)
5313: (0, 0, 0)
5314: (0, 0, 0)
5315: (0, 0, 0)
5316: (0, 0, 0)
5317: (0, 0, 0)
5318: (0, 0, 0)
5319: (0, 0, 0)
5320: (0, 0, 0)
5321: (0, 0, 0)
5322: (0, 0, 0)
5323: (0, 0, 0)
5324: (0, 0, 0)
5325: (0, 0, 0)
5326: (0, 0, 0)
5327: (0, 0, 0)
5328: (0, 0, 0)
5329: (0, 0, 0)
5330: (0, 0, 0)
5331: (0, 0, 0)
5332: (0, 0, 0)
5333: (0, 0, 0)
5334: (0, 0, 0)
5335: (0, 0, 0)
5336: (0, 0, 0)
5337: (0, 0, 0)
5338: (0, 0, 0)
5339: (0, 0, 0)
5340: (0, 0, 0)
5341: (0, 0, 0)
5342: (0, 0, 0)
5343: (0, 0, 0)
5344: (0, 0, 0)
5345: (0, 0, 0)
5346: (0, 0, 0)
5347: (0, 0, 0)
5348: (0, 0, 0)
5349: (0, 0, 0)
5350: (0, 0, 0)
5351: (0, 0, 0)
5352: (0, 0, 0)
5353: (0, 0, 0)
5354: (0, 0, 0)
5355: (0, 0, 0)
5356: (0, 0, 0)
5357: (0, 0, 0)
5358: (0, 0, 0)
5359: (0, 0, 0)
5360: (0, 0, 0)
5361: (0, 0, 0)
5362: (0, 0, 0)
5363: (0, 0, 0)
5364: (0, 0, 0)
5365: (0, 0, 0)
5366: (0, 0, 0)
5367: (0, 0, 0)
5368: (0, 0, 0)
5369: (0, 0, 0)
5370: (0, 0, 0)
5371: (0, 0, 0)
5372: (0, 0, 0)
5373: (0, 0, 0)
5374: (0, 0, 0)
5375: (0, 0, 0)
5376: (0, 0, 0)
5377: (0, 0, 0)
5378: (0, 0, 0)
5379: (0, 0, 0)
5380: (0, 0, 0)
5381: (0, 0, 0)
5382: (0, 0, 0)
5383: (0, 0, 0)
5384: (0, 0, 0)
5385: (0, 0, 0)
5386: (0, 0, 0)
5387: (0, 0, 0)
5388: (0, 0, 0)
5389: (0, 0, 0)
5390: (0, 0, 0)
5391: (0, 0, 0)
5392: (0, 0, 0)
5393: (0, 0, 0)
5394: (0, 0, 0)
5395: (0, 0, 0)
5396: (0, 0, 0)
5397: (0, 0, 0)
5398: (0, 0, 0)
5399: (0, 0, 0)
5400: (0, 0, 0)
5401: (0, 0, 0)
5402: (0, 0, 0)
5403: (0, 0, 0)
5404: (0, 0, 0)
5405: (0, 0, 0)
5406: (0, 0, 0)
5407: (0, 0, 0)
5408: (0, 0, 0)
5409: (0, 0, 0)
5410: (0, 0, 0)
5411: (0, 0, 0)
5412: (0, 0, 0)
5413: (0, 0, 0)
5414: (0, 0, 0)
5415: (0, 0, 0)
5416: (0, 0, 0)
5417: (0, 0, 0)
5418: (0, 0, 0)
5419: (0, 0, 0)
5420: (0, 0, 0)
5421: (0, 0, 0)
5422: (0, 0, 0)
5423: (0, 0, 0)
5424: (0, 0, 0)
5425: (0, 0, 0)
5426: (0, 0, 0)
5427: (0, 0, 0)
5428: (0, 0, 0)
5429: (0, 0, 0)
5430: (0, 0, 0)
5431: (0, 0, 0)
5432: (0, 0, 0)
5433: (0, 0, 0)
5434: (0, 0, 0)
5435: (0, 0, 0)
5436: (0, 0, 0)
5437: (0, 0, 0)
5438: (0, 0, 0)
5439: (0, 0, 0)
5440: (0, 0, 0)
5441: (0, 0, 0)
5442: (0, 0, 0)
5443: (0, 0, 0)
5444: (0, 0, 0)
5445: (0, 0, 0)
5446: (0, 0, 0)
5447: (0, 0, 0)
5448: (0, 0, 0)
5449: (0, 0, 0)
5450: (0, 0, 0)
5451: (0, 0, 0)
5452: (0, 0, 0)
5453: (0, 0, 0)
5454: (0, 0, 0)
5455: (0, 0, 0)
5456: (0, 0, 0)
5457: (0, 0, 0)
5458: (0, 0, 0)
5459: (0, 0, 0)
5460: (0, 0, 0)
5461: (0, 0, 0)
5462: (0, 0, 0)
5463: (0, 0, 0)
5464: (0, 0, 0)
5465: (0, 0, 0)
5466: (0, 0, 0)
5467: (0, 0, 0)
5468: (0, 0, 0)
5469: (0, 0, 0)
5470: (0, 0, 0)
5471: (0, 0, 0)
5472: (0, 0, 0)
5473: (0, 0, 0)
5474: (0, 0, 0)
5475: (0, 0, 0)
5476: (0, 0, 0)
5477: (0, 0, 0)
5478: (0, 0, 0)
5479: (0, 0, 0)
5480: (0, 0, 0)
5481: (0, 0, 0)
5482: (0, 0, 0)
5483: (0, 0, 0)
5484: (0, 0, 0)
5485: (0, 0, 0)
5486: (0, 0, 0)
5487: (0, 0, 0)
5488: (0, 0, 0)
5489: (0, 0, 0)
5490: (0, 0, 0)
5491: (0, 0, 0)
5492: (0, 0, 0)
5493: (0, 0, 0)
5494: (0, 0, 0)
5495: (0, 0, 0)
5496: (0, 0, 0)
5497: (0, 0, 0)
5498: (0, 0, 0)
5499: (0, 0, 0)
5500: (0, 0, 0)
5501: (0, 0, 0)
5502: (0, 0, 0)
5503: (0, 0, 0)
5504: (0, 0, 0)
5505: (0, 0, 0)
5506: (0, 0, 0)
5507: (0, 0, 0)
5508: (0, 0, 0)
5509: (0, 0, 0)
5510: (0, 0, 0)
5511: (0, 0, 0)
5512: (0, 0, 0)
5513: (0, 0, 0)
5514: (0, 0, 0)
5515: (0, 0, 0)
5516: (0, 0, 0)
5517: (0, 0, 0)
5518: (0, 0, 0)
5519: (0, 0, 0)
5520: (0, 0, 0)
5521: (0, 0, 0)
5522: (0, 0, 0)
5523: (0, 0, 0)
5524: (0, 0, 0)
5525: (0, 0, 0)
5526: (0, 0, 0)
5527: (0, 0, 0)
5528: (0, 0, 0)
5529: (0, 0, 0)
5530: (0, 0, 0)
5531: (0, 0, 0)
5532: (0, 0, 0)
5533: (0, 0, 0)
5534: (0, 0, 0)
5535: (0, 0, 0)
5536: (0, 0, 0)
5537: (0, 0, 0)
5538: (0, 0, 0)
5539: (0, 0, 0)
5540: (0, 0, 0)
5541: (0, 0, 0)
5542: (0, 0, 0)
5543: (0, 0, 0)
5544: (0, 0, 0)
5545: (0, 0, 0)
5546: (0, 0, 0)
5547: (0, 0, 0)
5548: (0, 0, 0)
5549: (0, 0, 0)
5550: (0, 0, 0)
5551: (0, 0, 0)
5552: (0, 0, 0)
5553: (0, 0, 0)
5554: (0, 0, 0)
5555: (0, 0, 0)
5556: (0, 0, 0)
5557: (0, 0, 0)
5558: (0, 0, 0)
5559: (0, 0, 0)
5560: (0, 0, 0)
5561: (0, 0, 0)
5562: (0, 0, 0)
5563: (0, 0, 0)
5564: (0, 0, 0)
5565: (0, 0, 0)
5566: (0, 0, 0)
5567: (0, 0, 0)
5568: (0, 0, 0)
5569: (0, 0, 0)
5570: (0, 0, 0)
5571: (0, 0, 0)
5572: (0, 0, 0)
5573: (0, 0, 0)
5574: (0, 0, 0)
5575: (0, 0, 0)
5576: (0, 0, 0)
5577: (0, 0, 0)
5578: (0, 0, 0)
5579: (0, 0, 0)
5580: (0, 0, 0)
5581: (0, 0, 0)
5582: (0, 0, 0)
5583: (0, 0, 0)
5584: (0, 0, 0)
5585: (0, 0, 0)
5586: (0, 0, 0)
5587: (0, 0, 0)
5588: (0, 0, 0)
5589: (0, 0, 0)
5590: (0, 0, 0)
5591: (0, 0, 0)
5592: (0, 0, 0)
5593: (0, 0, 0)
5594: (0, 0, 0)
5595: (0, 0, 0)
5596: (0, 0, 0)
5597: (0, 0, 0)
5598: (0, 0, 0)
5599: (0, 0, 0)
5600: (0, 0, 0)
5601: (0, 0, 0)
5602: (0, 0, 0)
5603: (0, 0, 0)
5604: (0, 0, 0)
5605: (0, 0, 0)
5606: (0, 0, 0)
5607: (0, 0, 0)
5608: (0, 0, 0)
5609: (0, 0, 0)
5610: (0, 0, 0)
5611: (0, 0, 0)
5612: (0, 0, 0)
5613: (0, 0, 0)
5614: (0, 0, 0)
5615: (0, 0, 0)
5616: (0, 0, 0)
5617: (0, 0, 0)
5618: (0, 0, 0)
5619: (0, 0, 0)
5620: (0, 0, 0)
5621: (0, 0, 0)
5622: (0, 0, 0)
5623: (0, 0, 0)
5624: (0, 0, 0)
5625: (0, 0, 0)
5626: (0, 0, 0)
5627: (0, 0, 0)
5628: (0, 0, 0)
5629: (0, 0, 0)
5630: (0, 0, 0)
5631: (0, 0, 0)
5632: (0, 0, 0)
5633: (0, 0, 0)
5634: (0, 0, 0)
5635: (0, 0, 0)
5636: (0, 0, 0)
5637: (0, 0, 0)
5638: (0, 0, 0)
5639: (0, 0, 0)
5640: (0, 0, 0)
5641: (0, 0, 0)
5642: (0, 0, 0)
5643: (0, 0, 0)
5644: (0, 0, 0)
5645: (0, 0, 0)
5646: (0, 0, 0)
5647: (0, 0, 0)
5648: (0, 0, 0)
5649: (0, 0, 0)
5650: (0, 0, 0)
5651: (0, 0, 0)
5652: (0, 0, 0)
5653: (0, 0, 0)
5654: (0, 0, 0)
5655: (0, 0, 0)
5656: (0, 0, 0)
5657: (0, 0, 0)
5658: (0, 0, 0)
5659: (0, 0, 0)
5660: (0, 0, 0)
5661: (0, 0, 0)
5662: (0, 0, 0)
5663: (0, 0, 0)
5664: (0, 0, 0)
5665: (0, 0, 0)
5666: (0, 0, 0)
5667: (0, 0, 0)
5668: (0, 0, 0)
5669: (0, 0, 0)
5670: (0, 0, 0)
5671: (0, 0, 0)
5672: (0, 0, 0)
5673: (0, 0, 0)
5674: (0, 0, 0)
5675: (0, 0, 0)
5676: (0, 0, 0)
5677: (0, 0, 0)
5678: (0, 0, 0)
5679: (0, 0, 0)
5680: (0, 0, 0)
5681: (0, 0, 0)
5682: (0, 0, 0)
5683: (0, 0, 0)
5684: (0, 0, 0)
5685: (0, 0, 0)
5686: (0, 0, 0)
5687: (0, 0, 0)
5688: (0, 0, 0)
5689: (0, 0, 0)
5690: (0, 0, 0)
5691: (0, 0, 0)
5692: (0, 0, 0)
5693: (0, 0, 0)
5694: (0, 0, 0)
5695: (0, 0, 0)
5696: (0, 0, 0)
5697: (0, 0, 0)
5698: (0, 0, 0)
5699: (0, 0, 0)
5700: (0, 0, 0)
5701: (0, 0, 0)
5702: (0, 0, 0)
5703: (0, 0, 0)
5704: (0, 0, 0)
5705: (0, 0, 0)
5706: (0, 0, 0)
5707: (0, 0, 0)
5708: (0, 0, 0)
5709: (0, 0, 0)
5710: (0, 0, 0)
5711: (0, 0, 0)
5712: (0, 0, 0)
5713: (0, 0, 0)
5714: (0, 0, 0)
5715: (0, 0, 0)
5716: (0, 0, 0)
5717: (0, 0, 0)
5718: (0, 0, 0)
5719: (0, 0, 0)
5720: (0, 0, 0)
5721: (0, 0, 0)
5722: (0, 0, 0)
5723: (0, 0, 0)
5724: (0, 0, 0)
5725: (0, 0, 0)
5726: (0, 0, 0)
5727: (0, 0, 0)
5728: (0, 0, 0)
5729: (0, 0, 0)
5730: (0, 0, 0)
5731: (0, 0, 0)
5732: (0, 0, 0)
5733: (0, 0, 0)
5734: (0, 0, 0)
5735: (0, 0, 0)
5736: (0, 0, 0)
5737: (0, 0, 0)
5738: (0, 0, 0)
5739: (0, 0, 0)
5740: (0, 0, 0)
5741: (0, 0, 0)
5742: (0, 0, 0)
5743: (0, 0, 0)
5744: (0, 0, 0)
5745: (0, 0, 0)
5746: (0, 0, 0)
5747: (0, 0, 0)
5748: (0, 0, 0)
5749: (0, 0, 0)
5750: (0, 0, 0)
5751: (0, 0, 0)
5752: (0, 0, 0)
5753: (0, 0, 0)
5754: (0, 0, 0)
5755: (0, 0, 0)
5756: (0, 0, 0)
5757: (0, 0, 0)
5758: (0, 0, 0)
5759: (0, 0, 0)
5760: (0, 0, 0)
5761: (0, 0, 0)
5762: (0, 0, 0)
5763: (0, 0, 0)
5764: (0, 0, 0)
5765: (0, 0, 0)
5766: (0, 0, 0)
5767: (0, 0, 0)
5768: (0, 0, 0)
5769: (0, 0, 0)
5770: (0, 0, 0)
5771: (0, 0, 0)
5772: (0, 0, 0)
5773: (0, 0, 0)
5774: (0, 0, 0)
5775: (0, 0, 0)
5776: (0, 0, 0)
5777: (0, 0, 0)
5778: (0, 0, 0)
5779: (0, 0, 0)
5780: (0, 0, 0)
5781: (0, 0, 0)
5782: (0, 0, 0)
5783: (0, 0, 0)
5784: (0, 0, 0)
5785: (0, 0, 0)
5786: (0, 0, 0)
5787: (0, 0, 0)
5788: (0, 0, 0)
5789: (0, 0, 0)
5790: (0, 0, 0)
5791: (0, 0, 0)
5792: (0, 0, 0)
5793: (0, 0, 0)
5794: (0, 0, 0)
5795: (0, 0, 0)
5796: (0, 0, 0)
5797: (0, 0, 0)
5798: (0, 0, 0)
5799: (0, 0, 0)
5800: (0, 0, 0)
5801: (0, 0, 0)
5802: (0, 0, 0)
5803: (0, 0, 0)
5804: (0, 0, 0)
5805: (0, 0, 0)
5806: (0, 0, 0)
5807: (0, 0, 0)
5808: (0, 0, 0)
5809: (0, 0, 0)
5810: (0, 0, 0)
5811: (0, 0, 0)
5812: (0, 0, 0)
5813: (0, 0, 0)
5814: (0, 0, 0)
5815: (0, 0, 0)
5816: (0, 0, 0)
5817: (0, 0, 0)
5818: (0, 0, 0)
5819: (0, 0, 0)
5820: (0, 0, 0)
5821: (0, 0, 0)
5822: (0, 0, 0)
5823: (0, 0, 0)
5824: (0, 0, 0)
5825: (0, 0, 0)
5826: (0, 0, 0)
5827: (0, 0, 0)
5828: (0, 0, 0)
5829: (0, 0, 0)
5830: (0, 0, 0)
5831: (0, 0, 0)
5832: (0, 0, 0)
5833: (0, 0, 0)
5834: (0, 0, 0)
5835: (0, 0, 0)
5836: (0, 0, 0)
5837: (0, 0, 0)
5838: (0, 0, 0)
5839: (0, 0, 0)
5840: (0, 0, 0)
5841: (0, 0, 0)
5842: (0, 0, 0)
5843: (0, 0, 0)
5844: (0, 0, 0)
5845: (0, 0, 0)
5846: (0, 0, 0)
5847: (0, 0, 0)
5848: (0, 0, 0)
5849: (0, 0, 0)
5850: (0, 0, 0)
5851: (0, 0, 0)
5852: (0, 0, 0)
5853: (0, 0, 0)
5854: (0, 0, 0)
5855: (0, 0, 0)
5856: (0, 0, 0)
5857: (0, 0, 0)
5858: (0, 0, 0)
5859: (0, 0, 0)
5860: (0, 0, 0)
5861: (0, 0, 0)
5862: (0, 0, 0)
5863: (0, 0, 0)
5864: (0, 0, 0)
5865: (0, 0, 0)
5866: (0, 0, 0)
5867: (0, 0, 0)
5868: (0, 0, 0)
5869: (0, 0, 0)
5870: (0, 0, 0)
5871: (0, 0, 0)
5872: (0, 0, 0)
5873: (0, 0, 0)
5874: (0, 0, 0)
5875: (0, 0, 0)
5876: (0, 0, 0)
5877: (0, 0, 0)
5878: (0, 0, 0)
5879: (0, 0, 0)
5880: (0, 0, 0)
5881: (0, 0, 0)
5882: (0, 0, 0)
5883: (0, 0, 0)
5884: (0, 0, 0)
5885: (0, 0, 0)
5886: (0, 0, 0)
5887: (0, 0, 0)
5888: (0, 0, 0)
5889: (0, 0, 0)
5890: (0, 0, 0)
5891: (0, 0, 0)
5892: (0, 0, 0)
5893: (0, 0, 0)
5894: (0, 0, 0)
5895: (0, 0, 0)
5896: (0, 0, 0)
5897: (0, 0, 0)
5898: (0, 0, 0)
5899: (0, 0, 0)
5900: (0, 0, 0)
5901: (0, 0, 0)
5902: (0, 0, 0)
5903: (0, 0, 0)
5904: (0, 0, 0)
5905: (0, 0, 0)
5906: (0, 0, 0)
5907: (0, 0, 0)
5908: (0, 0, 0)
5909: (0, 0, 0)
5910: (0, 0, 0)
5911: (0, 0, 0)
5912: (0, 0, 0)
5913: (0, 0, 0)
5914: (0, 0, 0)
5915: (0, 0, 0)
5916: (0, 0, 0)
5917: (0, 0, 0)
5918: (0, 0, 0)
5919: (0, 0, 0)
5920: (0, 0, 0)
5921: (0, 0, 0)
5922: (0, 0, 0)
5923: (0, 0, 0)
5924: (0, 0, 0)
5925: (0, 0, 0)
5926: (0, 0, 0)
5927: (0, 0, 0)
5928: (0, 0, 0)
5929: (0, 0, 0)
5930: (0, 0, 0)
5931: (0, 0, 0)
5932: (0, 0, 0)
5933: (0, 0, 0)
5934: (0, 0, 0)
5935: (0, 0, 0)
5936: (0, 0, 0)
5937: (0, 0, 0)
5938: (0, 0, 0)
5939: (0, 0, 0)
5940: (0, 0, 0)
5941: (0, 0, 0)
5942: (0, 0, 0)
5943: (0, 0, 0)
5944: (0, 0, 0)
5945: (0, 0, 0)
5946: (0, 0, 0)
5947: (0, 0, 0)
5948: (0, 0, 0)
5949: (0, 0, 0)
5950: (0, 0, 0)
5951: (0, 0, 0)
5952: (0, 0, 0)
5953: (0, 0, 0)
5954: (0, 0, 0)
5955: (0, 0, 0)
5956: (0, 0, 0)
5957: (0, 0, 0)
5958: (0, 0, 0)
5959: (0, 0, 0)
5960: (0, 0, 0)
5961: (0, 0, 0)
5962: (0, 0, 0)
5963: (0, 0, 0)
5964: (0, 0, 0)
5965: (0, 0, 0)
5966: (0, 0, 0)
5967: (0, 0, 0)
5968: (0, 0, 0)
5969: (0, 0, 0)
5970: (0, 0, 0)
5971: (0, 0, 0)
5972: (0, 0, 0)
5973: (0, 0, 0)
5974: (0, 0, 0)
5975: (0, 0, 0)
5976: (0, 0, 0)
5977: (0, 0, 0)
5978: (0, 0, 0)
5979: (0, 0, 0)
5980: (0, 0, 0)
5981: (0, 0, 0)
5982: (0, 0, 0)
5983: (0, 0, 0)
5984: (0, 0, 0)
5985: (0, 0, 0)
5986: (0, 0, 0)
5987: (0, 0, 0)
5988: (0, 0, 0)
5989: (0, 0, 0)
5990: (0, 0, 0)
5991: (0, 0, 0)
5992: (0, 0, 0)
5993: (0, 0, 0)
5994: (0, 0, 0)
5995: (0, 0, 0)
5996: (0, 0, 0)
5997: (0, 0, 0)
5998: (0, 0, 0)
5999: (0, 0, 0)
6000: (0, 0, 0)
6001: (0, 0, 0)
6002: (0, 0, 0)
6003: (0, 0, 0)
6004: (0, 0, 0)
6005: (0, 0, 0)
6006: (0, 0, 0)
6007: (0, 0, 0)
6008: (0, 0, 0)
6009: (0, 0, 0)
6010: (0, 0, 0)
6011: (0, 0, 0)
6012: (0, 0, 0)
6013: (0, 0, 0)
6014: (0, 0, 0)
6015: (0, 0, 0)
6016: (0, 0, 0)
6017: (0, 0, 0)
6018: (0, 0, 0)
6019: (0, 0, 0)
6020: (0, 0, 0)
6021: (0, 0, 0)
6022: (0, 0, 0)
6023: (0, 0, 0)
6024: (0, 0, 0)
6025: (0, 0, 0)
6026: (0, 0, 0)
6027: (0, 0, 0)
6028: (0, 0, 0)
6029: (0, 0, 0)
6030: (0, 0, 0)
6031: (0, 0, 0)
6032: (0, 0, 0)
6033: (0, 0, 0)
6034: (0, 0, 0)
6035: (0, 0, 0)
6036: (0, 0, 0)
6037: (0, 0, 0)
6038: (0, 0, 0)
6039: (0, 0, 0)
6040: (0, 0, 0)
6041: (0, 0, 0)
6042: (0, 0, 0)
6043: (0, 0, 0)
6044: (0, 0, 0)
6045: (0, 0, 0)
6046: (0, 0, 0)
6047: (0, 0, 0)
6048: (0, 0, 0)
6049: (0, 0, 0)
6050: (0, 0, 0)
6051: (0, 0, 0)
6052: (0, 0, 0)
6053: (0, 0, 0)
6054: (0, 0, 0)
6055: (0, 0, 0)
6056: (0, 0, 0)
6057: (0, 0, 0)
6058: (0, 0, 0)
6059: (0, 0, 0)
6060: (0, 0, 0)
6061: (0, 0, 0)
6062: (0, 0, 0)
6063: (0, 0, 0)
6064: (0, 0, 0)
6065: (0, 0, 0)
6066: (0, 0, 0)
6067: (0, 0, 0)
6068: (0, 0, 0)
6069: (0, 0, 0)
6070: (0, 0, 0)
6071: (0, 0, 0)
6072: (0, 0, 0)
6073: (0, 0, 0)
6074: (0, 0, 0)
6075: (0, 0, 0)
6076: (0, 0, 0)
6077: (0, 0, 0)
6078: (0, 0, 0)
6079: (0, 0, 0)
6080: (0, 0, 0)
6081: (0, 0, 0)
6082: (0, 0, 0)
6083: (0, 0, 0)
6084: (0, 0, 0)
6085: (0, 0, 0)
6086: (0, 0, 0)
6087: (0, 0, 0)
6088: (0, 0, 0)
6089: (0, 0, 0)
6090: (0, 0, 0)
6091: (0, 0, 0)
6092: (0, 0, 0)
6093: (0, 0, 0)
6094: (0, 0, 0)
6095: (0, 0, 0)
6096: (0, 0, 0)
6097: (0, 0, 0)
6098: (0, 0, 0)
6099: (0, 0, 0)
6100: (0, 0, 0)
6101: (0, 0, 0)
6102: (0, 0, 0)
6103: (0, 0, 0)
6104: (0, 0, 0)
6105: (0, 0, 0)
6106: (0, 0, 0)
6107: (0, 0, 0)
6108: (0, 0, 0)
6109: (0, 0, 0)
6110: (0, 0, 0)
6111: (0, 0, 0)
6112: (0, 0, 0)
6113: (0, 0, 0)
6114: (0, 0, 0)
6115: (0, 0, 0)
6116: (0, 0, 0)
6117: (0, 0, 0)
6118: (0, 0, 0)
6119: (0, 0, 0)
6120: (0, 0, 0)
6121: (0, 0, 0)
6122: (0, 0, 0)
6123: (0, 0, 0)
6124: (0, 0, 0)
6125: (0, 0, 0)
6126: (0, 0, 0)
6127: (0, 0, 0)
6128: (0, 0, 0)
6129: (0, 0, 0)
6130: (0, 0, 0)
6131: (0, 0, 0)
6132: (0, 0, 0)
6133: (0, 0, 0)
6134: (0, 0, 0)
6135: (0, 0, 0)
6136: (0, 0, 0)
6137: (0, 0, 0)
6138: (0, 0, 0)
6139: (0, 0, 0)
6140: (0, 0, 0)
6141: (0, 0, 0)
6142: (0, 0, 0)
6143: (0, 0, 0)
6144: (0, 0, 0)
6145: (0, 0, 0)
6146: (0, 0, 0)
6147: (0, 0, 0)
6148: (0, 0, 0)
6149: (0, 0, 0)
6150: (0, 0, 0)
6151: (0, 0, 0)
6152: (0, 0, 0)
6153: (0, 0, 0)
6154: (0, 0, 0)
6155: (0, 0, 0)
6156: (0, 0, 0)
6157: (0, 0, 0)
6158: (0, 0, 0)
6159: (0, 0, 0)
6160: (0, 0, 0)
6161: (0, 0, 0)
6162: (0, 0, 0)
6163: (0, 0, 0)
6164: (0, 0, 0)
6165: (0, 0, 0)
6166: (0, 0, 0)
6167: (0, 0, 0)
6168: (0, 0, 0)
6169: (0, 0, 0)
6170: (0, 0, 0)
6171: (0, 0, 0)
6172: (0, 0, 0)
6173: (0, 0, 0)
6174: (0, 0, 0)
6175: (0, 0, 0)
6176: (0, 0, 0)
6177: (0, 0, 0)
6178: (0, 0, 0)
6179: (0, 0, 0)
6180: (0, 0, 0)
6181: (0, 0, 0)
6182: (0, 0, 0)
6183: (0, 0, 0)
6184: (0, 0, 0)
6185: (0, 0, 0)
6186: (0, 0, 0)
6187: (0, 0, 0)
6188: (0, 0, 0)
6189: (0, 0, 0)
6190: (0, 0, 0)
6191: (0, 0, 0)
6192: (0, 0, 0)
6193: (0, 0, 0)
6194: (0, 0, 0)
6195: (0, 0, 0)
6196: (0, 0, 0)
6197: (0, 0, 0)
6198: (0, 0, 0)
6199: (0, 0, 0)
6200: (0, 0, 0)
6201: (0, 0, 0)
6202: (0, 0, 0)
6203: (0, 0, 0)
6204: (0, 0, 0)
6205: (0, 0, 0)
6206: (0, 0, 0)
6207: (0, 0, 0)
6208: (0, 0, 0)
6209: (0, 0, 0)
6210: (0, 0, 0)
6211: (0, 0, 0)
6212: (0, 0, 0)
6213: (0, 0, 0)
6214: (0, 0, 0)
6215: (0, 0, 0)
6216: (0, 0, 0)
6217: (0, 0, 0)
6218: (0, 0, 0)
6219: (0, 0, 0)
6220: (0, 0, 0)
6221: (0, 0, 0)
6222: (0, 0, 0)
6223: (0, 0, 0)
6224: (0, 0, 0)
6225: (0, 0, 0)
6226: (0, 0, 0)
6227: (0, 0, 0)
6228: (0, 0, 0)
6229: (0, 0, 0)
6230: (0, 0, 0)
6231: (0, 0, 0)
6232: (0, 0, 0)
6233: (0, 0, 0)
6234: (0, 0, 0)
6235: (0, 0, 0)
6236: (0, 0, 0)
6237: (0, 0, 0)
6238: (0, 0, 0)
6239: (0, 0, 0)
6240: (0, 0, 0)
6241: (0, 0, 0)
6242: (0, 0, 0)
6243: (0, 0, 0)
6244: (0, 0, 0)
6245: (0, 0, 0)
6246: (0, 0, 0)
6247: (0, 0, 0)
6248: (0, 0, 0)
6249: (0, 0, 0)
6250: (0, 0, 0)
6251: (0, 0, 0)
6252: (0, 0, 0)
6253: (0, 0, 0)
6254: (0, 0, 0)
6255: (0, 0, 0)
6256: (0, 0, 0)
6257: (0, 0, 0)
6258: (0, 0, 0)
6259: (0, 0, 0)
6260: (0, 0, 0)
6261: (0, 0, 0)
6262: (0, 0, 0)
6263: (0, 0, 0)
6264: (0, 0, 0)
6265: (0, 0, 0)
6266: (0, 0, 0)
6267: (0, 0, 0)
6268: (0, 0, 0)
6269: (0, 0, 0)
6270: (0, 0, 0)
6271: (0, 0, 0)
6272: (0, 0, 0)
6273: (0, 0, 0)
6274: (0, 0, 0)
6275: (0, 0, 0)
6276: (0, 0, 0)
6277: (0, 0, 0)
6278: (0, 0, 0)
6279: (0, 0, 0)
6280: (0, 0, 0)
6281: (0, 0, 0)
6282: (0, 0, 0)
6283: (0, 0, 0)
6284: (0, 0, 0)
6285: (0, 0, 0)
6286: (0, 0, 0)
6287: (0, 0, 0)
6288: (0, 0, 0)
6289: (0, 0, 0)
6290: (0, 0, 0)
6291: (0, 0, 0)
6292: (0, 0, 0)
6293: (0, 0, 0)
6294: (0, 0, 0)
6295: (0, 0, 0)
6296: (0, 0, 0)
6297: (0, 0, 0)
6298: (0, 0, 0)
6299: (0, 0, 0)
6300: (0, 0, 0)
6301: (0, 0, 0)
6302: (0, 0, 0)
6303: (0, 0, 0)
6304: (0, 0, 0)
6305: (0, 0, 0)
6306: (0, 0, 0)
6307: (0, 0, 0)
6308: (0, 0, 0)
6309: (0, 0, 0)
6310: (0, 0, 0)
6311: (0, 0, 0)
6312: (0, 0, 0)
6313: (0, 0, 0)
6314: (0, 0, 0)
6315: (0, 0, 0)
6316: (0, 0, 0)
6317: (0, 0, 0)
6318: (0, 0, 0)
6319: (0, 0, 0)
6320: (0, 0, 0)
6321: (0, 0, 0)
6322: (0, 0, 0)
6323: (0, 0, 0)
6324: (0, 0, 0)
6325: (0, 0, 0)
6326: (0, 0, 0)
6327: (0, 0, 0)
6328: (0, 0, 0)
6329: (0, 0, 0)
6330: (0, 0, 0)
6331: (0, 0, 0)
6332: (0, 0, 0)
6333: (0, 0, 0)
6334: (0, 0, 0)
6335: (0, 0, 0)
6336: (0, 0, 0)
6337: (0, 0, 0)
6338: (0, 0, 0)
6339: (0, 0, 0)
6340: (0, 0, 0)
6341: (0, 0, 0)
6342: (0, 0, 0)
6343: (0, 0, 0)
6344: (0, 0, 0)
6345: (0, 0, 0)
6346: (0, 0, 0)
6347: (0, 0, 0)
6348: (0, 0, 0)
6349: (0, 0, 0)
6350: (0, 0, 0)
6351: (0, 0, 0)
6352: (0, 0, 0)
6353: (0, 0, 0)
6354: (0, 0, 0)
6355: (0, 0, 0)
6356: (0, 0, 0)
6357: (0, 0, 0)
6358: (0, 0, 0)
6359: (0, 0, 0)
6360: (0, 0, 0)
6361: (0, 0, 0)
6362: (0, 0, 0)
6363: (0, 0, 0)
6364: (0, 0, 0)
6365: (0, 0, 0)
6366: (0, 0, 0)
6367: (0, 0, 0)
6368: (0, 0, 0)
6369: (0, 0, 0)
6370: (0, 0, 0)
6371: (0, 0, 0)
6372: (0, 0, 0)
6373: (0, 0, 0)
6374: (0, 0, 0)
6375: (0, 0, 0)
6376: (0, 0, 0)
6377: (0, 0, 0)
6378: (0, 0, 0)
6379: (0, 0, 0)
6380: (0, 0, 0)
6381: (0, 0, 0)
6382: (0, 0, 0)
6383: (0, 0, 0)
6384: (0, 0, 0)
6385: (0, 0, 0)
6386: (0, 0, 0)
6387: (0, 0, 0)
6388: (0, 0, 0)
6389: (0, 0, 0)
6390: (0, 0, 0)
6391: (0, 0, 0)
6392: (0, 0, 0)
6393: (0, 0, 0)
6394: (0, 0, 0)
6395: (0, 0, 0)
6396: (0, 0, 0)
6397: (0, 0, 0)
6398: (0, 0, 0)
6399: (0, 0, 0)
6400: (0, 0, 0)
6401: (0, 0, 0)
6402: (0, 0, 0)
6403: (0, 0, 0)
6404: (0, 0, 0)
6405: (0, 0, 0)
6406: (0, 0, 0)
6407: (0, 0, 0)
6408: (0, 0, 0)
6409: (0, 0, 0)
6410: (0, 0, 0)
6411: (0, 0, 0)
6412: (0, 0, 0)
6413: (0, 0, 0)
6414: (0, 0, 0)
6415: (0, 0, 0)
6416: (0, 0, 0)
6417: (0, 0, 0)
6418: (0, 0, 0)
6419: (0, 0, 0)
6420: (0, 0, 0)
6421: (0, 0, 0)
6422: (0, 0, 0)
6423: (0, 0, 0)
6424: (0, 0, 0)
6425: (0, 0, 0)
6426: (0, 0, 0)
6427: (0, 0, 0)
6428: (0, 0, 0)
6429: (0, 0, 0)
6430: (0, 0, 0)
6431: (0, 0, 0)
6432: (0, 0, 0)
6433: (0, 0, 0)
6434: (0, 0, 0)
6435: (0, 0, 0)
6436: (0, 0, 0)
6437: (0, 0, 0)
6438: (0, 0, 0)
6439: (0, 0, 0)
6440: (0, 0, 0)
6441: (0, 0, 0)
6442: (0, 0, 0)
6443: (0, 0, 0)
6444: (0, 0, 0)
6445: (0, 0, 0)
6446: (0, 0, 0)
6447: (0, 0, 0)
6448: (0, 0, 0)
6449: (0, 0, 0)
6450: (0, 0, 0)
6451: (0, 0, 0)
6452: (0, 0, 0)
6453: (0, 0, 0)
6454: (0, 0, 0)
6455: (0, 0, 0)
6456: (0, 0, 0)
6457: (0, 0, 0)
6458: (0, 0, 0)
6459: (0, 0, 0)
6460: (0, 0, 0)
6461: (0, 0, 0)
6462: (0, 0, 0)
6463: (0, 0, 0)
6464: (0, 0, 0)
6465: (0, 0, 0)
6466: (0, 0, 0)
6467: (0, 0, 0)
6468: (0, 0, 0)
6469: (0, 0, 0)
6470: (0, 0, 0)
6471: (0, 0, 0)
6472: (0, 0, 0)
6473: (0, 0, 0)
6474: (0, 0, 0)
6475: (0, 0, 0)
6476: (0, 0, 0)
6477: (0, 0, 0)
6478: (0, 0, 0)
6479: (0, 0, 0)
6480: (0, 0, 0)
6481: (0, 0, 0)
6482: (0, 0, 0)
6483: (0, 0, 0)
6484: (0, 0, 0)
6485: (0, 0, 0)
6486: (0, 0, 0)
6487: (0, 0, 0)
6488: (0, 0, 0)
6489: (0, 0, 0)
6490: (0, 0, 0)
6491: (0, 0, 0)
6492: (0, 0, 0)
6493: (0, 0, 0)
6494: (0, 0, 0)
6495: (0, 0, 0)
6496: (0, 0, 0)
6497: (0, 0, 0)
6498: (0, 0, 0)
6499: (0, 0, 0)
6500: (0, 0, 0)
6501: (0, 0, 0)
6502: (0, 0, 0)
6503: (0, 0, 0)
6504: (0, 0, 0)
6505: (0, 0, 0)
6506: (0, 0, 0)
6507: (0, 0, 0)
6508: (0, 0, 0)
6509: (0, 0, 0)
6510: (0, 0, 0)
6511: (0, 0, 0)
6512: (0, 0, 0)
6513: (0, 0, 0)
6514: (0, 0, 0)
6515: (0, 0, 0)
6516: (0, 0, 0)
6517: (0, 0, 0)
6518: (0, 0, 0)
6519: (0, 0, 0)
6520: (0, 0, 0)
6521: (0, 0, 0)
6522: (0, 0, 0)
6523: (0, 0, 0)
6524: (0, 0, 0)
6525: (0, 0, 0)
6526: (0, 0, 0)
6527: (0, 0, 0)
6528: (0, 0, 0)
6529: (0, 0, 0)
6530: (0, 0, 0)
6531: (0, 0, 0)
6532: (0, 0, 0)
6533: (0, 0, 0)
6534: (0, 0, 0)
6535: (0, 0, 0)
6536: (0, 0, 0)
6537: (0, 0, 0)
6538: (0, 0, 0)
6539: (0, 0, 0)
6540: (0, 0, 0)
6541: (0, 0, 0)
6542: (0, 0, 0)
6543: (0, 0, 0)
6544: (0, 0, 0)
6545: (0, 0, 0)
6546: (0, 0, 0)
6547: (0, 0, 0)
6548: (0, 0, 0)
6549: (0, 0, 0)
6550: (0, 0, 0)
6551: (0, 0, 0)
6552: (0, 0, 0)
6553: (0, 0, 0)
6554: (0, 0, 0)
6555: (0, 0, 0)
6556: (0, 0, 0)
6557: (0, 0, 0)
6558: (0, 0, 0)
6559: (0, 0, 0)
6560: (0, 0, 0)
6561: (0, 0, 0)
6562: (0, 0, 0)
6563: (0, 0, 0)
6564: (0, 0, 0)
6565: (0, 0, 0)
6566: (0, 0, 0)
6567: (0, 0, 0)
6568: (0, 0, 0)
6569: (0, 0, 0)
6570: (0, 0, 0)
6571: (0, 0, 0)
6572: (0, 0, 0)
6573: (0, 0, 0)
6574: (0, 0, 0)
6575: (0, 0, 0)
6576: (0, 0, 0)
6577: (0, 0, 0)
6578: (0, 0, 0)
6579: (0, 0, 0)
6580: (0, 0, 0)
6581: (0, 0, 0)
6582: (0, 0, 0)
6583: (0, 0, 0)
6584: (0, 0, 0)
6585: (0, 0, 0)
6586: (0, 0, 0)
6587: (0, 0, 0)
6588: (0, 0, 0)
6589: (0, 0, 0)
6590: (0, 0, 0)
6591: (0, 0, 0)
6592: (0, 0, 0)
6593: (0, 0, 0)
6594: (0, 0, 0)
6595: (0, 0, 0)
6596: (0, 0, 0)
6597: (0, 0, 0)
6598: (0, 0, 0)
6599: (0, 0, 0)
6600: (0, 0, 0)
6601: (0, 0, 0)
6602: (0, 0, 0)
6603: (0, 0, 0)
6604: (0, 0, 0)
6605: (0, 0, 0)
6606: (0, 0, 0)
6607: (0, 0, 0)
6608: (0, 0, 0)
6609: (0, 0, 0)
6610: (0, 0, 0)
6611: (0, 0, 0)
6612: (0, 0, 0)
6613: (0, 0, 0)
6614: (0, 0, 0)
6615: (0, 0, 0)
6616: (0, 0, 0)
6617: (0, 0, 0)
6618: (0, 0, 0)
6619: (0, 0, 0)
6620: (0, 0, 0)
6621: (0, 0, 0)
6622: (0, 0, 0)
6623: (0, 0, 0)
6624: (0, 0, 0)
6625: (0, 0, 0)
6626: (0, 0, 0)
6627: (0, 0, 0)
6628: (0, 0, 0)
6629: (0, 0, 0)
6630: (0, 0, 0)
6631: (0, 0, 0)
6632: (0, 0, 0)
6633: (0, 0, 0)
6634: (0, 0, 0)
6635: (0, 0, 0)
6636: (0, 0, 0)
6637: (0, 0, 0)
6638: (0, 0, 0)
6639: (0, 0, 0)
6640: (0, 0, 0)
6641: (0, 0, 0)
6642: (0, 0, 0)
6643: (0, 0, 0)
6644: (0, 0, 0)
6645: (0, 0, 0)
6646: (0, 0, 0)
6647: (0, 0, 0)
6648: (0, 0, 0)
6649: (0, 0, 0)
6650: (0, 0, 0)
6651: (0, 0, 0)
6652: (0, 0, 0)
6653: (0, 0, 0)
6654: (0, 0, 0)
6655: (0, 0, 0)
6656: (0, 0, 0)
6657: (0, 0, 0)
6658: (0, 0, 0)
6659: (0, 0, 0)
6660: (0, 0, 0)
6661: (0, 0, 0)
6662: (0, 0, 0)
6663: (0, 0, 0)
6664: (0, 0, 0)
6665: (0, 0, 0)
6666: (0, 0, 0)
6667: (0, 0, 0)
6668: (0, 0, 0)
6669: (0, 0, 0)
6670: (0, 0, 0)
6671: (0, 0, 0)
6672: (0, 0, 0)
6673: (0, 0, 0)
6674: (0, 0, 0)
6675: (0, 0, 0)
6676: (0, 0, 0)
6677: (0, 0, 0)
6678: (0, 0, 0)
6679: (0, 0, 0)
6680: (0, 0, 0)
6681: (0, 0, 0)
6682: (0, 0, 0)
6683: (0, 0, 0)
6684: (0, 0, 0)
6685: (0, 0, 0)
6686: (0, 0, 0)
6687: (0, 0, 0)
6688: (0, 0, 0)
6689: (0, 0, 0)
6690: (0, 0, 0)
6691: (0, 0, 0)
6692: (0, 0, 0)
6693: (0, 0, 0)
6694: (0, 0, 0)
6695: (0, 0, 0)
6696: (0, 0, 0)
6697: (0, 0, 0)
6698: (0, 0, 0)
6699: (0, 0, 0)
6700: (0, 0, 0)
6701: (0, 0, 0)
6702: (0, 0, 0)
6703: (0, 0, 0)
6704: (0, 0, 0)
6705: (0, 0, 0)
6706: (0, 0, 0)
6707: (0, 0, 0)
6708: (0, 0, 0)
6709: (0, 0, 0)
6710: (0, 0, 0)
6711: (0, 0, 0)
6712: (0, 0, 0)
6713: (0, 0, 0)
6714: (0, 0, 0)
6715: (0, 0, 0)
6716: (0, 0, 0)
6717: (0, 0, 0)
6718: (0, 0, 0)
6719: (0, 0, 0)
6720: (0, 0, 0)
6721: (0, 0, 0)
6722: (0, 0, 0)
6723: (0, 0, 0)
6724: (0, 0, 0)
6725: (0, 0, 0)
6726: (0, 0, 0)
6727: (0, 0, 0)
6728: (0, 0, 0)
6729: (0, 0, 0)
6730: (0, 0, 0)
6731: (0, 0, 0)
6732: (0, 0, 0)
6733: (0, 0, 0)
6734: (0, 0, 0)
6735: (0, 0, 0)
6736: (0, 0, 0)
6737: (0, 0, 0)
6738: (0, 0, 0)
6739: (0, 0, 0)
6740: (0, 0, 0)
6741: (0, 0, 0)
6742: (0, 0, 0)
6743: (0, 0, 0)
6744: (0, 0, 0)
6745: (0, 0, 0)
6746: (0, 0, 0)
6747: (0, 0, 0)
6748: (0, 0, 0)
6749: (0, 0, 0)
6750: (0, 0, 0)
6751: (0, 0, 0)
6752: (0, 0, 0)
6753: (0, 0, 0)
6754: (0, 0, 0)
6755: (0, 0, 0)
6756: (0, 0, 0)
6757: (0, 0, 0)
6758: (0, 0, 0)
6759: (0, 0, 0)
6760: (0, 0, 0)
6761: (0, 0, 0)
6762: (0, 0, 0)
6763: (0, 0, 0)
6764: (0, 0, 0)
6765: (0, 0, 0)
6766: (0, 0, 0)
6767: (0, 0, 0)
6768: (0, 0, 0)
6769: (0, 0, 0)
6770: (0, 0, 0)
6771: (0, 0, 0)
6772: (0, 0, 0)
6773: (0, 0, 0)
6774: (0, 0, 0)
6775: (0, 0, 0)
6776: (0, 0, 0)
6777: (0, 0, 0)
6778: (0, 0, 0)
6779: (0, 0, 0)
6780: (0, 0, 0)
6781: (0, 0, 0)
6782: (0, 0, 0)
6783: (0, 0, 0)
6784: (0, 0, 0)
6785: (0, 0, 0)
6786: (0, 0, 0)
6787: (0, 0, 0)
6788: (0, 0, 0)
6789: (0, 0, 0)
6790: (0, 0, 0)
6791: (0, 0, 0)
6792: (0, 0, 0)
6793: (0, 0, 0)
6794: (0, 0, 0)
6795: (0, 0, 0)
6796: (0, 0, 0)
6797: (0, 0, 0)
6798: (0, 0, 0)
6799: (0, 0, 0)
6800: (0, 0, 0)
6801: (0, 0, 0)
6802: (0, 0, 0)
6803: (0, 0, 0)
6804: (0, 0, 0)
6805: (0, 0, 0)
6806: (0, 0, 0)
6807: (0, 0, 0)
6808: (0, 0, 0)
6809: (0, 0, 0)
6810: (0, 0, 0)
6811: (0, 0, 0)
6812: (0, 0, 0)
6813: (0, 0, 0)
6814: (0, 0, 0)
6815: (0, 0, 0)
6816: (0, 0, 0)
6817: (0, 0, 0)
6818: (0, 0, 0)
6819: (0, 0, 0)
6820: (0, 0, 0)
6821: (0, 0, 0)
6822: (0, 0, 0)
6823: (0, 0, 0)
6824: (0, 0, 0)
6825: (0, 0, 0)
6826: (0, 0, 0)
6827: (0, 0, 0)
6828: (0, 0, 0)
6829: (0, 0, 0)
6830: (0, 0, 0)
6831: (0, 0, 0)
6832: (0, 0, 0)
6833: (0, 0, 0)
6834: (0, 0, 0)
6835: (0, 0, 0)
6836: (0, 0, 0)
6837: (0, 0, 0)
6838: (0, 0, 0)
6839: (0, 0, 0)
6840: (0, 0, 0)
6841: (0, 0, 0)
6842: (0, 0, 0)
6843: (0, 0, 0)
6844: (0, 0, 0)
6845: (0, 0, 0)
6846: (0, 0, 0)
6847: (0, 0, 0)
6848: (0, 0, 0)
6849: (0, 0, 0)
6850: (0, 0, 0)
6851: (0, 0, 0)
6852: (0, 0, 0)
6853: (0, 0, 0)
6854: (0, 0, 0)
6855: (0, 0, 0)
6856: (0, 0, 0)
6857: (0, 0, 0)
6858: (0, 0, 0)
6859: (0, 0, 0)
6860: (0, 0, 0)
6861: (0, 0, 0)
6862: (0, 0, 0)
6863: (0, 0, 0)
6864: (0, 0, 0)
6865: (0, 0, 0)
6866: (0, 0, 0)
6867: (0, 0, 0)
6868: (0, 0, 0)
6869: (0, 0, 0)
6870: (0, 0, 0)
6871: (0, 0, 0)
6872: (0, 0, 0)
6873: (0, 0, 0)
6874: (0, 0, 0)
6875: (0, 0, 0)
6876: (0, 0, 0)
6877: (0, 0, 0)
6878: (0, 0, 0)
6879: (0, 0, 0)
6880: (0, 0, 0)
6881: (0, 0, 0)
6882: (0, 0, 0)
6883: (0, 0, 0)
6884: (0, 0, 0)
6885: (0, 0, 0)
6886: (0, 0, 0)
6887: (0, 0, 0)
6888: (0, 0, 0)
6889: (0, 0, 0)
6890: (0, 0, 0)
6891: (0, 0, 0)
6892: (0, 0, 0)
6893: (0, 0, 0)
6894: (0, 0, 0)
6895: (0, 0, 0)
6896: (0, 0, 0)
6897: (0, 0, 0)
6898: (0, 0, 0)
6899: (0, 0, 0)
6900: (0, 0, 0)
6901: (0, 0, 0)
6902: (0, 0, 0)
6903: (0, 0, 0)
6904: (0, 0, 0)
6905: (0, 0, 0)
6906: (0, 0, 0)
6907: (0, 0, 0)
6908: (0, 0, 0)
6909: (0, 0, 0)
6910: (0, 0, 0)
6911: (0, 0, 0)
6912: (0, 0, 0)
6913: (0, 0, 0)
6914: (0, 0, 0)
6915: (0, 0, 0)
6916: (0, 0, 0)
6917: (0, 0, 0)
6918: (0, 0, 0)
6919: (0, 0, 0)
6920: (0, 0, 0)
6921: (0, 0, 0)
6922: (0, 0, 0)
6923: (0, 0, 0)
6924: (0, 0, 0)
6925: (0, 0, 0)
6926: (0, 0, 0)
6927: (0, 0, 0)
6928: (0, 0, 0)
6929: (0, 0, 0)
6930: (0, 0, 0)
6931: (0, 0, 0)
6932: (0, 0, 0)
6933: (0, 0, 0)
6934: (0, 0, 0)
6935: (0, 0, 0)
6936: (0, 0, 0)
6937: (0, 0, 0)
6938: (0, 0, 0)
6939: (0, 0, 0)
6940: (0, 0, 0)
6941: (0, 0, 0)
6942: (0, 0, 0)
6943: (0, 0, 0)
6944: (0, 0, 0)
6945: (0, 0, 0)
6946: (0, 0, 0)
6947: (0, 0, 0)
6948: (0, 0, 0)
6949: (0, 0, 0)
6950: (0, 0, 0)
6951: (0, 0, 0)
6952: (0, 0, 0)
6953: (0, 0, 0)
6954: (0, 0, 0)
6955: (0, 0, 0)
6956: (0, 0, 0)
6957: (0, 0, 0)
6958: (0, 0, 0)
6959: (0, 0, 0)
6960: (0, 0, 0)
6961: (0, 0, 0)
6962: (0, 0, 0)
6963: (0, 0, 0)
6964: (0, 0, 0)
6965: (0, 0, 0)
6966: (0, 0, 0)
6967: (0, 0, 0)
6968: (0, 0, 0)
6969: (0, 0, 0)
6970: (0, 0, 0)
6971: (0, 0, 0)
6972: (0, 0, 0)
6973: (0, 0, 0)
6974: (0, 0, 0)
6975: (0, 0, 0)
6976: (0, 0, 0)
6977: (0, 0, 0)
6978: (0, 0, 0)
6979: (0, 0, 0)
6980: (0, 0, 0)
6981: (0, 0, 0)
6982: (0, 0, 0)
6983: (0, 0, 0)
6984: (0, 0, 0)
6985: (0, 0, 0)
6986: (0, 0, 0)
6987: (0, 0, 0)
6988: (0, 0, 0)
6989: (0, 0, 0)
6990: (0, 0, 0)
6991: (0, 0, 0)
6992: (0, 0, 0)
6993: (0, 0, 0)
6994: (0, 0, 0)
6995: (0, 0, 0)
6996: (0, 0, 0)
6997: (0, 0, 0)
6998: (0, 0, 0)
6999: (0, 0, 0)
7000: (0, 0, 0)
7001: (0, 0, 0)
7002: (0, 0, 0)
7003: (0, 0, 0)
7004: (0, 0, 0)
7005: (0, 0, 0)
7006: (0, 0, 0)
7007: (0, 0, 0)
7008: (0, 0, 0)
7009: (0, 0, 0)
7010: (0, 0, 0)
7011: (0, 0, 0)
7012: (0, 0, 0)
7013: (0, 0, 0)
7014: (0, 0, 0)
7015: (0, 0, 0)
7016: (0, 0, 0)
7017: (0, 0, 0)
7018: (0, 0, 0)
7019: (0, 0, 0)
7020: (0, 0, 0)
7021: (0, 0, 0)
7022: (0, 0, 0)
7023: (0, 0, 0)
7024: (0, 0, 0)
7025: (0, 0, 0)
7026: (0, 0, 0)
7027: (0, 0, 0)
7028: (0, 0, 0)
7029: (0, 0, 0)
7030: (0, 0, 0)
7031: (0, 0, 0)
7032: (0, 0, 0)
7033: (0, 0, 0)
7034: (0, 0, 0)
7035: (0, 0, 0)
7036: (0, 0, 0)
7037: (0, 0, 0)
7038: (0, 0, 0)
7039: (0, 0, 0)
7040: (0, 0, 0)
7041: (0, 0, 0)
7042: (0, 0, 0)
7043: (0, 0, 0)
7044: (0, 0, 0)
7045: (0, 0, 0)
7046: (0, 0, 0)
7047: (0, 0, 0)
7048: (0, 0, 0)
7049: (0, 0, 0)
7050: (0, 0, 0)
7051: (0, 0, 0)
7052: (0, 0, 0)
7053: (0, 0, 0)
7054: (0, 0, 0)
7055: (0, 0, 0)
7056: (0, 0, 0)
7057: (0, 0, 0)
7058: (0, 0, 0)
7059: (0, 0, 0)
7060: (0, 0, 0)
7061: (0, 0, 0)
7062: (0, 0, 0)
7063: (0, 0, 0)
7064: (0, 0, 0)
7065: (0, 0, 0)
7066: (0, 0, 0)
7067: (0, 0, 0)
7068: (0, 0, 0)
7069: (0, 0, 0)
7070: (0, 0, 0)
7071: (0, 0, 0)
7072: (0, 0, 0)
7073: (0, 0, 0)
7074: (0, 0, 0)
7075: (0, 0, 0)
7076: (0, 0, 0)
7077: (0, 0, 0)
7078: (0, 0, 0)
7079: (0, 0, 0)
7080: (0, 0, 0)
7081: (0, 0, 0)
7082: (0, 0, 0)
7083: (0, 0, 0)
7084: (0, 0, 0)
7085: (0, 0, 0)
7086: (0, 0, 0)
7087: (0, 0, 0)
7088: (0, 0, 0)
7089: (0, 0, 0)
7090: (0, 0, 0)
7091: (0, 0, 0)
7092: (0, 0, 0)
7093: (0, 0, 0)
7094: (0, 0, 0)
7095: (0, 0, 0)
7096: (0, 0, 0)
7097: (0, 0, 0)
7098: (0, 0, 0)
7099: (0, 0, 0)
7100: (0, 0, 0)
7101: (0, 0, 0)
7102: (0, 0, 0)
7103: (0, 0, 0)
7104: (0, 0, 0)
7105: (0, 0, 0)
7106: (0, 0, 0)
7107: (0, 0, 0)
7108: (0, 0, 0)
7109: (0, 0, 0)
7110: (0, 0, 0)
7111: (0, 0, 0)
7112: (0, 0, 0)
7113: (0, 0, 0)
7114: (0, 0, 0)
7115: (0, 0, 0)
7116: (0, 0, 0)
7117: (0, 0, 0)
7118: (0, 0, 0)
7119: (0, 0, 0)
7120: (0, 0, 0)
7121: (0, 0, 0)
7122: (0, 0, 0)
7123: (0, 0, 0)
7124: (0, 0, 0)
7125: (0, 0, 0)
7126: (0, 0, 0)
7127: (0, 0, 0)
7128: (0, 0, 0)
7129: (0, 0, 0)
7130: (0, 0, 0)
7131: (0, 0, 0)
7132: (0, 0, 0)
7133: (0, 0, 0)
7134: (0, 0, 0)
7135: (0, 0, 0)
7136: (0, 0, 0)
7137: (0, 0, 0)
7138: (0, 0, 0)
7139: (0, 0, 0)
7140: (0, 0, 0)
7141: (0, 0, 0)
7142: (0, 0, 0)
7143: (0, 0, 0)
7144: (0, 0, 0)
7145: (0, 0, 0)
7146: (0, 0, 0)
7147: (0, 0, 0)
7148: (0, 0, 0)
7149: (0, 0, 0)
7150: (0, 0, 0)
7151: (0, 0, 0)
7152: (0, 0, 0)
7153: (0, 0, 0)
7154: (0, 0, 0)
7155: (0, 0, 0)
7156: (0, 0, 0)
7157: (0, 0, 0)
7158: (0, 0, 0)
7159: (0, 0, 0)
7160: (0, 0, 0)
7161: (0, 0, 0)
7162: (0, 0, 0)
7163: (0, 0, 0)
7164: (0, 0, 0)
7165: (0, 0, 0)
7166: (0, 0, 0)
7167: (0, 0, 0)
7168: (0, 0, 0)
7169: (0, 0, 0)
7170: (0, 0, 0)
7171: (0, 0, 0)
7172: (0, 0, 0)
7173: (0, 0, 0)
7174: (0, 0, 0)
7175: (0, 0, 0)
7176: (0, 0, 0)
7177: (0, 0, 0)
7178: (0, 0, 0)
7179: (0, 0, 0)
7180: (0, 0, 0)
7181: (0, 0, 0)
7182: (0, 0, 0)
7183: (0, 0, 0)
7184: (0, 0, 0)
7185: (0, 0, 0)
7186: (0, 0, 0)
7187: (0, 0, 0)
7188: (0, 0, 0)
7189: (0, 0, 0)
7190: (0, 0, 0)
7191: (0, 0, 0)
7192: (0, 0, 0)
7193: (0, 0, 0)
7194: (0, 0, 0)
7195: (0, 0, 0)
7196: (0, 0, 0)
7197: (0, 0, 0)
7198: (0, 0, 0)
7199: (0, 0, 0)
7200: (0, 0, 0)
7201: (0, 0, 0)
7202: (0, 0, 0)
7203: (0, 0, 0)
7204: (0, 0, 0)
7205: (0, 0, 0)
7206: (0, 0, 0)
7207: (0, 0, 0)
7208: (0, 0, 0)
7209: (0, 0, 0)
7210: (0, 0, 0)
7211: (0, 0, 0)
7212: (0, 0, 0)
7213: (0, 0, 0)
7214: (0, 0, 0)
7215: (0, 0, 0)
7216: (0, 0, 0)
7217: (0, 0, 0)
7218: (0, 0, 0)
7219: (0, 0, 0)
7220: (0, 0, 0)
7221: (0, 0, 0)
7222: (0, 0, 0)
7223: (0, 0, 0)
7224: (0, 0, 0)
7225: (0, 0, 0)
7226: (0, 0, 0)
7227: (0, 0, 0)
7228: (0, 0, 0)
7229: (0, 0, 0)
7230: (0, 0, 0)
7231: (0, 0, 0)
7232: (0, 0, 0)
7233: (0, 0, 0)
7234: (0, 0, 0)
7235: (0, 0, 0)
7236: (0, 0, 0)
7237: (0, 0, 0)
7238: (0, 0, 0)
7239: (0, 0, 0)
7240: (0, 0, 0)
7241: (0, 0, 0)
7242: (0, 0, 0)
7243: (0, 0, 0)
7244: (0, 0, 0)
7245: (0, 0, 0)
7246: (0, 0, 0)
7247: (0, 0, 0)
7248: (0, 0, 0)
7249: (0, 0, 0)
7250: (0, 0, 0)
7251: (0, 0, 0)
7252: (0, 0, 0)
7253: (0, 0, 0)
7254: (0, 0, 0)
7255: (0, 0, 0)
7256: (0, 0, 0)
7257: (0, 0, 0)
7258: (0, 0, 0)
7259: (0, 0, 0)
7260: (0, 0, 0)
7261: (0, 0, 0)
7262: (0, 0, 0)
7263: (0, 0, 0)
7264: (0, 0, 0)
7265: (0, 0, 0)
7266: (0, 0, 0)
7267: (0, 0, 0)
7268: (0, 0, 0)
7269: (0, 0, 0)
7270: (0, 0, 0)
7271: (0, 0, 0)
7272: (0, 0, 0)
7273: (0, 0, 0)
7274: (0, 0, 0)
7275: (0, 0, 0)
7276: (0, 0, 0)
7277: (0, 0, 0)
7278: (0, 0, 0)
7279: (0, 0, 0)
7280: (0, 0, 0)
7281: (0, 0, 0)
7282: (0, 0, 0)
7283: (0, 0, 0)
7284: (0, 0, 0)
7285: (0, 0, 0)
7286: (0, 0, 0)
7287: (0, 0, 0)
7288: (0, 0, 0)
7289: (0, 0, 0)
7290: (0, 0, 0)
7291: (0, 0, 0)
7292: (0, 0, 0)
7293: (0, 0, 0)
7294: (0, 0, 0)
7295: (0, 0, 0)
7296: (0, 0, 0)
7297: (0, 0, 0)
7298: (0, 0, 0)
7299: (0, 0, 0)
7300: (0, 0, 0)
7301: (0, 0, 0)
7302: (0, 0, 0)
7303: (0, 0, 0)
7304: (0, 0, 0)
7305: (0, 0, 0)
7306: (0, 0, 0)
7307: (0, 0, 0)
7308: (0, 0, 0)
7309: (0, 0, 0)
7310: (0, 0, 0)
7311: (0, 0, 0)
7312: (0, 0, 0)
7313: (0, 0, 0)
7314: (0, 0, 0)
7315: (0, 0, 0)
7316: (0, 0, 0)
7317: (0, 0, 0)
7318: (0, 0, 0)
7319: (0, 0, 0)
7320: (0, 0, 0)
7321: (0, 0, 0)
7322: (0, 0, 0)
7323: (0, 0, 0)
7324: (0, 0, 0)
7325: (0, 0, 0)
7326: (0, 0, 0)
7327: (0, 0, 0)
7328: (0, 0, 0)
7329: (0, 0, 0)
7330: (0, 0, 0)
7331: (0, 0, 0)
7332: (0, 0, 0)
7333: (0, 0, 0)
7334: (0, 0, 0)
7335: (0, 0, 0)
7336: (0, 0, 0)
7337: (0, 0, 0)
7338: (0, 0, 0)
7339: (0, 0, 0)
7340: (0, 0, 0)
7341: (0, 0, 0)
7342: (0, 0, 0)
7343: (0, 0, 0)
7344: (0, 0, 0)
7345: (0, 0, 0)
7346: (0, 0, 0)
7347: (0, 0, 0)
7348: (0, 0, 0)
7349: (0, 0, 0)
7350: (0, 0, 0)
7351: (0, 0, 0)
7352: (0, 0, 0)
7353: (0, 0, 0)
7354: (0, 0, 0)
7355: (0, 0, 0)
7356: (0, 0, 0)
7357: (0, 0, 0)
7358: (0, 0, 0)
7359: (0, 0, 0)
7360: (0, 0, 0)
7361: (0, 0, 0)
7362: (0, 0, 0)
7363: (0, 0, 0)
7364: (0, 0, 0)
7365: (0, 0, 0)
7366: (0, 0, 0)
7367: (0, 0, 0)
7368: (0, 0, 0)
7369: (0, 0, 0)
7370: (0, 0, 0)
7371: (0, 0, 0)
7372: (0, 0, 0)
7373: (0, 0, 0)
7374: (0, 0, 0)
7375: (0, 0, 0)
7376: (0, 0, 0)
7377: (0, 0, 0)
7378: (0, 0, 0)
7379: (0, 0, 0)
7380: (0, 0, 0)
7381: (0, 0, 0)
7382: (0, 0, 0)
7383: (0, 0, 0)
7384: (0, 0, 0)
7385: (0, 0, 0)
7386: (0, 0, 0)
7387: (0, 0, 0)
7388: (0, 0, 0)
7389: (0, 0, 0)
7390: (0, 0, 0)
7391: (0, 0, 0)
7392: (0, 0, 0)
7393: (0, 0, 0)
7394: (0, 0, 0)
7395: (0, 0, 0)
7396: (0, 0, 0)
7397: (0, 0, 0)
7398: (0, 0, 0)
7399: (0, 0, 0)
7400: (0, 0, 0)
7401: (0, 0, 0)
7402: (0, 0, 0)
7403: (0, 0, 0)
7404: (0, 0, 0)
7405: (0, 0, 0)
7406: (0, 0, 0)
7407: (0, 0, 0)
7408: (0, 0, 0)
7409: (0, 0, 0)
7410: (0, 0, 0)
7411: (0, 0, 0)
7412: (0, 0, 0)
7413: (0, 0, 0)
7414: (0, 0, 0)
7415: (0, 0, 0)
7416: (0, 0, 0)
7417: (0, 0, 0)
7418: (0, 0, 0)
7419: (0, 0, 0)
7420: (0, 0, 0)
7421: (0, 0, 0)
7422: (0, 0, 0)
7423: (0, 0, 0)
7424: (0, 0, 0)
7425: (0, 0, 0)
7426: (0, 0, 0)
7427: (0, 0, 0)
7428: (0, 0, 0)
7429: (0, 0, 0)
7430: (0, 0, 0)
7431: (0, 0, 0)
7432: (0, 0, 0)
7433: (0, 0, 0)
7434: (0, 0, 0)
7435: (0, 0, 0)
7436: (0, 0, 0)
7437: (0, 0, 0)
7438: (0, 0, 0)
7439: (0, 0, 0)
7440: (0, 0, 0)
7441: (0, 0, 0)
7442: (0, 0, 0)
7443: (0, 0, 0)
7444: (0, 0, 0)
7445: (0, 0, 0)
7446: (0, 0, 0)
7447: (0, 0, 0)
7448: (0, 0, 0)
7449: (0, 0, 0)
7450: (0, 0, 0)
7451: (0, 0, 0)
7452: (0, 0, 0)
7453: (0, 0, 0)
7454: (0, 0, 0)
7455: (0, 0, 0)
7456: (0, 0, 0)
7457: (0, 0, 0)
7458: (0, 0, 0)
7459: (0, 0, 0)
7460: (0, 0, 0)
7461: (0, 0, 0)
7462: (0, 0, 0)
7463: (0, 0, 0)
7464: (0, 0, 0)
7465: (0, 0, 0)
7466: (0, 0, 0)
7467: (0, 0, 0)
7468: (0, 0, 0)
7469: (0, 0, 0)
7470: (0, 0, 0)
7471: (0, 0, 0)
7472: (0, 0, 0)
7473: (0, 0, 0)
7474: (0, 0, 0)
7475: (0, 0, 0)
7476: (0, 0, 0)
7477: (0, 0, 0)
7478: (0, 0, 0)
7479: (0, 0, 0)
7480: (0, 0, 0)
7481: (0, 0, 0)
7482: (0, 0, 0)
7483: (0, 0, 0)
7484: (0, 0, 0)
7485: (0, 0, 0)
7486: (0, 0, 0)
7487: (0, 0, 0)
7488: (0, 0, 0)
7489: (0, 0, 0)
7490: (0, 0, 0)
7491: (0, 0, 0)
7492: (0, 0, 0)
7493: (0, 0, 0)
7494: (0, 0, 0)
7495: (0, 0, 0)
7496: (0, 0, 0)
7497: (0, 0, 0)
7498: (0, 0, 0)
7499: (0, 0, 0)
7500: (0, 0, 0)
7501: (0, 0, 0)
7502: (0, 0, 0)
7503: (0, 0, 0)
7504: (0, 0, 0)
7505: (0, 0, 0)
7506: (0, 0, 0)
7507: (0, 0, 0)
7508: (0, 0, 0)
7509: (0, 0, 0)
7510: (0, 0, 0)
7511: (0, 0, 0)
7512: (0, 0, 0)
7513: (0, 0, 0)
7514: (0, 0, 0)
7515: (0, 0, 0)
7516: (0, 0, 0)
7517: (0, 0, 0)
7518: (0, 0, 0)
7519: (0, 0, 0)
7520: (0, 0, 0)
7521: (0, 0, 0)
7522: (0, 0, 0)
7523: (0, 0, 0)
7524: (0, 0, 0)
7525: (0, 0, 0)
7526: (0, 0, 0)
7527: (0, 0, 0)
7528: (0, 0, 0)
7529: (0, 0, 0)
7530: (0, 0, 0)
7531: (0, 0, 0)
7532: (0, 0, 0)
7533: (0, 0, 0)
7534: (0, 0, 0)
7535: (0, 0, 0)
7536: (0, 0, 0)
7537: (0, 0, 0)
7538: (0, 0, 0)
7539: (0, 0, 0)
7540: (0, 0, 0)
7541: (0, 0, 0)
7542: (0, 0, 0)
7543: (0, 0, 0)
7544: (0, 0, 0)
7545: (0, 0, 0)
7546: (0, 0, 0)
7547: (0, 0, 0)
7548: (0, 0, 0)
7549: (0, 0, 0)
7550: (0, 0, 0)
7551: (0, 0, 0)
7552: (0, 0, 0)
7553: (0, 0, 0)
7554: (0, 0, 0)
7555: (0, 0, 0)
7556: (0, 0, 0)
7557: (0, 0, 0)
7558: (0, 0, 0)
7559: (0, 0, 0)
7560: (0, 0, 0)
7561: (0, 0, 0)
7562: (0, 0, 0)
7563: (0, 0, 0)
7564: (0, 0, 0)
7565: (0, 0, 0)
7566: (0, 0, 0)
7567: (0, 0, 0)
7568: (0, 0, 0)
7569: (0, 0, 0)
7570: (0, 0, 0)
7571: (0, 0, 0)
7572: (0, 0, 0)
7573: (0, 0, 0)
7574: (0, 0, 0)
7575: (0, 0, 0)
7576: (0, 0, 0)
7577: (0, 0, 0)
7578: (0, 0, 0)
7579: (0, 0, 0)
7580: (0, 0, 0)
7581: (0, 0, 0)
7582: (0, 0, 0)
7583: (0, 0, 0)
7584: (0, 0, 0)
7585: (0, 0, 0)
7586: (0, 0, 0)
7587: (0, 0, 0)
7588: (0, 0, 0)
7589: (0, 0, 0)
7590: (0, 0, 0)
7591: (0, 0, 0)
7592: (0, 0, 0)
7593: (0, 0, 0)
7594: (0, 0, 0)
7595: (0, 0, 0)
7596: (0, 0, 0)
7597: (0, 0, 0)
7598: (0, 0, 0)
7599: (0, 0, 0)
7600: (0, 0, 0)
7601: (0, 0, 0)
7602: (0, 0, 0)
7603: (0, 0, 0)
7604: (0, 0, 0)
7605: (0, 0, 0)
7606: (0, 0, 0)
7607: (0, 0, 0)
7608: (0, 0, 0)
7609: (0, 0, 0)
7610: (0, 0, 0)
7611: (0, 0, 0)
7612: (0, 0, 0)
7613: (0, 0, 0)
7614: (0, 0, 0)
7615: (0, 0, 0)
7616: (0, 0, 0)
7617: (0, 0, 0)
7618: (0, 0, 0)
7619: (0, 0, 0)
7620: (0, 0, 0)
7621: (0, 0, 0)
7622: (0, 0, 0)
7623: (0, 0, 0)
7624: (0, 0, 0)
7625: (0, 0, 0)
7626: (0, 0, 0)
7627: (0, 0, 0)
7628: (0, 0, 0)
7629: (0, 0, 0)
7630: (0, 0, 0)
7631: (0, 0, 0)
7632: (0, 0, 0)
7633: (0, 0, 0)
7634: (0, 0, 0)
7635: (0, 0, 0)
7636: (0, 0, 0)
7637: (0, 0, 0)
7638: (0, 0, 0)
7639: (0, 0, 0)
7640: (0, 0, 0)
7641: (0, 0, 0)
7642: (0, 0, 0)
7643: (0, 0, 0)
7644: (0, 0, 0)
7645: (0, 0, 0)
7646: (0, 0, 0)
7647: (0, 0, 0)
7648: (0, 0, 0)
7649: (0, 0, 0)
7650: (0, 0, 0)
7651: (0, 0, 0)
7652: (0, 0, 0)
7653: (0, 0, 0)
7654: (0, 0, 0)
7655: (0, 0, 0)
7656: (0, 0, 0)
7657: (0, 0, 0)
7658: (0, 0, 0)
7659: (0, 0, 0)
7660: (0, 0, 0)
7661: (0, 0, 0)
7662: (0, 0, 0)
7663: (0, 0, 0)
7664: (0, 0, 0)
7665: (0, 0, 0)
7666: (0, 0, 0)
7667: (0, 0, 0)
7668: (0, 0, 0)
7669: (0, 0, 0)
7670: (0, 0, 0)
7671: (0, 0, 0)
7672: (0, 0, 0)
7673: (0, 0, 0)
7674: (0, 0, 0)
7675: (0, 0, 0)
7676: (0, 0, 0)
7677: (0, 0, 0)
7678: (0, 0, 0)
7679: (0, 0, 0)
7680: (0, 0, 0)
7681: (0, 0, 0)
7682: (0, 0, 0)
7683: (0, 0, 0)
7684: (0, 0, 0)
7685: (0, 0, 0)
7686: (0, 0, 0)
7687: (0, 0, 0)
7688: (0, 0, 0)
7689: (0, 0, 0)
7690: (0, 0, 0)
7691: (0, 0, 0)
7692: (0, 0, 0)
7693: (0, 0, 0)
7694: (0, 0, 0)
7695: (0, 0, 0)
7696: (0, 0, 0)
7697: (0, 0, 0)
7698: (0, 0, 0)
7699: (0, 0, 0)
7700: (0, 0, 0)
7701: (0, 0, 0)
7702: (0, 0, 0)
7703: (0, 0, 0)
7704: (0, 0, 0)
7705: (0, 0, 0)
7706: (0, 0, 0)
7707: (0, 0, 0)
7708: (0, 0, 0)
7709: (0, 0, 0)
7710: (0, 0, 0)
7711: (0, 0, 0)
7712: (0, 0, 0)
7713: (0, 0, 0)
7714: (0, 0, 0)
7715: (0, 0, 0)
7716: (0, 0, 0)
7717: (0, 0, 0)
7718: (0, 0, 0)
7719: (0, 0, 0)
7720: (0, 0, 0)
7721: (0, 0, 0)
7722: (0, 0, 0)
7723: (0, 0, 0)
7724: (0, 0, 0)
7725: (0, 0, 0)
7726: (0, 0, 0)
7727: (0, 0, 0)
7728: (0, 0, 0)
7729: (0, 0, 0)
7730: (0, 0, 0)
7731: (0, 0, 0)
7732: (0, 0, 0)
7733: (0, 0, 0)
7734: (0, 0, 0)
7735: (0, 0, 0)
7736: (0, 0, 0)
7737: (0, 0, 0)
7738: (0, 0, 0)
7739: (0, 0, 0)
7740: (0, 0, 0)
7741: (0, 0, 0)
7742: (0, 0, 0)
7743: (0, 0, 0)
7744: (0, 0, 0)
7745: (0, 0, 0)
7746: (0, 0, 0)
7747: (0, 0, 0)
7748: (0, 0, 0)
7749: (0, 0, 0)
7750: (0, 0, 0)
7751: (0, 0, 0)
7752: (0, 0, 0)
7753: (0, 0, 0)
7754: (0, 0, 0)
7755: (0, 0, 0)
7756: (0, 0, 0)
7757: (0, 0, 0)
7758: (0, 0, 0)
7759: (0, 0, 0)
7760: (0, 0, 0)
7761: (0, 0, 0)
7762: (0, 0, 0)
7763: (0, 0, 0)
7764: (0, 0, 0)
7765: (0, 0, 0)
7766: (0, 0, 0)
7767: (0, 0, 0)
7768: (0, 0, 0)
7769: (0, 0, 0)
7770: (0, 0, 0)
7771: (0, 0, 0)
7772: (0, 0, 0)
7773: (0, 0, 0)
7774: (0, 0, 0)
7775: (0, 0, 0)
7776: (0, 0, 0)
7777: (0, 0, 0)
7778: (0, 0, 0)
7779: (0, 0, 0)
7780: (0, 0, 0)
7781: (0, 0, 0)
7782: (0, 0, 0)
7783: (0, 0, 0)
7784: (0, 0, 0)
7785: (0, 0, 0)
7786: (0, 0, 0)
7787: (0, 0, 0)
7788: (0, 0, 0)
7789: (0, 0, 0)
7790: (0, 0, 0)
7791: (0, 0, 0)
7792: (0, 0, 0)
7793: (0, 0, 0)
7794: (0, 0, 0)
7795: (0, 0, 0)
7796: (0, 0, 0)
7797: (0, 0, 0)
7798: (0, 0, 0)
7799: (0, 0, 0)
7800: (0, 0, 0)
7801: (0, 0, 0)
7802: (0, 0, 0)
7803: (0, 0, 0)
7804: (0, 0, 0)
7805: (0, 0, 0)
7806: (0, 0, 0)
7807: (0, 0, 0)
7808: (0, 0, 0)
7809: (0, 0, 0)
7810: (0, 0, 0)
7811: (0, 0, 0)
7812: (0, 0, 0)
7813: (0, 0, 0)
7814: (0, 0, 0)
7815: (0, 0, 0)
7816: (0, 0, 0)
7817: (0, 0, 0)
7818: (0, 0, 0)
7819: (0, 0, 0)
7820: (0, 0, 0)
7821: (0, 0, 0)
7822: (0, 0, 0)
7823: (0, 0, 0)
7824: (0, 0, 0)
7825: (0, 0, 0)
7826: (0, 0, 0)
7827: (0, 0, 0)
7828: (0, 0, 0)
7829: (0, 0, 0)
7830: (0, 0, 0)
7831: (0, 0, 0)
7832: (0, 0, 0)
7833: (0, 0, 0)
7834: (0, 0, 0)
7835: (0, 0, 0)
7836: (0, 0, 0)
7837: (0, 0, 0)
7838: (0, 0, 0)
7839: (0, 0, 0)
7840: (0, 0, 0)
7841: (0, 0, 0)
7842: (0, 0, 0)
7843: (0, 0, 0)
7844: (0, 0, 0)
7845: (0, 0, 0)
7846: (0, 0, 0)
7847: (0, 0, 0)
7848: (0, 0, 0)
7849: (0, 0, 0)
7850: (0, 0, 0)
7851: (0, 0, 0)
7852: (0, 0, 0)
7853: (0, 0, 0)
7854: (0, 0, 0)
7855: (0, 0, 0)
7856: (0, 0, 0)
7857: (0, 0, 0)
7858: (0, 0, 0)
7859: (0, 0, 0)
7860: (0, 0, 0)
7861: (0, 0, 0)
7862: (0, 0, 0)
7863: (0, 0, 0)
7864: (0, 0, 0)
7865: (0, 0, 0)
7866: (0, 0, 0)
7867: (0, 0, 0)
7868: (0, 0, 0)
7869: (0, 0, 0)
7870: (0, 0, 0)
7871: (0, 0, 0)
7872: (0, 0, 0)
7873: (0, 0, 0)
7874: (0, 0, 0)
7875: (0, 0, 0)
7876: (0, 0, 0)
7877: (0, 0, 0)
7878: (0, 0, 0)
7879: (0, 0, 0)
7880: (0, 0, 0)
7881: (0, 0, 0)
7882: (0, 0, 0)
7883: (0, 0, 0)
7884: (0, 0, 0)
7885: (0, 0, 0)
7886: (0, 0, 0)
7887: (0, 0, 0)
7888: (0, 0, 0)
7889: (0, 0, 0)
7890: (0, 0, 0)
7891: (0, 0, 0)
7892: (0, 0, 0)
7893: (0, 0, 0)
7894: (0, 0, 0)
7895: (0, 0, 0)
7896: (0, 0, 0)
7897: (0, 0, 0)
7898: (0, 0, 0)
7899: (0, 0, 0)
7900: (0, 0, 0)
7901: (0, 0, 0)
7902: (0, 0, 0)
7903: (0, 0, 0)
7904: (0, 0, 0)
7905: (0, 0, 0)
7906: (0, 0, 0)
7907: (0, 0, 0)
7908: (0, 0, 0)
7909: (0, 0, 0)
7910: (0, 0, 0)
7911: (0, 0, 0)
7912: (0, 0, 0)
7913: (0, 0, 0)
7914: (0, 0, 0)
7915: (0, 0, 0)
7916: (0, 0, 0)
7917: (0, 0, 0)
7918: (0, 0, 0)
7919: (0, 0, 0)
7920: (0, 0, 0)
7921: (0, 0, 0)
7922: (0, 0, 0)
7923: (0, 0, 0)
7924: (0, 0, 0)
7925: (0, 0, 0)
7926: (0, 0, 0)
7927: (0, 0, 0)
7928: (0, 0, 0)
7929: (0, 0, 0)
7930: (0, 0, 0)
7931: (0, 0, 0)
7932: (0, 0, 0)
7933: (0, 0, 0)
7934: (0, 0, 0)
7935: (0, 0, 0)
7936: (0, 0, 0)
7937: (0, 0, 0)
7938: (0, 0, 0)
7939: (0, 0, 0)
7940: (0, 0, 0)
7941: (0, 0, 0)
7942: (0, 0, 0)
7943: (0, 0, 0)
7944: (0, 0, 0)
7945: (0, 0, 0)
7946: (0, 0, 0)
7947: (0, 0, 0)
7948: (0, 0, 0)
7949: (0, 0, 0)
7950: (0, 0, 0)
7951: (0, 0, 0)
7952: (0, 0, 0)
7953: (0, 0, 0)
7954: (0, 0, 0)
7955: (0, 0, 0)
7956: (0, 0, 0)
7957: (0, 0, 0)
7958: (0, 0, 0)
7959: (0, 0, 0)
7960: (0, 0, 0)
7961: (0, 0, 0)
7962: (0, 0, 0)
7963: (0, 0, 0)
7964: (0, 0, 0)
7965: (0, 0, 0)
7966: (0, 0, 0)
7967: (0, 0, 0)
7968: (0, 0, 0)
7969: (0, 0, 0)
7970: (0, 0, 0)
7971: (0, 0, 0)
7972: (0, 0, 0)
7973: (0, 0, 0)
7974: (0, 0, 0)
7975: (0, 0, 0)
7976: (0, 0, 0)
7977: (0, 0, 0)
7978: (0, 0, 0)
7979: (0, 0, 0)
7980: (0, 0, 0)
7981: (0, 0, 0)
7982: (0, 0, 0)
7983: (0, 0, 0)
7984: (0, 0, 0)
7985: (0, 0, 0)
7986: (0, 0, 0)
7987: (0, 0, 0)
7988: (0, 0, 0)
7989: (0, 0, 0)
7990: (0, 0, 0)
7991: (0, 0, 0)
7992: (0, 0, 0)
7993: (0, 0, 0)
7994: (0, 0, 0)
7995: (0, 0, 0)
7996: (0, 0, 0)
7997: (0, 0, 0)
7998: (0, 0, 0)
7999: (0, 0, 0)
8000: (0, 0, 0)
8001: (0, 0, 0)
8002: (0, 0, 0)
8003: (0, 0, 0)
8004: (0, 0, 0)
8005: (0, 0, 0)
8006: (0, 0, 0)
8007: (0, 0, 0)
8008: (0, 0, 0)
8009: (0, 0, 0)
8010: (0, 0, 0)
8011: (0, 0, 0)
8012: (0, 0, 0)
8013: (0, 0, 0)
8014: (0, 0, 0)
8015: (0, 0, 0)
8016: (0, 0, 0)
8017: (0, 0, 0)
8018: (0, 0, 0)
8019: (0, 0, 0)
8020: (0, 0, 0)
8021: (0, 0, 0)
8022: (0, 0, 0)
8023: (0, 0, 0)
8024: (0, 0, 0)
8025: (0, 0, 0)
8026: (0, 0, 0)
8027: (0, 0, 0)
8028: (0, 0, 0)
8029: (0, 0, 0)
8030: (0, 0, 0)
8031: (0, 0, 0)
8032: (0, 0, 0)
8033: (0, 0, 0)
8034: (0, 0, 0)
8035: (0, 0, 0)
8036: (0, 0, 0)
8037: (0, 0, 0)
8038: (0, 0, 0)
8039: (0, 0, 0)
8040: (0, 0, 0)
8041: (0, 0, 0)
8042: (0, 0, 0)
8043: (0, 0, 0)
8044: (0, 0, 0)
8045: (0, 0, 0)
8046: (0, 0, 0)
8047: (0, 0, 0)
8048: (0, 0, 0)
8049: (0, 0, 0)
8050: (0, 0, 0)
8051: (0, 0, 0)
8052: (0, 0, 0)
8053: (0, 0, 0)
8054: (0, 0, 0)
8055: (0, 0, 0)
8056: (0, 0, 0)
8057: (0, 0, 0)
8058: (0, 0, 0)
8059: (0, 0, 0)
8060: (0, 0, 0)
8061: (0, 0, 0)
8062: (0, 0, 0)
8063: (0, 0, 0)
8064: (0, 0, 0)
8065: (0, 0, 0)
8066: (0, 0, 0)
8067: (0, 0, 0)
8068: (0, 0, 0)
8069: (0, 0, 0)
8070: (0, 0, 0)
8071: (0, 0, 0)
8072: (0, 0, 0)
8073: (0, 0, 0)
8074: (0, 0, 0)
8075: (0, 0, 0)
8076: (0, 0, 0)
8077: (0, 0, 0)
8078: (0, 0, 0)
8079: (0, 0, 0)
8080: (0, 0, 0)
8081: (0, 0, 0)
8082: (0, 0, 0)
8083: (0, 0, 0)
8084: (0, 0, 0)
8085: (0, 0, 0)
8086: (0, 0, 0)
8087: (0, 0, 0)
8088: (0, 0, 0)
8089: (0, 0, 0)
8090: (0, 0, 0)
8091: (0, 0, 0)
8092: (0, 0, 0)
8093: (0, 0, 0)
8094: (0, 0, 0)
8095: (0, 0, 0)
8096: (0, 0, 0)
8097: (0, 0, 0)
8098: (0, 0, 0)
8099: (0, 0, 0)
8100: (0, 0, 0)
8101: (0, 0, 0)
8102: (0, 0, 0)
8103: (0, 0, 0)
8104: (0, 0, 0)
8105: (0, 0, 0)
8106: (0, 0, 0)
8107: (0, 0, 0)
8108: (0, 0, 0)
8109: (0, 0, 0)
8110: (0, 0, 0)
8111: (0, 0, 0)
8112: (0, 0, 0)
8113: (0, 0, 0)
8114: (0, 0, 0)
8115: (0, 0, 0)
8116: (0, 0, 0)
8117: (0, 0, 0)
8118: (0, 0, 0)
8119: (0, 0, 0)
8120: (0, 0, 0)
8121: (0, 0, 0)
8122: (0, 0, 0)
8123: (0, 0, 0)
8124: (0, 0, 0)
8125: (0, 0, 0)
8126: (0, 0, 0)
8127: (0, 0, 0)
8128: (0, 0, 0)
8129: (0, 0, 0)
8130: (0, 0, 0)
8131: (0, 0, 0)
8132: (0, 0, 0)
8133: (0, 0, 0)
8134: (0, 0, 0)
8135: (0, 0, 0)
8136: (0, 0, 0)
8137: (0, 0, 0)
8138: (0, 0, 0)
8139: (0, 0, 0)
8140: (0, 0, 0)
8141: (0, 0, 0)
8142: (0, 0, 0)
8143: (0, 0, 0)
8144: (0, 0, 0)
8145: (0, 0, 0)
8146: (0, 0, 0)
8147: (0, 0, 0)
8148: (0, 0, 0)
8149: (0, 0, 0)
8150: (0, 0, 0)
8151: (0, 0, 0)
8152: (0, 0, 0)
8153: (0, 0, 0)
8154: (0, 0, 0)
8155: (0, 0, 0)
8156: (0, 0, 0)
8157: (0, 0, 0)
8158: (0, 0, 0)
8159: (0, 0, 0)
8160: (0, 0, 0)
8161: (0, 0, 0)
8162: (0, 0, 0)
8163: (0, 0, 0)
8164: (0, 0, 0)
8165: (0, 0, 0)
8166: (0, 0, 0)
8167: (0, 0, 0)
8168: (0, 0, 0)
8169: (0, 0, 0)
8170: (0, 0, 0)
8171: (0, 0, 0)
8172: (0, 0, 0)
8173: (0, 0, 0)
8174: (0, 0, 0)
8175: (0, 0, 0)
8176: (0, 0, 0)
8177: (0, 0, 0)
8178: (0, 0, 0)
8179: (0, 0, 0)
8180: (0, 0, 0)
8181: (0, 0, 0)
8182: (0, 0, 0)
8183: (0, 0, 0)
8184: (0, 0, 0)
8185: (0, 0, 0)
8186: (0, 0, 0)
8187: (0, 0, 0)
8188: (0, 0, 0)
8189: (0, 0, 0)
8190: (0, 0, 0)
8191: (0, 0, 0)
8192: (0, 0, 0)
8193: (0, 0, 0)
8194: (0, 0, 0)
8195: (0, 0, 0)
8196: (0, 0, 0)
8197: (0, 0, 0)
