0,0,0,0,0,0,0,0,0,0,0,0,0,0,0,0,0,0,0,0,0,0,0,0,0,0,0,0,0,0,0,0,0,0,0,0,0,0,0,0,0,0,0,0,0,0,0,0,0,0,0,0,0,0,0,0,0,0,0,0,0,0,0,0,0,0,0,0,0,0,0,0,0,0,0,0,0,0,0,0,0,0,0,0,0,0,0,0,0,0,0,0,0,0,0,0,0,0,0,0,0,0,160,48,32,32,32,32,32,32,32,32,0,0,0,0,0,0,0,0,32,48,48,80,80,80,80,80,80,32,64,96,32,32,32,48,48,64,80,96,128,128,128,128,80,32,64,96,32,32,32,48,48,64,80,96,128,128,128,128,0,0,0,0,0,0,0,0,32,48,48,80,80,80,80,80,80,32,144,144,32,32,32,48,48,64,80,96,32,32,32,32,0,0,0,0,0,0,0,0,0,0,0,0,0,0,0,0,0,0,0,0,0,0,0,0,0,0,0,0,0,0,0,0,0,0,0,0,0,224,224,224,0,0,0,0,0,0,0,0,0,0,0,0,0,192,192,192,0,0,0,0,0,0,0,0
0,0,0,0,0,0,0,0,0,0,0,0,0,0,0,0,0,0,0,0,0,144,128,112,112,144,0,0,0,0,0,0,0,0,0,0,0,0,0,0,0,0,0,0,0,0,0,0,0,0,0,0,0,0,0,0,0,0,0,0,0,0,0,0,0,0,0,0,0,0,0,0,0,0,0,0,0,0,0,0,0,0,160,160,160,160,160,160,160,160,160,160,160,160,160,160,160,144,144,144,144,144,144,144,144,144,160,160,160,160,160,160,0,0,0,0,0,0,0,0,32,48,48,80,80,80,80,80,80,32,64,96,32,32,32,48,48,64,80,96,128,128,128,128,80,32,64,96,32,32,32,48,48,64,80,96,128,128,128,128,0,0,0,0,0,0,0,0,32,48,48,80,80,80,80,80,80,144,96,96,32,32,32,48,48,64,80,96,96,144,144,144,0,0,0,0,0,0,0,0,0,0,0,0,0,0,0,0,0,0,0,0,0,0,0,0,0,0,0,0,0,0,0,0,0,0,0,0,224,208,192,208,224,0,0,0,0,0,0,0,0,0,0,0,192,16,16,16,192,0,0,0,0,0,0,0
0,0,0,0,0,0,0,0,0,0,0,0,0,0,0,0,0,0,160,160,160,128,112,16,16,112,160,144,0,0,0,0,0,0,0,0,0,0,0,0,0,0,0,0,0,0,0,0,0,0,0,0,0,0,0,0,0,0,0,0,0,0,0,0,0,0,0,0,0,0,0,144,144,0,0,0,0,0,0,0,0,0,0,0,0,0,0,0,32,48,144,96,144,160,144,96,96,144,96,96,96,96,96,96,96,96,144,96,96,144,160,144,0,0,0,0,0,0,0,0,32,48,48,80,80,80,80,80,80,32,64,96,32,32,32,48,48,64,80,96,128,128,128,128,80,32,64,96,32,32,32,48,48,64,80,96,128,128,128,128,0,0,0,0,0,0,0,0,32,48,48,80,80,80,80,80,144,144,96,48,144,32,32,48,48,64,80,96,160,160,160,160,0,0,0,0,0,0,0,0,0,0,0,0,0,0,0,0,0,0,0,0,0,0,0,0,0,0,0,0,0,0,0,0,0,0,0,224,208,16,16,192,208,224,0,0,0,0,0,0,0,0,0,192,16,16,16,16,16,192,0,0,0,0,0,0
0,0,0,0,0,0,0,0,0,0,0,0,0,0,0,0,0,160,144,128,144,160,128,128,128,144,160,112,144,0,0,0,0,0,0,0,0,0,0,0,0,0,0,0,0,0,0,0,0,0,0,0,0,0,0,0,0,0,0,0,0,0,0,0,0,0,0,0,0,112,144,80,112,144,112,0,0,0,0,0,0,0,0,0,0,0,0,0,32,48,144,96,144,160,144,48,48,144,96,96,96,48,32,32,32,32,144,48,48,144,160,144,0,0,0,0,0,0,0,0,32,48,48,80,80,80,80,80,80,32,64,96,32,32,32,48,48,64,80,96,128,128,128,128,80,32,64,96,32,32,32,48,48,64,80,96,128,128,128,128,0,0,0,0,0,0,0,0,32,48,128,128,160,144,144,144,144,96,96,96,48,144,144,48,48,64,80,96,160,160,160,160,0,0,0,0,0,0,0,0,0,0,0,0,0,0,0,0,0,0,0,0,0,0,0,0,0,0,0,0,0,0,0,0,0,0,0,224,208,16,16,192,208,208,224,0,0,0,0,0,0,0,0,192,16,16,16,16,16,16,192,0,0,0,0,0
0,0,0,0,0,0,0,0,0,0,0,0,0,0,0,0,160,144,112,16,128,176,160,160,160,160,144,128,112,144,0,0,0,0,0,0,0,0,0,0,0,0,0,0,0,0,0,0,0,0,0,0,0,0,0,0,0,0,0,0,0,0,0,0,0,0,0,0,112,96,144,80,112,144,96,112,0,0,0,0,0,0,0,0,0,0,0,0,32,48,144,48,144,160,160,144,32,96,144,96,96,48,32,32,16,16,144,32,32,144,160,144,0,0,0,0,0,0,0,0,32,48,48,80,80,80,80,80,80,32,64,96,32,32,32,48,48,64,80,96,128,128,128,128,80,32,64,96,32,32,32,48,48,64,80,96,128,128,128,128,0,0,0,0,0,0,0,0,0,0,160,160,160,144,144,144,96,96,48,48,96,48,48,96,144,160,160,160,160,160,160,160,0,0,0,0,112,112,0,0,0,0,112,112,0,0,0,0,0,0,0,0,80,80,0,0,0,0,80,80,0,0,0,0,0,0,0,224,208,208,192,208,208,208,208,224,0,0,0,0,0,0,0,192,16,16,16,16,16,16,16,192,0,0,0,0
0,0,0,0,0,0,0,0,0,0,0,0,0,0,0,0,160,112,16,128,144,176,176,176,176,176,160,144,128,128,176,0,0,0,0,0,0,0,0,0,0,0,0,0,0,0,0,0,0,0,0,0,0,0,0,0,0,0,0,0,0,0,0,0,0,0,0,112,144,96,144,80,112,144,96,144,112,0,0,0,0,0,0,0,0,0,0,0,32,48,48,144,48,144,160,144,32,32,144,160,160,160,160,160,160,160,160,144,32,96,160,160,0,0,0,0,0,0,0,0,32,48,48,80,80,80,80,80,80,32,64,96,32,32,32,48,48,64,80,96,128,128,128,128,80,32,64,96,32,32,32,48,48,64,80,96,128,128,128,128,0,0,0,0,0,0,0,0,0,0,160,160,160,160,160,144,96,144,32,96,96,96,96,32,32,32,32,32,16,16,16,16,0,0,0,0,64,96,112,0,0,112,96,64,0,0,0,0,0,0,0,0,32,64,80,0,0,80,64,32,0,0,0,0,0,0,0,0,224,208,208,208,224,224,208,208,224,0,0,0,0,0,0,0,192,16,16,16,192,192,16,16,192,0,0,0
0,0,0,0,0,0,0,0,0,0,0,0,0,0,0,0,176,176,160,128,176,0,0,0,0,176,176,160,144,176,160,0,0,0,0,0,0,0,0,0,0,0,0,0,0,240,240,240,0,0,0,0,0,0,0,0,160,160,160,160,160,160,160,160,0,0,144,144,80,144,144,0,0,144,144,96,144,144,0,0,0,0,0,0,0,0,0,0,32,48,48,80,144,48,16,16,16,32,144,96,32,32,32,48,48,64,80,160,32,32,16,16,0,0,0,0,0,0,0,0,32,48,48,80,80,80,80,80,80,32,64,96,32,32,32,48,48,64,80,96,128,128,128,128,80,32,64,96,32,32,32,48,48,64,80,96,128,128,128,128,0,0,0,0,0,0,0,0,0,0,160,160,160,160,160,160,144,96,144,96,96,96,48,48,48,48,16,48,48,48,48,48,0,0,0,112,48,96,112,0,0,112,96,48,112,0,0,0,0,0,0,80,16,64,80,0,0,80,64,16,80,0,0,0,0,0,0,0,0,224,208,208,224,224,240,208,208,224,0,0,0,0,0,0,0,192,16,16,192,192,208,16,16,192,0,0
0,0,0,0,0,0,0,0,0,0,0,0,0,0,0,0,144,16,128,160,0,0,0,0,0,0,176,176,176,160,128,144,0,0,0,0,0,0,0,0,0,0,0,240,224,208,192,192,0,0,0,0,240,160,160,144,128,128,112,112,112,16,16,16,0,0,144,96,80,80,96,0,0,96,96,112,96,144,0,0,0,0,0,0,0,0,0,0,32,48,48,80,80,144,144,144,144,144,144,96,32,32,32,48,48,64,80,96,160,32,16,16,0,0,0,0,0,0,0,0,32,48,48,80,80,80,80,80,80,32,64,96,32,32,32,48,48,64,80,96,128,128,128,128,80,32,64,96,32,32,32,48,48,64,80,96,128,128,128,128,0,0,0,0,0,0,0,0,0,0,0,160,160,160,160,160,160,144,96,96,96,96,48,48,48,48,32,96,48,48,48,48,0,0,0,96,64,96,112,0,0,112,96,64,96,0,0,0,0,0,0,64,32,64,80,0,0,80,64,32,64,0,0,0,0,0,0,0,0,0,224,208,208,224,240,240,208,208,224,0,0,0,0,0,0,0,192,16,16,192,208,208,16,16,192,0
0,0,0,0,0,0,0,0,0,0,0,0,0,0,0,0,128,16,128,160,0,0,0,0,0,0,0,176,176,160,144,128,0,0,0,0,0,0,0,0,0,0,240,208,208,192,16,16,0,0,240,240,176,144,144,144,128,128,112,112,112,112,112,112,0,0,144,96,0,0,96,96,96,112,0,0,96,144,0,0,0,0,0,0,0,0,0,0,32,48,48,80,80,80,80,80,80,32,64,96,32,32,32,48,48,64,80,96,128,160,160,160,0,0,0,0,0,0,0,0,32,48,48,80,80,80,80,80,80,32,64,96,32,32,32,48,48,64,80,96,128,128,128,128,80,32,64,96,32,32,32,48,48,64,80,96,128,128,128,128,0,0,0,0,0,0,0,0,128,96,96,96,64,96,128,160,160,160,160,144,96,96,48,48,48,96,144,96,48,48,48,48,0,0,0,112,96,96,112,0,0,112,96,96,112,0,0,0,0,0,0,80,64,64,80,0,0,80,64,64,80,0,0,0,0,0,0,0,0,0,0,224,208,208,224,240,240,240,224,0,0,0,0,0,0,0,0,192,16,16,192,208,208,208,192,0
0,0,0,0,0,0,0,0,0,0,0,0,0,0,0,0,128,112,128,160,0,0,0,0,0,0,0,0,176,176,160,144,160,0,0,0,0,0,0,0,0,240,208,208,208,208,192,192,0,240,224,224,160,144,144,144,128,128,128,144,144,160,160,160,0,0,144,96,0,0,0,96,112,0,0,0,112,144,0,0,0,0,0,0,0,0,0,0,32,48,48,80,80,80,80,80,80,32,64,96,32,32,32,48,48,64,80,96,128,128,128,128,0,0,0,0,0,0,0,0,32,48,48,80,80,80,80,80,80,32,64,96,32,32,32,48,48,64,80,96,128,128,128,128,80,32,64,96,32,32,32,48,48,64,80,96,128,128,128,128,0,0,0,0,0,0,0,0,96,160,160,160,96,64,96,128,128,160,160,160,160,144,96,48,48,48,48,48,48,48,48,48,0,0,112,144,144,112,128,0,0,128,112,144,144,112,0,0,0,0,80,112,112,80,96,0,0,96,80,112,112,80,0,0,0,0,0,0,0,0,0,0,224,224,208,224,240,240,224,0,0,0,0,0,0,0,0,0,192,192,16,192,208,208,192,0
0,0,0,0,0,0,0,0,0,0,0,0,0,0,0,0,144,128,128,160,0,0,0,0,0,0,0,0,176,176,176,160,176,0,0,0,0,0,0,0,240,224,208,208,208,224,224,224,80,240,224,208,160,160,144,144,160,160,176,176,176,176,176,176,0,0,144,96,0,0,0,0,0,0,0,0,112,144,0,0,0,0,0,0,0,0,0,0,32,48,48,80,80,80,80,80,80,32,64,96,32,32,32,48,48,64,80,96,128,128,128,128,0,0,0,0,0,0,0,0,32,48,48,80,80,80,80,80,80,32,64,96,32,32,32,48,48,64,80,96,128,128,128,128,80,32,64,96,32,32,32,48,48,64,80,96,128,128,128,128,0,0,0,0,0,0,0,0,160,128,16,96,160,128,16,96,128,128,160,160,160,160,160,160,160,160,160,160,160,160,160,160,0,112,96,96,112,144,144,0,0,144,144,112,96,96,112,0,0,80,64,64,80,112,112,0,0,112,112,80,64,64,80,0,0,0,0,0,0,0,0,0,0,0,224,224,224,224,0,0,0,0,0,0,0,0,0,0,0,0,192,192,192,192,0,0
0,0,0,0,0,0,0,0,0,0,0,0,0,0,0,0,176,176,160,128,160,0,0,0,0,0,0,0,0,176,176,176,160,144,0,0,0,0,0,0,240,208,208,208,224,224,240,240,240,224,224,224,208,240,160,176,176,176,176,176,176,176,176,176,0,0,0,112,0,0,0,0,0,0,0,0,144,0,0,0,0,0,0,0,0,0,0,0,32,48,48,80,80,80,80,80,80,32,64,96,32,32,32,48,48,64,80,96,128,128,128,128,0,0,0,0,0,0,0,0,32,48,48,80,80,80,80,80,80,32,64,96,32,32,32,48,48,64,80,96,128,128,128,128,80,32,64,96,32,32,32,48,48,64,80,96,128,128,128,128,0,0,0,0,0,0,0,0,128,160,160,16,96,160,128,16,96,128,160,128,128,128,160,160,160,160,160,160,160,160,160,160,0,112,112,112,112,112,128,0,0,128,112,112,112,112,112,0,0,80,80,80,80,80,96,0,0,96,80,80,80,80,80,0,0,0,0,0,0,0,0,0,0,0,0,0,0,0,0,0,0,0,0,0,0,0,0,0,0,0,0,0,0,0,0,0
0,0,0,0,0,0,0,0,0,0,0,48,0,0,0,0,144,128,16,112,160,160,112,128,0,0,0,0,0,0,176,176,160,128,144,0,0,0,0,0,240,208,208,208,224,240,240,240,224,224,208,208,224,208,208,224,240,176,176,176,176,176,176,176,0,0,0,0,144,0,0,0,0,0,0,144,0,0,0,0,0,0,0,0,0,0,0,0,32,48,48,80,80,80,80,80,80,32,64,96,32,32,32,48,48,64,80,96,128,128,128,128,0,0,0,0,0,0,0,0,32,48,48,80,80,80,80,80,80,32,64,96,32,32,32,48,48,64,80,96,128,128,128,128,80,32,64,96,32,32,32,48,48,64,80,96,128,128,128,128,0,0,0,0,0,0,0,0,0,160,160,16,128,0,0,64,128,160,128,64,64,96,96,96,96,96,96,96,96,96,96,96,0,0,0,0,0,0,0,0,0,0,0,0,0,0,0,0,0,0,0,0,0,0,0,0,0,0,0,0,0,0,0,0,0,0,0,0,0,0,0,0,0,0,0,0,0,0,0,0,0,0,0,0,0,0,0,0,0,0,0,0,0,0,0,0
0,0,0,0,0,0,0,0,0,0,0,32,0,0,0,0,144,128,112,128,160,144,16,16,144,0,0,0,0,0,176,176,176,160,160,0,0,0,0,160,160,144,144,128,128,112,16,16,224,240,192,224,224,224,224,192,192,192,192,192,16,16,16,16,0,0,0,0,0,144,0,0,0,0,144,0,0,0,0,0,0,0,0,0,0,0,0,0,32,48,48,80,80,80,80,80,80,32,64,96,32,32,32,48,48,64,80,96,128,128,128,128,0,0,0,0,0,0,0,0,32,48,48,80,80,80,80,80,80,32,64,96,32,32,32,48,48,64,80,96,128,128,128,128,80,32,64,96,32,32,32,48,48,64,80,96,128,128,128,128,0,0,0,0,0,0,0,0,0,0,0,128,144,0,0,96,160,128,64,64,64,64,96,96,96,96,96,96,96,96,96,96,0,0,0,0,0,0,0,0,0,0,0,0,0,0,0,0,0,0,0,0,0,0,0,0,0,0,0,0,0,0,0,0,0,0,0,0,0,0,0,0,0,0,0,0,0,0,0,0,0,0,0,0,0,0,0,0,0,0,0,0,0,0,0,0
0,0,0,0,0,0,0,0,0,0,0,32,0,0,0,0,160,144,128,160,160,16,16,16,128,80,0,0,0,0,0,176,176,160,176,160,0,0,160,160,160,144,144,128,128,128,112,112,240,224,240,224,224,224,208,208,208,208,16,208,208,208,208,208,0,0,0,0,0,0,0,0,0,0,0,0,0,0,0,0,0,0,0,0,0,0,0,0,32,48,48,80,80,80,80,80,80,32,64,96,32,32,32,48,48,64,80,96,128,128,128,128,0,0,0,0,0,0,0,0,32,48,48,80,80,80,80,80,80,32,64,96,32,32,32,48,48,64,80,96,128,128,128,128,80,32,64,96,32,32,32,48,48,64,80,96,144,144,144,144,0,0,0,0,0,0,0,0,0,0,0,0,160,0,0,0,160,64,64,64,64,96,96,64,64,64,64,64,64,64,64,64,0,0,0,0,0,0,0,0,0,0,0,0,0,0,0,0,0,0,0,0,0,0,0,0,0,0,0,0,0,0,0,0,0,0,0,0,0,0,0,0,0,0,0,0,0,0,0,0,0,0,0,0,0,0,0,0,0,0,0,0,0,0,0,0
0,0,0,0,0,0,0,0,0,0,48,16,48,0,0,0,176,176,160,144,112,16,16,112,48,64,80,0,0,0,0,0,176,176,160,160,0,0,160,160,160,144,144,128,128,128,128,128,176,240,224,224,224,224,208,208,208,208,192,224,208,208,208,208,0,0,0,0,0,0,0,0,0,0,0,0,0,0,0,0,0,0,0,0,0,0,0,0,32,48,48,80,80,80,80,80,80,32,64,96,32,32,32,48,48,64,80,96,128,128,128,128,0,0,0,0,0,0,0,0,32,48,48,80,80,80,80,80,80,32,64,96,32,32,32,48,48,64,80,96,128,128,128,128,80,32,64,96,32,32,32,48,48,64,80,96,32,16,16,16,0,0,0,0,0,0,0,0,0,0,0,0,0,0,0,0,96,64,64,64,96,0,0,0,0,0,0,0,0,0,0,0,0,0,0,0,0,0,0,0,0,0,0,0,0,0,0,0,0,0,0,0,0,0,0,0,0,0,0,0,0,0,0,0,0,0,0,0,0,0,0,0,0,0,0,0,0,0,0,0,0,0,0,0,0,0,0,0,0,0,0,0,0,0,0,0
0,0,0,0,0,0,0,0,0,0,0,0,0,0,0,176,160,144,144,128,128,112,112,176,176,48,80,0,0,0,0,0,176,176,176,240,240,240,224,224,224,208,208,192,16,16,16,16,0,0,0,0,0,0,0,0,0,0,64,64,96,80,80,80,96,176,176,240,224,224,208,208,208,224,240,224,208,208,208,208,32,16,16,16,0,0,0,0,0,48,0,0,0,0,0,0,0,0,0,0,16,48,32,16,32,48,0,0,0,0,0,0,0,0,0,0,0,48,0,0,0,0,48,32,16,16,0,0,0,0,0,0,0,0,0,0,0,0,0,0,0,0,0,0,0,0,0,0,0,0,0,0,0,0,0,0,0,0,0,0,0,0,0,0,0,0,0,0,0,0,0,0,0,0,0,0,0,0,0,0,0,0,0,0,0,0,0,0,0,0,0,0,0,0,0,0,0,0,0,0,0,0,0,0,0,0,0,0,0,0,0,0,0,0,0,0,0,0,0,0,0,0,0,0,0,0,0,0,0,0,0,0,0,0,0,0,0,0,0,0,0,0,0,0,0,240,240,240,0,0,0,0,0,0,0,0
0,0,0,0,0,0,0,0,0,0,0,0,0,0,0,176,160,144,144,144,128,128,176,192,176,48,64,80,0,0,0,0,0,176,240,240,240,224,224,224,208,208,192,192,192,16,16,16,0,0,0,0,0,0,0,80,80,64,96,96,96,80,80,240,64,96,176,176,176,240,224,208,208,208,208,208,208,208,208,208,48,32,16,16,32,0,0,0,0,48,0,0,0,0,0,0,0,0,0,0,32,48,32,16,48,0,48,0,0,0,0,0,0,0,0,0,0,0,48,0,0,0,0,32,16,32,0,0,0,0,0,0,0,0,0,0,0,0,0,0,0,0,0,0,0,0,0,0,0,0,0,0,0,0,0,0,0,0,0,0,0,0,0,0,0,0,0,0,0,0,0,0,0,0,0,0,0,0,0,0,0,0,0,0,0,0,0,0,0,0,0,0,0,0,0,0,0,0,0,0,0,0,0,0,0,0,0,0,0,0,0,0,0,0,0,0,0,0,0,0,0,0,0,0,0,0,0,0,0,0,0,0,0,0,0,0,0,0,0,0,0,0,0,0,240,224,208,224,240,0,0,0,0,0,0,0
0,0,0,0,0,0,0,0,0,0,0,0,0,0,0,176,176,160,144,144,64,96,192,240,176,176,48,80,0,0,0,0,0,240,240,240,240,224,224,224,208,208,192,192,192,16,16,16,0,0,0,0,0,0,80,80,64,96,96,96,96,96,176,240,64,64,96,176,176,176,176,176,176,176,176,176,176,176,176,176,0,48,32,16,16,32,0,0,0,48,0,0,0,0,0,0,0,0,0,0,32,0,48,16,48,0,0,32,0,0,0,0,0,0,0,0,0,0,48,48,0,0,0,32,16,32,0,0,0,0,0,0,0,0,0,0,0,0,0,0,0,0,0,0,0,0,0,0,0,0,0,0,0,0,0,0,0,0,0,0,0,0,0,0,0,0,0,0,0,0,0,0,0,0,0,0,0,0,0,0,0,0,0,0,0,0,0,0,0,0,0,0,0,0,0,0,0,0,0,0,0,0,0,0,0,0,0,0,0,0,0,0,0,0,0,0,0,0,0,0,0,0,0,0,0,0,0,0,0,0,0,0,0,0,0,0,0,0,0,0,0,0,0,240,224,16,16,208,224,240,0,0,0,0,0,0
0,0,0,0,0,0,0,0,0,0,0,0,0,0,0,176,96,96,80,64,64,64,96,176,192,176,48,64,80,0,0,0,0,160,160,160,144,144,128,128,112,112,112,112,112,112,112,112,0,0,0,0,0,80,80,64,64,64,96,96,96,96,176,176,48,64,96,64,64,64,96,96,96,96,96,96,96,96,96,96,0,0,48,16,16,32,0,0,0,48,0,0,0,0,0,0,0,0,0,0,32,0,48,16,32,48,0,0,32,0,0,0,0,0,0,0,0,0,0,32,0,0,0,32,16,32,0,0,0,80,32,32,64,0,0,0,0,0,0,64,32,32,80,0,0,48,16,16,32,0,0,0,0,0,0,32,16,16,48,0,0,16,16,16,16,0,0,0,0,0,0,16,16,16,16,0,0,0,0,0,0,0,0,0,0,0,0,0,0,0,0,0,0,0,0,0,0,0,0,0,0,0,0,0,0,0,0,0,0,0,0,0,0,0,0,0,0,0,0,0,0,0,0,0,0,0,0,0,0,0,0,0,0,0,0,0,0,0,0,0,0,0,0,240,224,16,16,208,224,224,240,0,0,0,0,0
0,0,0,0,0,0,0,0,0,0,0,0,0,0,0,176,96,96,80,80,64,48,96,192,240,48,32,48,80,176,176,160,160,144,160,160,160,160,160,160,160,160,160,160,112,112,112,112,0,0,0,0,80,80,64,64,64,64,48,32,64,96,96,176,64,96,64,32,32,48,48,48,48,48,48,48,48,48,48,48,0,0,0,32,16,16,48,0,0,32,48,0,0,0,0,0,0,0,0,0,32,0,48,16,32,48,0,0,32,0,0,0,0,0,0,0,0,0,0,32,0,0,32,16,32,32,0,0,80,64,64,80,112,144,0,0,0,0,144,112,80,64,64,80,48,32,32,48,80,112,0,0,0,0,112,80,48,32,32,48,16,16,16,16,32,64,0,0,0,0,64,32,16,16,16,16,0,0,0,0,0,0,0,0,0,0,0,0,0,0,0,0,0,0,0,0,0,0,0,0,0,0,0,0,0,0,0,0,0,0,0,0,0,0,0,0,0,0,0,0,0,0,0,0,0,0,0,0,32,32,0,0,0,0,32,32,0,0,0,0,0,0,0,240,224,224,208,224,224,224,224,240,0,0,0,0
0,0,0,0,0,0,0,0,0,0,0,0,0,0,0,176,96,96,96,80,64,64,48,96,48,32,16,32,64,80,176,160,160,144,144,144,128,128,112,112,112,112,16,160,160,160,160,160,0,0,0,80,80,64,64,64,64,48,48,48,32,48,64,96,96,64,32,32,32,32,48,96,96,96,96,96,96,96,96,96,0,0,0,32,16,16,32,0,0,16,32,0,0,0,0,0,0,0,0,0,48,0,0,16,16,48,0,0,32,0,0,0,0,0,0,0,0,0,0,32,0,32,16,16,32,0,0,0,0,112,112,144,144,80,64,64,64,64,80,144,144,112,112,0,0,80,80,112,112,48,32,32,32,32,48,112,112,80,80,0,0,32,32,64,64,16,16,16,16,16,16,64,64,32,32,0,0,0,0,0,0,0,0,0,0,0,0,0,0,0,0,0,0,0,0,0,0,0,0,0,0,0,0,0,0,0,0,0,0,0,0,0,0,0,0,0,0,0,0,0,0,0,0,0,0,0,0,0,16,16,32,0,0,32,16,16,0,0,0,0,0,0,0,0,240,224,224,224,240,240,224,224,240,0,0,0
0,0,0,0,0,0,0,0,0,0,0,0,0,0,0,176,96,96,96,80,80,64,48,48,32,16,16,32,48,208,208,160,160,160,160,160,144,144,128,128,112,112,112,16,16,16,16,16,0,0,80,80,64,64,64,64,48,96,96,96,48,32,48,64,96,32,32,32,32,48,96,64,64,64,64,64,64,64,64,64,0,0,0,0,32,16,32,48,0,16,32,0,0,0,0,0,0,0,0,0,0,48,0,16,16,48,0,0,32,0,0,0,0,0,0,0,0,0,0,32,32,16,16,32,0,0,0,0,0,0,0,0,80,64,32,32,32,32,64,80,0,0,0,0,0,0,0,0,48,32,16,16,16,16,32,48,0,0,0,0,0,0,0,0,16,16,16,16,16,16,16,16,0,0,0,0,0,0,0,0,0,0,0,0,0,0,0,0,0,0,0,0,0,0,0,0,0,0,0,0,0,0,0,0,0,0,0,0,0,0,0,0,0,0,0,0,0,0,0,0,0,0,0,0,0,0,0,32,16,16,32,0,0,32,16,16,32,0,0,0,0,0,0,0,0,240,224,224,240,240,240,224,224,240,0,0
0,0,0,0,0,0,0,0,0,0,0,0,0,0,0,176,0,96,96,96,80,64,64,48,48,32,32,208,208,192,192,208,160,160,160,160,144,144,128,128,128,128,128,128,128,128,128,128,0,80,80,64,64,64,64,48,96,128,16,112,96,64,16,48,48,32,32,32,48,96,64,64,64,64,64,64,64,64,64,64,0,0,0,0,32,16,16,32,0,16,32,48,0,0,0,0,0,0,0,0,0,0,48,16,16,32,48,0,32,0,0,0,0,0,0,0,0,0,48,32,16,16,32,0,0,0,0,0,0,0,0,0,144,80,112,80,80,112,80,144,0,0,0,0,0,0,0,0,112,48,80,48,48,80,48,112,0,0,0,0,0,0,0,0,64,16,32,16,16,32,16,64,0,0,0,0,0,0,0,0,0,240,240,240,240,240,240,0,0,0,0,0,0,0,0,0,0,208,208,208,208,208,208,0,0,0,0,0,0,0,0,0,0,240,240,240,240,240,240,0,0,0,0,0,0,0,0,16,16,16,32,0,0,32,16,16,16,0,0,0,0,0,0,0,0,0,240,224,224,240,240,240,224,224,240,0
0,0,0,0,0,0,0,0,0,0,0,0,0,0,0,176,0,96,96,96,80,80,64,48,48,48,208,192,16,16,192,208,176,48,48,48,48,48,96,176,176,176,176,176,176,176,176,176,0,80,80,64,64,80,48,96,128,160,160,16,112,96,64,16,48,16,16,48,96,64,48,48,32,32,32,32,32,32,32,32,0,0,0,0,0,32,16,16,32,16,32,32,0,0,0,0,0,0,0,0,0,0,48,32,16,32,48,0,32,0,0,0,0,0,0,0,0,48,32,16,16,32,0,0,0,0,0,0,0,0,0,0,0,144,112,80,80,112,144,0,0,0,0,0,0,0,0,0,0,112,80,48,48,80,112,0,0,0,0,0,0,0,0,0,0,64,32,16,16,32,64,0,0,0,0,0,0,0,0,240,240,224,208,208,208,208,224,240,240,0,0,0,0,0,0,208,192,16,16,16,16,16,16,192,208,0,0,0,0,0,0,240,224,208,192,192,192,192,208,224,240,0,0,0,0,0,0,32,16,16,32,0,0,32,16,16,32,0,0,0,0,0,0,0,0,0,0,240,224,224,240,240,240,240,240,0
0,0,0,0,0,0,0,0,0,0,0,0,0,0,176,176,0,0,96,96,96,80,64,64,48,208,16,16,16,16,208,80,48,48,32,32,32,48,80,96,96,96,96,96,96,96,96,96,0,96,80,80,64,80,48,96,128,160,160,16,128,96,48,32,64,48,48,48,96,64,64,64,64,64,64,64,64,64,64,64,0,0,0,0,0,0,32,16,16,16,16,16,48,0,0,0,0,0,0,0,0,0,48,32,16,16,48,0,48,0,0,0,0,0,0,0,0,32,16,16,32,48,0,0,0,0,0,0,0,0,0,0,0,0,0,0,0,0,0,0,0,0,0,0,0,0,0,0,0,0,0,0,0,0,0,0,0,0,0,0,0,0,0,0,0,0,0,0,0,0,0,0,0,0,0,0,0,0,240,224,224,208,16,16,16,16,208,224,224,240,0,0,0,0,208,16,16,16,16,16,16,16,16,16,16,208,0,0,0,0,240,208,208,192,16,16,16,16,192,208,208,240,0,0,0,0,32,80,80,32,64,0,0,64,32,80,80,32,0,0,0,0,0,0,0,0,0,0,240,240,224,240,240,240,240,0
0,0,0,0,0,0,0,0,0,0,0,0,0,0,176,176,0,0,96,96,96,80,224,208,192,16,16,16,192,208,80,48,48,32,32,32,32,48,80,80,160,176,176,176,176,176,176,176,0,96,80,80,80,80,48,96,144,128,112,128,144,96,32,48,80,64,64,64,96,80,80,80,80,80,80,80,80,80,80,80,48,32,32,16,16,16,16,16,16,16,16,16,32,0,0,0,0,0,0,0,0,0,48,32,16,16,32,32,0,0,0,0,0,0,0,0,48,32,16,32,48,0,0,0,0,0,0,0,0,0,0,0,0,112,64,64,64,64,112,0,0,0,0,0,0,0,0,0,0,80,32,32,32,32,80,0,0,0,0,0,0,0,0,0,0,32,16,16,16,16,32,0,0,0,0,0,0,240,224,224,224,224,208,208,208,208,224,224,224,224,240,0,0,208,16,16,16,16,16,16,16,16,16,16,16,16,208,0,0,240,208,208,208,208,192,192,192,192,208,208,208,208,240,0,0,32,16,16,32,80,80,0,0,80,80,32,16,16,32,0,0,0,0,0,0,0,0,0,0,0,240,240,240,240,0,0
0,0,0,0,0,0,0,0,0,0,0,0,0,0,176,176,0,176,176,240,240,224,224,208,192,192,192,208,224,80,64,48,48,32,32,32,32,48,80,80,176,176,176,176,176,176,176,176,0,96,80,80,80,80,96,64,96,144,144,160,96,48,32,64,80,80,80,80,96,80,80,48,176,176,176,176,176,176,176,176,0,0,0,0,0,32,32,16,16,16,16,16,32,0,0,0,0,0,0,0,0,0,48,32,16,16,32,48,0,0,0,0,0,0,0,0,32,16,16,32,0,0,0,0,0,0,0,0,0,0,0,0,0,144,112,80,80,112,144,0,0,0,0,0,0,0,0,0,0,112,80,48,48,80,112,0,0,0,0,0,0,0,0,0,0,64,32,16,16,32,64,0,0,0,0,0,240,240,224,224,224,240,240,240,240,240,240,224,224,224,240,240,208,192,16,16,16,192,192,192,192,192,192,16,16,16,192,208,240,224,208,208,208,224,224,224,224,224,224,208,208,208,224,240,0,32,32,32,32,32,64,0,0,64,32,32,32,32,32,0,0,0,0,0,0,0,0,0,0,0,0,0,0,0,0,0
0,0,0,0,0,0,0,0,0,0,0,0,0,0,96,176,0,176,176,240,240,240,224,208,208,224,80,80,64,64,48,48,48,32,16,16,32,48,80,80,176,176,176,176,176,176,176,176,0,0,96,80,80,80,96,96,64,176,176,176,96,32,64,96,80,80,80,80,96,80,80,48,176,208,192,224,208,192,240,208,0,0,0,48,32,32,16,16,16,16,16,16,16,48,0,0,0,0,0,0,0,0,48,32,16,16,16,48,0,0,0,0,0,0,0,0,32,16,16,32,0,0,0,0,0,0,0,0,0,0,0,0,0,0,144,112,112,144,0,0,0,0,0,0,0,0,0,0,0,0,112,80,80,112,0,0,0,0,0,0,0,0,0,0,0,0,64,32,32,64,0,0,0,0,0,0,240,224,224,224,240,240,240,240,240,240,240,240,224,224,224,240,208,16,16,16,192,192,208,208,208,208,192,192,16,16,16,208,240,208,208,208,224,224,240,240,240,240,224,224,208,208,208,240,0,0,0,0,0,0,0,0,0,0,0,0,0,0,0,0,0,0,0,0,0,0,0,0,0,0,0,0,0,0,0,0
0,0,0,0,0,0,0,0,0,0,0,0,0,0,0,96,0,176,176,240,240,240,224,240,80,80,96,64,64,80,176,176,176,64,48,48,48,48,64,64,176,176,176,176,176,176,176,176,0,0,96,80,80,80,80,96,96,64,96,96,32,48,96,64,96,80,80,80,176,80,80,48,80,176,176,176,176,176,176,176,0,0,0,0,0,0,48,32,32,32,16,16,16,32,0,0,0,0,0,0,0,0,0,48,32,16,16,48,0,0,0,0,0,0,0,0,32,16,32,0,0,0,0,0,0,0,0,0,0,0,0,0,0,0,0,0,0,0,0,0,0,0,0,0,0,0,0,0,0,0,0,0,0,0,0,0,0,0,0,0,0,0,0,0,0,0,0,0,0,0,0,0,0,0,0,0,240,224,224,224,240,240,240,240,240,240,240,240,224,224,224,240,208,16,16,16,192,208,208,208,208,208,208,192,16,16,16,208,240,208,208,208,224,240,240,240,240,240,240,224,208,208,208,240,0,0,0,0,0,0,0,0,0,0,0,0,0,0,0,0,0,0,0,0,0,0,0,0,0,0,0,0,0,0,0,0
0,0,0,0,0,0,0,0,0,0,0,0,0,0,0,96,112,96,96,96,96,96,96,96,96,80,64,64,80,176,176,176,176,64,64,64,64,48,64,64,176,176,176,176,176,176,176,176,0,0,128,96,80,80,80,80,96,80,64,48,48,64,96,80,128,96,96,80,176,80,80,48,32,48,48,48,48,48,48,48,0,0,0,0,0,0,0,0,0,48,32,32,16,16,0,0,0,0,0,0,0,0,0,0,48,16,16,48,0,0,0,0,0,0,0,48,16,16,32,0,0,0,0,0,0,0,0,0,0,0,0,0,0,0,0,0,0,0,0,0,0,0,0,0,0,0,0,0,0,0,0,0,0,0,0,0,0,0,0,0,0,0,0,0,0,0,0,0,0,0,0,0,0,0,0,0,0,0,0,0,0,0,0,0,0,0,0,0,0,0,0,0,0,0,0,0,0,0,0,0,0,0,0,0,0,0,0,0,0,0,0,0,0,0,0,0,0,0,0,0,0,0,0,0,0,0,0,0,0,0,0,0,0,0,0,0,0,0,0,0,0,0,0,0,0,0,0,0,0,0,0,0,0,0,0,0
0,0,0,0,0,0,0,0,0,0,0,0,0,0,0,0,16,112,96,96,96,96,96,96,96,80,80,80,80,176,176,176,176,80,80,80,80,48,64,64,176,176,176,176,176,176,176,176,0,128,144,144,96,80,80,80,80,96,96,96,96,96,96,80,112,128,96,80,176,80,80,80,80,80,80,80,80,80,80,80,0,0,0,0,0,0,0,0,0,0,0,48,32,16,48,0,0,0,0,0,0,0,0,0,48,32,32,32,48,0,0,0,0,0,0,32,16,16,32,0,0,0,0,0,0,0,0,0,0,0,0,0,0,0,0,0,0,0,0,0,0,0,0,0,0,0,0,0,0,0,0,0,0,0,0,0,0,0,0,0,0,0,0,0,0,0,0,0,0,0,0,0,0,0,0,0,0,0,0,0,0,0,0,0,0,0,0,0,0,0,0,0,0,0,0,0,0,0,0,0,0,0,0,0,0,0,0,0,0,0,0,0,0,0,0,0,0,0,0,0,0,0,0,0,0,0,0,0,0,0,0,0,0,0,0,0,0,0,0,0,0,0,0,0,0,0,0,0,0,0,0,0,0,0,0,0
0,0,0,0,0,0,0,0,0,0,0,0,0,0,0,0,16,16,144,96,96,96,96,96,80,80,80,80,64,176,176,176,176,80,80,80,80,48,64,64,176,176,176,176,176,176,176,176,160,144,144,144,96,80,80,80,80,80,96,96,96,96,96,80,112,144,96,80,80,176,176,176,176,176,176,176,176,176,176,176,0,0,0,0,0,0,0,0,0,0,0,0,0,0,0,0,0,0,0,0,0,0,0,0,0,0,0,0,0,0,0,0,0,0,0,0,0,0,0,0,0,0,0,0,0,0,0,0,0,0,0,32,16,16,32,0,0,0,0,0,0,0,0,0,0,0,0,0,32,32,32,0,0,0,0,0,0,0,0,0,0,0,0,0,0,0,0,176,176,176,160,128,160,0,0,0,0,48,0,0,0,0,48,0,0,0,32,16,16,48,0,0,0,96,96,96,96,96,96,96,96,96,96,96,96,96,96,96,96,96,96,96,96,96,176,48,32,32,32,32,32,32,32,32,0,0,0,0,0,0,0,0,0,0,0,0,0,0,0,0,0,0,0,48,32,48,0,0,0,0,0,0,0,0,0,0
0,0,0,0,0,224,224,224,0,0,0,0,0,0,0,0,16,16,144,96,96,96,96,80,80,80,80,80,64,176,176,176,176,80,80,80,80,48,64,64,176,176,176,176,176,176,176,176,160,144,144,160,176,96,80,80,80,80,80,128,128,96,96,80,128,144,160,96,80,80,96,96,96,96,96,96,96,96,96,96,0,0,0,0,0,0,0,0,0,0,0,0,0,0,0,0,0,0,0,0,0,0,0,0,0,0,0,0,0,0,0,0,0,0,0,0,0,0,0,0,0,0,0,0,0,0,0,0,0,0,48,16,16,16,48,0,0,0,0,0,0,0,0,0,32,32,0,32,0,0,32,0,0,0,0,0,0,0,0,0,0,0,0,0,0,0,0,176,144,128,16,112,160,160,112,128,0,0,48,0,0,0,0,32,0,0,32,16,16,32,0,16,0,0,176,176,176,176,176,176,176,176,64,64,64,64,64,64,64,64,64,64,64,64,64,64,64,64,64,64,64,64,64,64,0,0,0,0,0,0,0,0,0,0,0,0,0,0,0,0,0,0,48,16,16,16,48,0,0,0,0,0,0,0,0,0
0,0,0,0,224,208,192,208,224,0,0,0,0,0,0,0,112,128,96,96,80,80,80,80,80,80,80,80,48,176,176,176,176,80,80,80,80,48,64,64,176,176,176,176,176,176,176,176,160,144,160,176,176,176,96,80,80,80,144,112,112,112,128,96,128,144,160,96,80,80,80,96,96,96,96,96,96,96,96,96,0,0,0,0,0,0,0,0,0,0,0,0,0,0,0,0,0,0,0,0,0,0,0,0,0,0,0,0,0,0,0,0,0,0,0,0,0,0,0,0,0,0,0,0,0,0,0,0,0,0,32,16,16,32,48,0,0,0,0,0,0,0,0,0,0,16,32,32,0,0,32,0,0,0,0,0,32,0,0,0,32,0,0,0,0,0,0,176,144,128,112,128,160,144,16,16,0,0,0,48,0,0,0,32,32,0,16,16,16,16,16,16,0,0,0,0,0,0,0,0,32,16,64,48,80,64,64,48,48,64,48,48,48,48,48,48,48,48,64,48,48,64,64,80,0,0,0,0,0,0,0,0,0,0,0,0,0,0,0,0,0,0,48,16,16,16,48,0,0,0,0,0,0,0,0,0
0,0,0,224,208,16,16,192,208,224,0,0,0,0,0,0,112,144,96,96,80,80,80,80,80,80,80,80,32,176,176,176,176,80,80,80,80,48,64,64,176,176,176,176,176,176,176,176,0,160,176,176,176,176,176,96,96,80,16,16,16,112,112,112,128,144,160,160,96,80,80,80,80,80,80,80,80,80,80,80,0,0,0,0,128,0,0,0,0,0,0,128,0,0,0,0,0,0,0,0,80,0,0,0,0,0,0,80,0,0,0,0,0,0,0,0,64,0,0,0,0,0,0,64,0,0,0,0,0,0,32,16,16,32,48,0,0,0,0,0,0,0,0,0,0,0,32,32,32,0,32,0,0,0,0,0,16,0,0,0,16,0,0,0,0,0,0,176,160,144,128,160,160,16,16,16,0,0,0,32,16,0,0,0,16,32,16,16,16,16,16,16,0,0,0,0,0,0,0,32,16,16,64,48,80,64,64,32,32,64,48,48,48,32,16,16,16,16,64,32,32,64,64,80,0,0,16,16,0,0,0,0,0,0,0,0,0,0,0,0,0,0,48,16,16,16,48,0,0,0,0,0,0,0,0,0
0,0,0,224,208,16,16,192,208,208,224,0,0,0,0,0,160,96,96,80,80,80,80,80,80,80,80,80,16,176,176,176,176,80,80,80,80,48,64,64,176,176,176,176,176,176,176,176,0,0,0,0,0,0,0,0,0,16,16,16,16,16,16,112,128,144,160,160,160,96,96,96,96,96,96,96,96,96,96,96,0,0,0,96,80,128,0,0,0,0,128,80,96,0,0,0,0,0,0,48,32,80,0,0,0,0,80,32,48,0,0,0,0,0,0,32,16,64,0,0,0,0,64,16,32,0,0,0,0,0,32,16,16,32,48,48,0,0,0,0,0,0,0,0,32,32,32,16,32,32,32,0,0,0,0,32,16,0,0,32,16,0,0,0,0,0,176,176,176,176,160,144,112,16,16,112,48,0,0,0,32,16,0,0,32,16,16,16,16,16,16,16,0,0,0,0,0,0,32,16,16,16,64,32,80,64,64,64,16,48,64,48,48,32,16,16,16,16,64,16,16,64,64,80,0,0,32,32,0,0,0,0,0,0,0,0,0,0,0,0,0,0,0,32,32,32,0,0,0,0,0,0,0,0,0,0
0,0,0,224,208,208,192,208,208,208,208,224,0,0,0,0,96,96,96,80,80,80,80,80,80,80,80,80,48,48,48,48,48,80,80,80,80,48,64,64,64,176,176,176,176,176,176,176,0,0,0,0,0,0,0,0,112,16,16,16,16,16,16,16,128,144,160,160,176,176,176,176,176,176,176,176,176,176,176,176,0,0,96,80,80,128,0,0,0,0,128,80,80,96,0,0,0,0,48,32,32,80,0,0,0,0,80,32,32,48,0,0,0,0,32,16,16,64,0,0,0,0,64,16,16,32,0,0,0,0,32,16,16,32,48,48,0,0,0,0,0,0,0,0,0,48,32,32,32,16,32,32,32,0,32,16,16,0,0,16,16,0,0,0,0,0,176,176,160,144,144,128,128,112,112,176,0,48,0,0,0,16,16,32,32,16,16,16,16,16,16,16,0,0,0,0,48,32,16,32,32,16,16,64,32,80,64,64,16,16,64,64,64,64,64,64,64,64,64,64,16,48,64,64,0,0,48,48,0,0,0,0,0,0,0,0,0,0,0,0,0,0,0,32,32,32,0,0,0,0,0,0,0,0,0,0
0,0,0,0,224,208,208,208,224,224,208,208,224,0,0,0,96,96,96,96,96,96,96,96,96,96,96,96,96,96,96,96,96,96,96,96,96,96,48,48,48,48,48,48,48,48,48,48,0,0,0,0,0,0,0,0,16,16,16,16,16,16,16,16,128,144,160,176,176,176,176,176,176,176,176,176,176,176,176,176,0,0,96,80,80,128,0,0,0,0,128,80,80,96,0,0,0,0,48,32,32,80,0,0,0,0,80,32,32,48,0,0,0,0,32,16,16,64,0,0,0,0,64,16,16,32,0,0,0,0,32,16,16,32,0,48,0,0,0,0,0,0,0,0,0,0,48,32,32,16,16,16,32,32,32,16,16,0,32,16,16,0,0,48,0,0,176,176,160,144,144,144,128,128,176,16,0,48,48,0,0,32,16,16,32,16,16,16,16,64,64,64,0,0,0,0,0,0,0,48,32,32,16,16,64,32,16,16,16,16,64,32,32,48,0,32,32,0,0,64,16,16,16,16,0,0,0,0,0,0,0,0,0,0,0,0,0,0,0,0,0,0,0,48,48,48,0,0,0,0,0,0,0,0,0,0
0,0,0,0,0,224,208,208,224,224,240,208,208,224,0,0,0,96,96,96,96,96,96,96,96,96,96,96,96,96,96,96,96,96,96,96,96,96,176,48,32,32,32,32,32,32,32,32,0,0,0,0,0,0,0,112,16,208,224,224,16,16,16,112,144,176,176,176,0,0,0,0,0,0,0,0,0,0,0,0,0,0,96,80,80,128,0,0,0,0,128,80,80,96,0,0,0,0,48,32,32,80,0,0,0,0,80,32,32,48,0,0,0,0,32,16,16,64,0,0,0,0,64,16,16,32,0,0,0,0,32,16,16,32,0,48,0,0,0,0,0,0,0,0,48,0,0,0,32,32,16,16,16,16,16,16,16,32,32,16,16,0,0,32,0,0,96,176,176,160,144,144,64,96,16,240,0,0,32,48,0,0,32,16,16,16,16,64,48,32,16,16,0,0,0,0,0,0,0,32,32,16,16,16,16,64,64,64,64,64,64,32,32,0,0,32,32,32,0,0,64,16,16,16,0,0,0,0,0,0,0,0,0,0,0,0,0,0,0,0,0,0,0,48,48,48,0,0,0,0,0,0,0,0,0,0
0,0,0,0,0,0,224,208,208,224,240,240,208,208,224,16,0,0,176,176,176,176,176,176,176,176,176,176,176,176,176,176,176,240,240,240,240,240,240,240,240,240,176,176,176,176,176,176,0,0,0,0,0,0,0,16,208,192,16,16,224,16,16,128,176,176,0,0,0,0,0,0,0,0,0,0,0,0,0,0,0,0,0,96,128,0,0,0,0,0,0,128,96,0,0,0,0,0,0,48,80,0,0,0,0,0,0,80,48,0,0,0,0,0,0,32,64,0,0,0,0,0,0,64,32,0,0,0,0,0,32,16,16,32,0,48,0,0,0,0,0,0,0,0,0,48,48,48,48,32,16,16,16,16,16,16,16,32,32,16,16,32,0,16,0,0,0,96,96,96,80,64,64,64,96,176,0,0,0,32,32,32,32,16,16,16,64,32,32,16,16,16,0,0,0,0,0,0,0,32,32,16,16,16,32,16,16,32,16,16,32,48,32,32,0,32,16,32,32,0,0,64,64,64,0,0,0,0,0,0,0,0,0,0,0,0,0,0,0,0,0,0,0,0,0,0,0,0,0,0,0,0,0,0,0,0
0,0,0,0,0,0,0,224,208,208,224,240,240,240,224,144,0,0,0,0,0,0,0,0,0,0,240,224,160,176,240,224,224,240,224,224,224,224,224,224,224,224,240,224,224,240,176,160,0,0,0,0,0,0,0,208,192,192,192,192,224,16,112,128,176,0,0,0,0,0,0,0,0,0,0,0,0,0,0,0,0,0,96,80,80,96,0,0,0,0,96,80,80,96,0,0,0,0,48,32,32,48,0,0,0,0,48,32,32,48,0,0,0,0,32,16,16,32,0,0,0,0,32,16,16,32,0,0,0,0,32,32,16,32,0,0,48,0,0,0,0,0,0,0,0,0,0,0,0,0,32,16,16,16,16,16,16,16,16,16,16,32,32,16,0,0,0,96,96,96,80,80,64,48,96,16,0,0,0,0,32,16,16,16,16,64,32,32,32,32,16,16,0,0,0,48,32,32,32,32,16,16,16,32,32,32,16,48,48,16,48,0,32,32,32,32,16,32,32,32,0,32,32,32,0,0,0,0,0,0,0,0,0,0,0,0,0,0,0,0,0,0,0,0,0,0,0,0,0,0,0,0,0,0,0,0
0,0,0,0,0,0,0,0,224,224,208,224,240,240,224,144,0,0,0,0,0,0,0,0,0,0,240,224,160,176,240,208,208,240,224,224,224,208,192,192,192,192,240,208,208,240,176,160,0,0,0,0,0,0,0,192,192,192,192,208,224,16,128,128,0,0,0,0,0,0,0,0,0,0,0,0,0,0,0,0,0,0,96,64,64,80,96,0,0,96,80,64,64,96,0,0,0,0,48,16,16,32,48,0,0,48,32,16,16,48,0,0,0,0,32,16,16,16,32,0,0,32,16,16,16,32,0,0,0,0,48,32,16,32,0,0,0,48,0,0,0,0,0,0,0,0,0,0,0,48,32,32,16,16,16,16,16,16,16,16,16,32,16,16,32,0,0,0,96,96,96,80,64,64,48,96,0,0,0,0,0,32,16,16,64,48,32,32,32,48,48,48,0,0,0,0,32,32,32,32,16,32,32,48,0,0,32,0,0,32,0,0,32,16,32,32,16,16,32,32,32,32,32,32,0,0,0,0,0,0,0,0,0,0,0,0,0,0,0,0,0,0,0,0,0,0,0,0,0,0,0,0,0,0,0,0
0,0,0,0,0,0,0,0,0,0,224,224,224,224,144,128,0,0,0,0,0,0,0,0,0,0,240,208,160,176,176,240,192,224,240,224,224,208,192,192,16,16,240,192,192,240,176,160,0,0,0,0,0,0,208,192,192,192,208,224,16,112,128,128,0,0,0,0,0,0,0,0,0,0,0,0,0,0,0,0,0,0,96,64,0,0,128,0,0,128,0,0,64,96,0,0,0,0,48,16,0,0,80,0,0,80,0,0,16,48,0,0,0,0,32,16,0,0,64,0,0,64,0,0,16,32,0,0,0,0,0,48,16,16,16,0,0,48,0,0,48,0,0,48,0,32,32,32,32,32,32,32,32,16,16,16,16,16,16,16,16,16,16,16,32,0,48,0,96,96,96,80,80,64,48,48,0,0,0,0,0,0,32,16,64,32,32,32,48,48,64,64,0,0,0,0,0,32,32,16,32,32,48,0,0,0,48,0,0,48,0,0,32,16,32,32,16,16,32,32,32,32,32,16,0,0,0,0,0,0,0,0,0,0,0,0,0,0,0,0,0,0,0,0,0,0,0,0,0,0,0,0,0,0,0,0
0,0,0,0,0,0,0,0,0,0,0,160,144,144,128,112,0,0,0,0,0,0,0,0,0,0,0,240,208,160,176,240,192,192,240,176,176,176,176,176,176,176,176,240,192,224,176,176,0,0,0,0,0,0,192,192,192,192,224,224,16,128,128,128,0,0,0,0,0,0,0,0,0,0,0,0,0,0,0,0,0,0,0,128,128,0,0,0,0,0,0,128,128,0,0,0,0,0,0,80,80,0,0,0,0,0,0,80,80,0,0,0,0,0,0,64,64,0,0,0,0,0,0,64,64,0,0,0,0,0,0,0,32,16,16,32,0,32,0,0,32,0,0,48,32,0,0,0,0,0,32,32,16,16,16,16,16,48,48,48,16,16,16,16,32,0,32,0,0,96,96,96,80,64,64,48,0,0,0,0,0,32,16,16,64,32,32,32,48,64,64,64,0,0,0,0,0,0,32,32,32,48,0,0,0,0,48,32,32,32,0,0,32,16,16,32,16,16,16,32,32,32,32,16,0,0,0,0,0,0,0,0,0,0,0,0,0,0,0,0,0,0,0,0,0,0,0,0,0,0,0,0,0,0,0,0
0,0,0,0,0,0,0,0,0,0,0,0,160,144,144,128,0,0,0,0,0,0,0,0,0,0,0,0,240,208,16,16,16,192,240,0,0,0,0,0,0,0,0,176,192,192,16,16,0,0,0,0,0,0,208,192,192,224,224,224,16,128,128,144,0,0,0,0,0,0,0,0,0,0,0,0,0,0,0,0,0,0,0,0,0,0,0,0,0,0,0,0,0,0,0,0,0,0,0,0,0,0,0,0,0,0,0,0,0,0,0,0,0,0,0,0,0,0,0,0,0,0,0,0,0,0,0,0,48,0,0,0,0,16,16,32,0,32,0,48,16,0,32,0,32,0,0,0,48,32,16,16,16,16,16,16,48,32,32,32,48,16,16,16,16,0,16,0,0,96,96,96,80,80,64,48,0,0,0,0,0,0,32,64,64,48,48,32,32,16,16,16,0,0,0,0,0,32,32,32,48,0,0,0,0,48,32,0,0,48,32,0,32,16,16,16,16,16,16,16,32,32,32,16,0,0,0,0,0,0,0,0,0,0,0,0,0,0,0,0,0,0,0,0,0,0,0,0,0,0,0,0,0,0,0,0
0,0,0,0,0,0,0,0,0,0,0,0,0,160,160,160,0,0,0,0,0,0,0,0,0,0,0,0,0,240,240,240,240,240,240,0,0,0,0,0,0,0,0,0,176,192,16,16,0,0,0,0,0,0,0,224,208,224,224,176,176,144,144,176,0,0,0,0,0,0,0,0,0,0,0,0,0,0,0,0,0,0,0,0,0,0,0,0,0,0,0,0,0,0,0,0,0,0,0,0,0,0,0,0,0,0,0,0,0,0,0,0,0,0,0,0,0,0,0,0,0,0,0,0,0,0,0,0,0,32,0,0,0,16,16,32,0,16,0,32,16,32,48,0,32,32,48,16,16,16,16,16,16,16,16,48,32,16,16,16,32,48,16,16,16,32,16,0,0,0,96,96,48,80,64,64,0,0,0,0,0,0,64,64,64,48,48,32,32,32,16,16,0,0,0,0,0,32,32,32,0,0,0,0,48,32,0,32,0,0,0,32,32,16,16,16,16,16,16,16,16,32,16,16,0,0,0,0,0,0,0,0,0,0,0,0,0,0,0,0,0,0,0,0,0,0,0,0,0,0,0,0,0,0,0,0
0,0,0,0,0,0,0,0,0,0,0,0,0,0,0,96,0,0,0,0,0,0,0,0,0,0,0,0,0,0,0,0,0,0,0,0,0,0,0,0,0,0,0,0,0,176,176,176,0,0,0,0,0,0,0,0,0,0,0,0,176,176,176,176,0,0,0,0,0,0,0,0,0,0,0,0,0,0,0,0,0,0,0,0,0,0,0,0,0,0,0,0,0,0,0,0,0,0,0,0,0,0,0,0,0,0,0,0,0,0,0,0,0,0,0,0,0,0,0,0,0,0,0,0,0,0,0,0,0,32,32,0,0,32,16,16,32,16,32,16,32,32,0,0,0,0,32,0,0,48,32,32,32,16,16,48,32,16,16,16,32,32,48,16,16,16,16,32,0,0,96,32,96,80,224,208,0,0,0,0,0,0,64,64,64,48,48,32,32,32,32,32,0,0,0,0,32,32,32,0,0,0,0,0,32,0,0,32,32,32,0,0,32,16,16,16,16,16,16,16,16,16,16,16,0,0,0,0,0,0,0,0,0,0,0,0,0,0,0,0,0,0,0,0,0,0,0,0,0,0,0,0,0,0,0,0
0,0,0,0,0,0,0,0,0,0,0,0,0,0,0,0,0,0,0,0,0,0,0,0,0,0,0,0,0,0,0,0,48,48,0,0,0,0,0,0,0,0,0,0,0,0,0,0,0,0,48,16,64,32,32,32,16,16,16,16,16,16,16,64,16,16,16,16,32,64,16,16,32,48,32,0,0,0,0,0,0,0,0,64,48,48,48,48,32,32,32,32,48,64,32,48,48,32,32,32,32,32,48,48,48,48,48,48,64,0,0,0,0,0,0,0,0,0,0,48,80,64,32,32,64,80,80,32,0,0,32,16,32,32,16,16,32,16,16,16,32,48,0,0,0,0,0,32,32,32,32,32,16,16,16,48,32,32,16,32,32,32,32,48,16,16,16,32,0,176,16,32,240,224,224,208,0,0,0,0,0,0,0,0,0,0,0,0,0,0,0,0,0,16,16,16,32,48,0,0,48,0,0,0,0,32,48,16,16,32,32,32,32,16,16,16,16,16,16,16,16,16,16,16,0,0,0,0,0,0,0,0,0,0,0,0,0,0,0,0,0,0,48,48,0,0,0,0,0,0,0,0,0,0,0,0
0,0,0,0,0,0,0,0,0,0,0,0,0,0,0,0,0,0,0,0,0,0,0,0,0,0,0,0,0,0,0,0,32,32,48,48,0,0,0,0,0,0,0,0,0,0,0,0,0,48,32,16,64,48,32,16,16,16,16,32,48,48,32,16,16,16,16,32,48,64,16,16,48,16,16,32,0,0,0,0,0,0,0,64,48,48,48,48,48,48,48,48,48,64,64,16,48,48,48,48,48,48,48,48,48,48,48,48,64,0,0,0,0,0,0,0,0,0,0,32,80,80,48,64,80,80,48,48,0,0,48,16,16,32,16,16,16,16,16,32,48,0,0,0,0,0,0,0,0,32,16,16,16,16,16,16,48,32,32,32,48,48,32,32,48,16,16,32,32,16,16,240,240,240,224,208,0,0,0,0,0,0,0,0,0,0,0,0,0,0,0,48,16,32,48,48,0,0,0,0,0,32,48,0,0,0,32,32,16,16,16,32,32,16,16,16,16,16,16,16,16,16,16,16,0,0,0,0,0,0,0,0,0,0,0,0,0,0,0,0,0,32,16,16,32,0,0,0,0,0,0,0,0,0,0,0
0,0,0,0,0,0,0,0,0,0,0,0,0,0,0,0,32,32,0,0,0,0,0,0,0,0,0,0,0,0,0,0,32,32,32,32,48,0,0,0,0,0,0,0,0,0,0,0,48,32,48,32,64,48,16,16,16,16,16,16,16,16,16,16,16,16,32,48,64,64,16,48,32,16,16,16,32,0,0,0,0,0,0,64,48,48,48,48,48,48,32,32,48,80,64,32,16,16,48,48,48,32,32,32,32,48,48,48,64,0,0,0,0,0,0,0,0,0,0,64,48,80,32,48,80,32,80,48,0,0,0,32,16,16,16,16,16,16,16,32,48,0,0,0,0,0,0,32,32,16,16,16,16,16,16,16,16,48,32,32,48,48,64,32,32,48,16,16,16,16,32,240,240,240,224,240,0,0,0,0,0,0,0,0,0,0,0,0,0,0,32,16,32,48,0,0,0,0,0,0,0,48,32,32,32,48,32,32,32,16,16,16,16,16,16,16,16,16,16,16,16,16,16,16,0,0,0,0,0,0,0,0,0,0,0,0,0,0,0,0,0,32,16,16,32,0,0,0,0,0,0,0,0,0,0,0
0,0,0,0,0,0,0,0,0,0,0,0,0,0,0,32,16,16,32,0,0,0,0,0,0,0,0,0,0,0,0,0,48,32,32,32,32,48,0,0,0,0,0,0,0,0,0,0,32,48,64,32,32,64,32,16,16,32,16,16,16,16,16,32,16,32,48,64,64,32,32,48,32,16,16,16,16,32,0,0,0,0,0,64,48,48,48,32,32,16,16,16,64,80,80,64,32,16,16,16,32,48,32,16,16,16,32,32,48,64,0,0,0,0,0,0,0,0,48,64,32,80,16,32,80,16,80,32,0,0,0,48,16,16,16,16,16,16,32,48,0,0,0,0,0,32,32,16,16,16,16,16,16,16,16,16,16,16,48,32,32,48,64,64,32,32,48,16,16,16,96,96,96,96,96,96,0,0,0,0,0,0,0,0,0,0,0,0,0,32,16,48,48,0,0,0,0,0,0,0,0,0,32,32,32,32,32,32,32,32,16,16,16,16,16,16,16,16,16,16,16,16,16,16,0,0,0,0,0,0,0,0,0,0,0,0,0,0,0,0,0,32,16,16,32,0,0,0,0,0,0,0,0,0,0,0
0,0,0,0,0,0,0,0,0,0,0,0,0,0,0,16,16,16,16,16,32,48,0,0,0,0,0,0,0,0,0,0,0,32,48,48,32,32,48,0,0,0,0,0,0,0,0,0,48,64,32,16,32,64,48,32,32,48,32,16,16,16,32,48,32,48,64,32,64,32,32,48,48,32,16,16,16,16,32,0,0,0,0,64,48,48,32,32,16,16,16,32,80,80,80,80,64,16,16,32,64,64,48,32,32,16,16,32,32,64,0,0,0,0,0,0,0,32,48,64,32,64,32,32,64,32,32,48,0,0,0,0,32,16,16,16,16,16,32,48,0,0,0,0,0,0,0,0,0,0,0,48,32,32,16,16,16,16,16,48,32,32,48,64,64,64,48,64,16,32,96,96,96,96,96,96,0,0,0,0,0,0,0,0,0,0,0,0,32,16,32,32,0,0,0,0,0,48,0,0,0,0,48,32,16,16,16,32,32,32,16,16,16,16,16,16,16,16,16,16,16,16,16,16,0,0,0,0,0,0,0,0,0,0,0,0,0,0,0,0,0,0,32,32,0,0,0,0,0,0,0,0,0,0,0,0
0,0,0,0,0,0,0,0,0,0,0,0,0,0,0,32,16,16,16,16,16,16,16,32,48,0,0,0,0,0,0,0,0,0,32,0,48,32,32,48,0,0,0,0,0,0,0,0,48,64,16,16,64,32,64,48,48,48,48,32,32,32,48,64,64,64,32,32,64,32,32,64,48,48,32,32,16,16,32,0,0,0,0,64,48,48,48,32,32,32,48,64,80,48,48,80,80,64,16,32,64,48,48,48,48,48,48,48,48,48,64,0,0,0,0,0,0,16,32,64,48,64,64,48,32,32,48,32,0,0,0,0,48,16,16,16,16,32,48,0,0,0,0,0,0,0,0,0,0,0,0,0,0,48,32,32,16,16,16,16,48,48,32,48,64,64,48,64,16,16,32,48,96,96,96,96,0,0,0,0,0,0,0,0,0,0,0,32,32,16,16,16,32,48,0,0,32,32,48,0,0,0,0,32,32,16,16,16,16,32,32,16,16,16,16,16,16,16,16,16,16,16,16,16,0,0,0,0,0,0,0,0,0,0,0,0,0,0,0,32,0,0,32,32,0,0,0,0,0,0,0,0,0,0,0,0
0,0,0,0,0,0,0,0,0,0,0,0,0,0,0,32,32,32,32,32,32,16,16,16,16,32,0,0,0,0,0,0,0,0,32,32,16,16,16,16,16,16,32,32,48,0,0,0,64,32,16,16,64,16,32,64,48,64,48,48,48,48,48,64,48,32,32,64,16,32,32,64,48,48,48,32,32,32,32,48,0,0,0,64,48,48,48,48,48,48,64,80,48,32,48,80,80,80,64,48,64,64,48,48,48,48,48,48,48,64,64,0,0,0,0,32,16,16,32,32,32,16,16,16,32,48,32,16,0,0,0,0,0,32,16,16,16,32,48,0,0,0,0,0,0,0,0,0,0,0,48,32,16,16,16,16,16,16,16,16,16,16,48,48,48,48,64,48,16,16,48,96,96,96,96,80,0,0,0,0,0,0,0,0,0,0,0,0,48,32,16,16,16,32,32,32,32,0,32,48,48,0,0,32,32,16,16,16,16,16,16,16,16,16,16,16,16,16,16,16,16,16,16,16,0,0,0,0,0,0,0,0,0,0,0,0,0,0,0,32,0,0,48,48,0,0,0,0,0,0,0,0,0,0,0,0
0,0,0,0,0,0,0,0,0,0,0,0,0,0,0,48,32,32,32,32,32,32,32,32,16,16,48,0,0,0,0,0,0,0,0,0,0,0,48,32,48,0,0,0,32,0,0,0,64,32,16,16,64,16,16,64,64,64,64,64,64,64,64,32,16,64,64,16,16,32,32,64,64,48,48,48,48,48,48,48,0,0,0,0,64,64,64,64,64,64,80,48,32,48,48,80,80,80,80,64,64,64,64,64,64,64,64,64,64,0,0,0,48,64,32,16,16,16,16,16,32,48,48,64,48,16,16,16,0,0,0,0,0,48,16,16,32,32,0,0,0,0,0,0,0,0,0,0,0,0,0,0,0,0,32,32,16,16,16,16,16,16,16,96,64,64,48,32,32,48,96,96,80,80,80,80,0,0,0,0,0,0,0,0,0,0,0,0,0,48,32,32,16,16,32,32,0,0,0,0,0,32,32,32,32,32,16,16,16,16,16,16,16,16,16,16,16,16,16,16,16,16,16,16,0,0,0,0,0,0,0,0,0,0,0,0,0,0,0,32,0,0,48,48,0,0,0,0,0,0,0,0,0,0,0,0
0,0,0,0,0,0,0,0,0,0,0,0,0,0,0,48,80,64,32,32,64,80,80,32,32,32,32,0,0,0,0,0,0,0,0,0,0,0,0,32,32,48,0,0,32,48,0,0,64,48,32,16,16,64,16,32,16,64,64,64,16,64,16,16,64,48,16,16,32,32,48,64,64,64,48,48,48,48,48,48,0,0,0,0,0,0,0,0,80,80,80,48,48,48,80,80,80,80,80,80,80,80,80,80,80,80,0,0,0,0,0,0,16,64,32,32,32,16,16,16,48,64,64,64,64,16,16,16,0,0,0,0,0,0,32,16,32,48,0,0,0,0,0,0,0,0,0,0,0,0,0,0,0,0,0,0,48,32,16,16,16,16,16,16,96,64,64,48,32,144,96,96,80,80,80,80,0,0,0,0,0,0,0,0,0,0,0,0,0,0,0,48,32,16,16,32,32,48,0,0,0,32,16,16,16,16,16,16,16,16,16,16,16,16,16,16,16,16,16,16,16,16,16,16,0,0,0,0,0,0,0,0,0,0,0,0,0,0,0,32,0,0,0,0,0,0,0,0,0,0,0,0,0,0,0,0
0,0,0,0,0,0,0,0,0,0,0,0,0,0,0,32,80,80,48,64,80,80,48,48,48,32,48,0,0,0,0,0,0,0,0,0,0,0,0,48,32,32,48,0,0,48,0,0,64,48,48,32,32,32,64,16,64,64,64,64,64,32,32,64,32,16,16,32,32,48,48,48,64,64,64,64,48,48,48,64,0,0,0,0,0,0,0,0,0,80,80,80,80,80,80,80,80,80,80,80,48,48,48,80,80,80,80,0,0,0,0,0,16,64,48,32,16,16,16,16,16,16,16,16,64,16,16,16,0,0,0,0,0,0,32,32,32,0,0,0,0,0,0,0,0,0,0,0,0,0,0,0,0,48,32,16,16,16,16,16,16,16,16,16,32,96,96,32,48,96,96,80,80,80,80,80,0,0,0,0,0,0,0,0,0,0,0,0,0,0,0,0,48,32,16,16,32,32,48,0,0,32,32,16,16,16,16,16,16,16,16,16,16,16,16,16,16,16,16,16,16,16,16,16,0,0,0,0,0,0,0,0,0,0,0,0,0,0,0,0,0,0,0,0,0,0,0,0,0,0,0,0,0,0,0,0
0,0,0,0,0,0,0,0,0,0,0,0,0,0,0,64,48,80,32,48,80,32,80,48,32,64,48,0,0,0,0,0,0,0,0,0,0,0,0,0,48,32,32,48,0,48,48,0,0,64,48,48,48,48,48,64,32,64,64,64,32,48,64,48,48,48,48,48,48,48,48,48,48,64,64,48,48,48,48,64,0,0,0,0,0,0,0,0,0,0,80,80,48,32,48,48,80,80,80,48,48,32,32,48,80,80,80,0,0,0,0,0,32,64,48,16,16,16,16,16,32,48,48,32,16,16,16,32,0,0,0,0,0,0,0,32,48,0,0,0,0,0,0,0,0,0,0,0,0,0,0,0,0,0,0,0,48,32,32,32,32,32,16,16,16,32,32,32,96,96,96,80,80,80,80,80,0,0,0,0,0,0,0,0,0,0,0,0,0,0,0,0,0,32,48,16,16,16,32,32,32,32,32,32,16,16,16,16,16,16,16,16,16,16,16,16,16,16,16,16,16,16,16,16,0,0,0,0,0,0,0,0,0,0,0,0,0,0,0,0,0,0,0,0,0,0,0,0,0,0,0,0,0,0,0,0
0,0,0,0,0,0,0,0,0,0,0,0,0,0,48,64,32,80,16,32,80,16,80,32,64,48,32,48,0,0,0,0,0,0,0,0,0,0,0,0,0,32,32,48,0,0,48,0,0,64,64,48,48,32,16,16,48,48,64,32,48,48,16,16,16,32,48,48,48,64,64,64,64,64,48,48,48,48,64,0,0,0,0,0,0,0,0,0,0,96,96,80,80,80,80,48,48,80,80,80,80,80,80,80,80,80,80,0,0,0,0,0,32,32,64,32,16,16,32,16,16,16,16,16,32,16,32,48,0,0,0,0,0,0,0,48,0,0,0,0,0,0,0,0,0,0,0,0,0,0,0,0,0,0,0,0,0,0,0,0,0,32,16,16,16,32,0,32,48,96,96,96,96,96,96,96,0,0,0,0,0,0,0,0,0,0,0,0,0,0,0,0,0,32,0,48,16,16,16,32,32,32,32,32,32,16,16,16,16,16,16,16,16,16,16,16,16,16,16,16,16,16,16,16,0,0,0,0,0,0,0,0,0,0,0,0,0,0,0,0,0,0,0,0,0,0,0,0,0,0,0,0,0,0,0,0
0,0,0,0,0,0,0,0,0,0,0,0,0,32,48,64,32,64,32,32,64,32,32,48,64,64,32,48,0,0,0,0,0,0,0,0,0,0,0,0,0,48,32,32,48,0,48,0,0,64,48,48,32,16,16,16,16,64,32,48,16,16,48,16,16,16,32,48,48,48,48,64,64,64,48,48,48,64,0,0,0,0,0,0,0,0,0,0,96,80,80,80,80,80,80,80,80,80,80,80,80,80,80,80,80,80,80,80,0,0,0,0,16,32,64,48,32,32,48,32,16,16,16,32,48,32,48,64,0,0,0,0,0,0,0,0,0,0,0,0,0,0,0,0,0,0,0,0,0,0,0,0,0,0,0,0,0,0,0,0,48,16,16,32,32,48,0,0,32,96,96,96,96,96,96,96,0,0,0,0,0,0,0,0,0,0,0,0,0,0,0,0,0,32,0,0,48,32,16,16,16,16,16,16,16,16,16,16,16,16,16,16,16,16,16,16,16,16,16,16,16,16,16,16,0,0,0,0,0,0,0,0,0,0,0,0,0,0,0,0,0,0,0,0,0,0,0,0,0,0,0,0,0,0,0,0
0,0,0,0,0,0,0,0,0,0,0,0,0,16,32,64,48,64,64,48,32,32,48,32,64,32,32,64,0,0,0,0,0,0,0,0,0,0,0,0,0,0,32,32,32,48,48,0,0,64,48,48,32,16,16,16,16,64,32,64,16,16,64,16,16,16,16,32,48,48,48,48,64,64,64,64,64,0,0,0,0,0,0,0,0,0,0,96,80,64,48,64,80,80,80,80,80,80,80,64,48,48,64,64,80,80,80,80,80,0,0,0,16,64,32,64,48,48,48,48,32,32,32,48,64,64,64,32,0,0,0,0,0,0,0,0,0,0,0,0,0,0,0,0,0,0,0,0,0,0,0,0,0,0,0,0,0,0,0,0,16,32,48,0,32,0,0,0,0,0,176,176,176,176,176,176,0,0,0,0,0,0,0,0,0,0,0,0,0,0,0,0,0,32,0,0,0,48,32,32,32,32,16,16,16,16,16,16,16,16,16,16,16,16,16,16,16,16,16,16,16,16,16,16,0,0,0,0,0,0,0,0,0,0,0,0,0,0,0,0,0,0,0,0,0,0,0,0,0,0,0,0,0,0,0,0
0,0,0,0,0,0,0,0,0,0,0,32,16,16,32,32,32,16,16,16,32,48,32,16,32,64,64,0,0,0,0,0,0,0,0,0,0,0,0,0,0,0,48,32,32,32,48,48,64,48,48,48,32,16,16,16,16,64,48,32,64,64,48,16,16,16,16,32,48,48,48,48,64,64,64,64,0,0,0,0,0,0,0,0,0,0,96,80,64,48,48,64,64,80,80,80,96,80,64,48,48,64,64,64,64,80,80,80,80,0,0,0,16,64,16,32,64,48,64,48,48,48,48,48,64,48,32,32,0,0,0,0,0,0,0,0,0,0,0,0,0,0,0,0,0,0,0,0,0,0,0,0,0,0,0,0,0,0,0,32,48,0,0,0,48,0,0,0,0,0,0,0,0,0,0,0,0,0,0,0,0,0,0,0,0,0,0,0,0,0,0,0,0,32,48,0,0,0,48,32,32,32,32,32,16,16,16,16,16,16,16,16,16,16,16,16,16,16,16,16,16,16,16,16,0,0,0,0,0,0,0,0,0,0,0,0,0,0,0,0,0,0,0,0,0,0,0,0,0,0,0,0,0,0,0,0
0,0,0,0,0,0,0,0,48,64,32,16,16,16,16,16,32,64,64,64,32,16,16,16,16,32,64,32,32,32,0,0,0,0,0,0,0,0,0,0,0,0,0,48,48,32,32,32,64,48,48,48,32,16,16,16,16,64,64,48,32,32,32,16,16,16,32,32,48,48,48,48,64,64,64,0,0,0,0,0,0,0,0,0,0,0,96,96,96,96,96,96,96,96,96,96,96,96,96,96,96,96,96,96,96,96,96,96,96,0,0,0,16,64,16,16,64,64,64,64,64,64,64,64,32,16,64,64,0,0,0,0,0,0,0,0,0,0,0,0,0,0,0,0,0,0,0,0,0,0,0,0,0,0,0,0,0,0,48,0,0,0,0,0,0,0,0,0,0,0,0,0,0,0,0,0,0,0,0,0,0,0,0,0,0,0,0,0,0,0,0,0,0,0,0,48,0,0,0,0,0,32,32,16,16,16,16,16,16,16,16,16,16,16,16,16,16,16,16,16,16,16,16,16,0,0,0,0,0,0,0,0,0,0,0,0,0,0,0,0,0,0,0,0,0,0,0,0,0,0,0,0,0,0,0,0
0,0,0,0,0,0,0,0,0,0,0,0,0,0,0,0,32,48,0,0,32,48,0,0,0,0,0,0,0,0,0,0,0,0,0,0,0,0,0,0,0,0,0,0,0,0,0,0,48,48,48,48,48,32,32,16,48,0,0,0,0,0,0,0,0,0,0,0,0,0,0,0,0,0,0,0,0,0,0,0,0,0,0,0,0,0,0,0,0,0,0,0,0,0,0,0,0,0,0,0,0,0,0,48,32,16,16,48,0,0,0,0,0,0,48,32,16,32,48,0,0,0,0,0,0,0,0,0,0,0,0,0,0,0,0,0,0,0,0,0,0,0,0,0,0,0,0,0,0,0,0,0,0,0,0,0,0,32,16,16,16,16,16,16,16,16,16,16,16,16,16,16,16,16,16,16,48,32,16,16,16,48,0,0,0,0,0,0,0,0,0,0,0,0,0,0,48,0,0,0,32,32,16,16,16,16,16,16,16,16,16,16,16,16,16,16,16,16,16,16,16,16,16,16,0,0,0,0,0,0,0,0,0,0,0,0,0,0,0,0,0,0,0,0,0,0,0,0,0,0,0,0,0,0,0,0
0,0,0,0,0,0,0,0,0,0,0,0,0,0,0,0,32,32,48,0,0,48,0,0,0,0,0,0,0,0,0,0,0,0,0,0,0,0,0,0,0,0,0,0,0,0,0,0,0,0,48,0,0,0,48,16,16,48,0,0,0,0,0,0,0,0,0,0,0,0,0,0,0,0,0,0,0,0,0,0,0,0,0,0,0,0,0,0,0,0,0,0,0,0,0,0,0,0,0,0,0,0,48,32,32,16,16,32,0,0,0,0,0,0,48,32,16,32,48,0,0,0,0,0,0,0,0,0,0,0,0,0,0,0,0,0,0,0,0,0,0,0,0,0,0,0,0,0,0,0,0,0,0,0,0,48,32,16,16,16,16,16,16,16,16,16,16,16,16,16,16,16,16,16,16,16,0,48,48,32,16,16,48,0,32,32,16,32,0,0,0,0,0,0,0,0,0,32,32,32,32,16,16,16,16,16,16,16,16,16,16,16,16,16,16,16,16,16,16,16,16,16,16,16,0,0,0,0,0,0,0,0,0,0,0,0,0,0,0,0,0,0,0,0,0,0,0,0,0,0,0,0,0,0,0,0
0,0,0,0,0,0,0,80,80,0,0,0,0,0,0,0,48,16,32,48,0,48,48,0,0,0,0,0,0,0,0,0,32,0,0,0,0,0,48,32,0,0,0,0,0,0,0,0,0,0,48,0,0,0,0,48,16,16,0,0,0,0,0,0,0,0,0,0,0,0,0,0,0,0,0,0,0,0,0,0,0,0,0,0,0,0,0,0,0,0,0,0,0,0,0,0,0,0,0,0,0,48,32,32,16,16,32,32,32,0,0,0,0,0,48,32,16,32,48,0,0,0,0,0,0,0,0,0,0,0,0,0,0,0,0,32,32,0,0,0,0,0,0,0,0,0,0,0,0,0,0,0,0,0,0,0,64,16,16,16,16,16,16,32,16,16,16,16,16,16,16,16,16,16,16,16,0,0,48,32,32,16,16,32,32,0,0,16,32,0,0,0,0,0,0,0,0,32,32,32,16,16,16,16,16,16,16,16,16,16,16,16,16,16,16,16,16,16,16,16,16,16,16,16,0,0,0,0,48,0,0,0,0,0,0,0,0,0,0,0,0,0,0,0,0,0,0,0,0,0,0,0,0,0,0,0
0,0,0,0,0,48,80,16,48,80,48,0,0,0,0,0,0,32,32,48,0,0,48,0,0,0,0,0,0,0,0,0,32,48,0,0,0,48,0,48,32,0,0,0,0,0,0,0,0,0,48,0,0,0,0,0,48,16,48,0,0,0,0,0,0,0,0,0,0,0,0,0,0,0,0,0,0,0,0,0,0,0,0,0,0,0,0,0,0,0,0,0,0,0,0,0,0,0,0,0,48,0,0,48,16,16,48,0,32,48,0,0,0,0,0,32,16,16,32,0,0,0,0,0,0,0,0,0,0,0,0,0,0,16,32,16,16,32,16,0,0,0,0,0,0,0,0,0,0,0,0,0,0,0,64,64,32,16,16,32,16,16,32,32,16,16,16,16,32,16,16,16,16,16,16,16,0,0,48,48,32,16,16,16,48,0,0,0,16,48,0,0,0,0,0,0,0,32,16,16,16,16,16,16,16,16,16,16,16,16,16,16,16,16,16,16,16,16,16,16,16,16,16,16,0,0,0,0,0,48,0,0,0,0,0,0,0,0,0,0,0,0,0,0,0,0,0,0,0,0,0,0,0,0,0,0
0,0,0,0,48,32,80,16,48,80,32,48,0,0,0,0,0,48,16,16,48,0,48,0,0,0,0,0,0,0,0,0,16,32,48,48,48,0,0,0,48,32,0,0,0,0,0,0,0,0,48,0,0,0,0,0,48,16,32,0,0,0,0,0,0,0,0,0,0,0,0,0,0,0,0,0,0,0,0,0,0,0,0,0,0,0,0,0,0,0,0,0,0,0,0,0,0,0,0,0,48,0,0,48,16,16,48,0,0,32,0,0,0,0,0,32,16,16,32,48,0,0,0,0,0,0,0,0,0,0,0,0,16,16,32,16,16,32,16,16,0,0,0,0,0,0,0,0,0,0,0,80,80,64,96,96,16,32,80,32,16,32,208,32,16,16,16,16,32,16,16,16,16,32,16,16,48,48,48,0,48,32,16,16,16,48,0,0,0,32,0,0,0,0,0,32,32,48,32,32,32,16,16,16,16,16,16,16,16,16,16,16,16,16,16,16,16,16,16,16,16,16,16,16,0,0,0,0,0,0,48,48,0,0,0,0,0,0,0,0,0,0,0,0,0,0,48,0,0,0,0,0,0,0,0,0
0,0,0,48,80,32,80,16,48,80,32,80,48,0,0,0,0,0,32,16,16,48,48,0,0,0,0,0,0,0,0,0,32,16,16,0,0,0,0,0,0,48,32,0,0,0,0,0,0,0,48,0,0,0,0,0,48,16,32,0,0,0,0,0,0,0,0,0,0,0,0,0,0,0,0,0,0,0,0,0,0,0,0,0,0,0,0,0,0,0,0,0,0,0,0,0,0,0,0,48,0,0,0,48,16,16,48,0,0,32,0,0,0,0,0,32,32,16,32,48,0,0,0,0,0,0,0,0,0,0,0,16,32,16,32,16,16,32,16,32,16,0,0,0,0,0,0,0,0,0,80,80,64,96,96,32,96,96,176,32,32,240,192,32,16,16,16,32,32,16,16,16,32,32,16,32,48,0,0,0,0,48,32,16,16,16,48,0,0,32,0,0,0,0,32,32,48,32,32,32,16,16,16,16,16,16,16,16,16,16,16,16,16,16,16,16,16,16,16,16,16,16,16,16,0,0,0,0,0,0,0,0,48,0,0,0,0,0,0,0,0,0,0,0,0,0,32,0,0,0,0,0,0,0,0,0
0,0,80,80,16,80,80,0,0,80,80,32,80,80,0,0,0,0,48,32,16,32,48,48,48,0,0,0,0,0,0,0,48,32,32,16,0,0,0,0,32,32,32,32,32,48,0,0,0,0,48,48,48,48,0,0,48,16,16,0,0,0,0,0,0,0,0,0,0,0,0,0,48,0,0,0,0,0,0,0,0,0,0,0,0,0,0,0,0,0,0,0,0,0,0,0,0,0,48,0,0,0,0,48,16,16,48,0,32,32,0,0,0,0,0,32,32,16,32,48,0,0,0,0,0,0,0,0,0,0,32,32,16,32,32,0,0,32,32,16,32,32,0,0,0,0,0,0,0,80,80,64,64,64,96,96,96,96,176,32,240,224,240,32,16,16,32,208,32,16,16,16,32,32,16,32,0,0,0,0,0,0,48,32,16,16,16,48,0,32,0,0,0,32,32,32,32,16,16,16,16,16,16,16,16,16,16,16,16,16,16,16,16,16,16,16,16,16,16,16,16,16,16,16,0,0,0,0,48,0,0,0,0,48,0,0,0,0,0,0,0,0,0,0,0,0,32,0,0,0,0,0,0,0,0,0
0,0,80,32,16,16,32,0,0,32,32,48,32,80,0,0,0,0,0,48,48,16,16,16,16,16,32,48,48,0,0,0,0,48,32,16,16,16,16,16,16,16,16,16,16,16,32,48,0,0,0,0,48,32,32,32,32,32,16,0,0,0,0,0,0,0,0,0,0,0,0,0,32,48,48,48,48,0,0,0,0,0,0,0,0,0,0,0,0,0,0,0,0,0,0,0,0,0,48,0,0,0,0,48,16,16,48,0,32,0,0,0,0,0,0,32,32,16,16,32,0,0,0,0,0,0,0,0,0,0,32,16,16,16,16,0,0,16,16,16,16,32,0,0,0,0,0,0,80,80,64,64,64,64,48,32,64,96,96,176,176,240,224,32,16,32,208,208,32,16,16,32,208,32,16,32,0,0,0,0,0,0,0,48,32,32,16,32,0,32,0,0,0,32,32,32,32,32,32,32,16,16,16,16,16,16,16,16,16,16,16,16,16,16,16,16,16,16,16,16,16,16,16,16,0,0,0,0,0,48,0,0,0,0,48,0,0,0,0,0,0,0,0,0,0,0,0,32,0,0,0,0,0,0,0,0
0,0,80,32,0,0,32,32,32,48,0,0,32,80,0,0,0,0,0,0,0,48,48,48,48,32,16,16,32,48,0,0,0,0,48,48,48,48,48,48,32,32,32,32,16,16,16,32,0,0,0,0,0,0,0,0,48,32,16,48,0,0,0,0,0,0,0,0,0,0,0,0,48,32,32,32,32,32,0,0,0,0,0,0,0,0,0,0,0,0,0,0,0,0,0,0,0,0,48,0,0,0,0,48,16,16,32,16,32,0,0,0,0,0,0,32,48,32,16,32,48,0,0,0,0,0,0,0,0,0,32,16,0,0,16,16,16,16,0,0,16,32,0,0,0,0,0,80,80,64,64,64,64,48,48,48,32,48,64,96,96,176,176,32,32,224,208,208,32,16,32,224,208,32,32,208,0,0,0,0,0,0,0,0,0,48,32,16,0,32,0,0,0,0,0,0,32,32,32,32,32,32,16,16,16,16,16,16,16,16,16,16,16,16,16,16,16,16,16,16,16,16,16,16,0,0,0,0,0,0,32,0,0,0,48,0,0,0,0,0,0,0,0,0,0,0,48,48,32,0,0,0,0,0,0,0
0,0,80,32,0,0,0,32,48,0,0,0,48,80,0,0,0,0,0,0,0,0,48,0,0,48,48,48,16,16,48,0,0,0,0,0,0,0,0,0,0,0,32,48,32,16,16,16,0,0,0,0,0,0,0,0,48,32,16,48,0,0,0,0,0,0,0,0,0,0,0,0,0,48,48,48,48,32,32,0,32,16,16,0,0,0,0,0,0,0,0,0,0,0,0,0,0,0,48,0,0,0,0,48,16,32,16,48,0,0,0,0,0,0,0,32,0,32,16,16,32,0,0,0,0,0,0,0,0,0,32,16,0,0,0,16,16,0,0,0,16,32,0,0,0,0,80,80,64,64,64,64,48,96,96,96,48,32,48,64,64,96,176,32,32,240,224,208,32,32,208,208,208,32,32,208,0,0,0,0,0,0,0,0,0,0,48,16,48,32,0,0,0,0,0,48,32,48,0,0,0,32,32,16,16,16,16,16,16,16,16,16,16,16,16,16,16,16,16,16,16,16,16,16,0,0,0,0,0,0,32,32,32,32,32,48,0,0,0,0,0,0,0,0,0,48,0,0,32,0,0,0,0,0,0,0
0,0,80,32,0,0,0,0,0,0,0,0,48,80,0,0,0,0,0,0,0,0,48,0,0,0,0,0,32,16,16,32,0,0,0,0,0,0,0,0,0,0,32,0,48,48,48,32,0,0,0,0,0,0,0,0,48,16,16,0,48,0,0,0,0,0,0,0,0,0,0,0,0,0,0,0,32,32,32,32,32,0,32,16,0,0,0,0,0,0,0,0,0,0,0,0,0,0,48,0,0,0,48,32,16,16,48,48,0,0,0,0,0,0,0,32,0,48,32,16,16,48,0,0,0,0,0,0,0,0,32,16,0,0,0,0,0,0,0,0,16,32,0,0,0,80,80,64,64,64,64,48,96,128,16,112,96,64,16,48,64,64,96,32,176,176,176,176,32,32,176,176,176,32,32,176,0,0,0,0,0,0,0,0,0,0,48,16,48,32,0,0,0,0,0,32,48,0,0,48,32,16,16,16,16,16,16,16,16,16,16,16,16,16,16,16,16,16,16,16,16,16,16,16,0,0,0,0,0,0,0,48,32,32,16,32,32,0,0,0,0,0,0,0,0,48,0,0,32,0,0,0,0,0,0,0
0,0,0,48,0,0,0,0,0,0,0,0,80,0,0,0,0,0,0,0,0,0,48,0,0,0,32,32,32,48,32,16,0,0,0,0,0,0,0,0,0,0,32,0,0,0,0,48,0,0,0,0,0,0,0,0,48,16,32,0,0,48,0,0,0,0,0,0,0,0,0,0,0,0,32,32,48,48,32,32,32,0,0,32,16,0,0,0,0,0,0,0,0,0,0,0,0,0,48,0,0,0,32,16,32,48,32,48,0,0,0,0,0,0,0,32,48,0,48,32,16,32,32,48,0,0,0,0,0,0,0,16,0,0,0,0,0,0,0,0,32,0,0,0,0,80,80,64,64,80,48,96,128,160,160,16,112,96,64,16,48,64,96,64,64,64,96,96,32,96,96,96,96,96,32,96,0,0,0,0,0,0,0,0,0,0,48,16,16,32,0,0,0,0,32,48,0,0,0,0,48,32,16,16,16,16,16,16,16,16,16,16,16,16,16,16,16,16,16,16,16,16,16,16,0,0,0,0,0,0,0,0,48,48,48,16,16,32,0,0,0,0,0,0,0,48,0,48,32,0,0,0,0,0,0,0
0,0,0,0,80,0,0,0,0,0,0,80,0,0,0,0,0,0,0,0,0,0,48,0,32,32,48,0,0,0,48,32,0,0,0,0,0,0,0,0,0,0,32,0,0,0,0,0,0,0,0,0,0,0,0,0,48,16,16,0,0,0,48,48,0,0,0,0,0,0,0,0,32,32,48,0,0,0,32,32,32,48,0,0,32,32,48,0,0,0,0,0,0,0,0,0,0,0,0,48,0,32,16,32,48,32,48,0,0,0,0,0,0,0,0,0,48,0,0,48,16,16,16,32,48,0,0,0,0,0,0,0,32,0,0,0,0,0,0,32,0,0,0,0,0,96,80,80,64,80,48,96,128,160,160,16,128,96,48,32,64,96,64,32,32,48,48,48,48,48,48,48,48,48,48,48,0,0,0,0,0,0,0,0,0,0,0,48,16,16,48,0,0,0,0,48,32,0,0,0,0,0,32,32,16,16,16,16,16,16,16,16,16,16,16,16,16,16,16,16,16,16,16,16,0,0,0,0,0,0,0,0,0,0,0,48,16,16,48,0,0,0,0,0,0,48,0,32,16,0,0,0,0,0,0,0
0,0,0,0,0,80,0,0,0,0,80,0,0,0,0,0,0,0,0,0,0,0,48,48,48,0,0,0,0,0,0,48,0,0,0,0,0,0,0,0,0,0,48,0,0,0,0,0,0,0,0,0,0,0,0,0,48,32,16,0,0,0,0,0,0,0,0,0,0,0,0,0,0,0,0,0,0,0,48,32,32,32,48,0,0,16,0,48,0,0,0,0,0,0,0,0,0,0,0,0,32,16,32,48,32,48,0,0,0,0,0,0,0,0,0,0,0,48,0,0,48,32,16,16,32,48,0,0,0,0,0,0,0,32,0,0,0,0,32,0,0,0,0,0,0,96,80,80,80,80,48,96,144,128,112,128,144,96,32,48,96,64,32,32,32,32,48,96,96,96,96,96,96,96,96,96,0,0,0,0,0,0,0,0,0,0,0,48,32,16,48,0,0,0,0,0,32,16,16,16,16,16,16,16,16,16,16,16,16,16,16,16,16,16,16,16,16,16,16,16,16,16,16,16,0,0,0,0,0,0,0,0,0,0,0,0,48,16,16,48,0,0,0,0,0,0,48,16,16,0,0,0,0,0,0,0
0,0,0,0,0,0,0,0,0,0,0,0,0,0,0,0,0,0,0,0,0,0,0,0,0,0,0,0,0,0,0,0,0,0,0,0,0,0,0,0,0,0,48,48,48,48,0,0,0,0,0,0,0,0,0,0,48,32,16,16,32,0,0,0,0,0,0,0,0,0,0,0,0,0,0,0,0,0,0,48,32,32,32,48,0,32,0,48,48,0,0,0,0,0,0,0,0,0,0,0,16,32,48,32,32,48,0,0,0,0,0,0,0,0,0,0,0,48,0,0,0,48,32,16,16,32,0,0,0,0,0,0,0,0,0,0,0,0,0,0,0,0,0,0,0,96,80,80,80,80,96,64,96,144,144,160,96,48,32,64,96,32,32,32,32,48,96,64,64,64,64,64,64,64,64,64,0,0,0,0,0,0,0,0,0,0,0,0,48,16,16,48,0,0,0,0,0,32,32,32,32,32,32,32,32,16,16,16,16,16,16,16,16,16,16,16,16,16,16,16,16,16,16,16,0,0,0,0,0,0,0,0,0,0,0,0,0,48,16,32,0,0,0,0,0,0,32,16,32,48,0,0,0,0,0,0
0,0,0,0,0,0,0,0,0,0,0,0,0,0,0,0,0,0,0,0,0,0,0,0,0,0,0,0,0,0,0,0,0,0,0,0,0,0,0,0,0,0,0,0,48,48,48,48,0,0,0,0,0,0,0,0,0,48,48,32,16,32,0,0,0,0,0,0,0,0,0,0,0,0,0,0,0,0,0,0,48,32,32,32,0,32,0,0,0,48,0,0,0,0,0,0,0,0,0,0,16,48,32,32,48,0,0,0,0,0,0,0,0,0,0,0,0,48,0,0,0,0,32,16,16,16,0,0,0,0,0,0,0,0,0,0,0,0,0,0,0,0,0,0,0,0,96,80,80,80,96,96,64,176,176,176,96,32,64,96,48,32,32,32,48,96,64,64,64,64,64,64,64,64,64,64,0,0,0,0,0,0,0,0,0,0,0,0,48,32,16,48,0,0,0,0,0,0,0,48,48,0,0,0,32,32,32,16,16,16,16,16,16,16,16,16,16,16,16,16,16,16,16,16,0,0,0,0,0,0,0,0,0,0,0,0,0,48,16,32,0,0,0,0,0,0,32,16,32,32,0,0,0,0,0,0
0,240,224,208,208,192,192,192,192,176,48,32,32,48,176,192,192,208,208,96,96,96,224,224,224,224,224,224,240,240,240,0,0,0,0,0,0,80,64,64,64,48,48,48,48,48,80,80,64,32,64,64,80,96,96,96,96,96,240,0,0,0,0,0,0,0,240,224,208,192,192,192,192,192,224,208,224,240,240,240,240,240,240,240,240,96,224,224,224,224,224,240,240,240,0,0,192,192,224,208,224,240,240,240,240,240,240,240,240,96,224,224,192,192,224,208,224,240,240,240,240,240,240,240,240,96,224,224,0,240,224,208,208,192,192,192,192,176,48,32,32,48,176,192,192,208,208,96,96,96,224,224,224,224,224,224,240,240,240,0,0,0,0,0,0,0,0,0,0,0,0,0,0,0,0,0,0,0,0,0,0,0,0,0,0,0,0,0,0,0,0,0,0,240,224,208,208,192,192,192,192,176,48,32,32,48,176,192,192,208,208,96,96,96,224,224,224,224,224,224,240,240,240,0,0,0,0,0,0,0,0,0,0,0,0,0,0,0,0,0,0,0,0,0,0,0,0,0,0,0,0,0,0,0,0,0
0,240,224,208,208,192,192,192,192,176,176,176,176,176,176,192,192,208,208,96,96,96,224,224,224,224,224,224,240,240,240,0,0,0,0,0,0,80,80,64,64,64,48,48,64,80,64,32,32,64,64,64,96,96,96,96,96,96,240,0,0,0,0,0,0,0,240,224,208,192,192,192,192,224,192,224,48,32,32,48,48,48,64,80,240,240,224,224,224,224,224,240,240,240,0,0,192,224,192,224,48,32,32,48,48,48,64,96,240,240,224,224,192,224,192,224,48,32,32,80,80,48,64,80,240,240,224,224,0,240,224,208,208,192,192,192,192,176,176,176,176,176,176,192,192,208,208,96,96,96,224,224,224,224,224,224,240,240,240,0,0,0,0,0,0,0,0,0,0,0,0,0,0,0,0,0,0,0,0,0,0,0,0,0,0,0,0,0,0,0,0,0,0,240,224,208,208,192,192,192,192,176,176,176,176,176,176,192,192,208,208,96,96,96,224,224,224,224,224,224,240,240,240,0,0,0,0,0,0,0,0,0,0,0,0,0,0,0,0,0,0,0,0,0,0,0,0,0,0,0,0,0,0,0,0,0
0,240,224,208,208,192,192,192,192,176,176,176,176,176,176,192,192,208,208,96,96,96,224,224,224,224,224,224,240,240,240,0,0,0,0,240,240,240,80,80,64,64,80,96,80,32,32,64,64,64,64,80,96,96,96,96,96,96,240,240,240,0,0,0,0,0,240,224,208,192,192,192,224,192,224,32,16,16,16,32,32,48,48,64,80,240,240,224,224,224,224,240,240,240,0,0,224,192,224,32,16,16,16,32,32,48,64,96,80,240,240,224,224,192,224,32,16,16,16,80,80,32,48,64,80,240,240,224,0,240,224,208,208,192,192,192,192,176,176,176,176,176,176,192,192,208,208,96,96,96,224,224,224,224,224,224,240,240,240,0,0,0,0,0,0,0,0,0,0,0,0,0,0,0,0,0,0,0,0,0,0,0,0,0,0,0,0,0,0,0,0,0,0,240,224,208,208,192,192,192,192,176,176,176,176,176,176,192,192,208,208,96,96,96,224,224,224,224,224,224,240,240,240,0,0,0,0,0,0,0,0,0,0,0,0,0,0,0,0,0,0,0,0,0,0,0,0,0,0,0,0,0,0,0,0,0
0,240,224,208,208,192,192,192,192,176,176,176,176,176,176,192,192,208,208,96,96,96,224,224,224,224,224,224,240,240,240,0,0,0,240,208,208,208,240,240,240,240,96,48,48,64,64,64,64,64,80,96,96,96,240,240,240,240,240,240,224,240,0,0,0,0,0,240,240,240,240,224,224,224,16,16,16,16,16,16,32,48,48,64,64,80,240,240,240,240,240,240,240,0,0,0,224,224,16,16,16,16,16,16,32,48,96,48,64,80,240,240,224,224,16,16,16,16,16,64,64,32,48,64,64,80,240,240,0,240,224,208,208,192,192,192,192,176,176,176,176,176,176,192,192,208,208,96,96,96,224,224,224,224,224,224,240,240,240,0,0,0,0,0,0,0,0,0,0,0,0,0,0,0,0,0,0,0,0,0,0,0,0,0,0,0,0,0,0,0,0,0,0,240,224,208,208,192,192,192,192,176,176,176,176,176,176,192,192,208,208,96,96,96,224,224,224,224,224,224,240,240,240,0,0,0,0,0,0,0,0,0,0,0,0,0,0,0,0,0,0,0,0,0,0,0,0,0,0,0,0,0,0,0,0,0
0,240,224,208,208,192,192,192,192,176,176,176,176,176,176,192,192,208,208,96,96,96,224,224,224,224,224,224,240,240,240,0,0,0,240,224,192,176,176,176,176,224,240,64,64,64,64,64,80,96,96,96,96,240,192,208,208,96,224,224,240,240,0,0,0,0,0,0,0,80,80,64,64,32,16,16,16,16,16,16,32,48,48,64,64,80,96,96,96,96,240,0,0,0,0,0,64,32,16,16,16,16,16,16,32,64,96,32,64,80,96,96,64,32,16,16,16,16,16,64,64,32,48,64,64,80,96,96,0,240,224,208,208,192,192,192,192,176,176,176,176,176,176,192,192,208,208,96,96,96,224,224,224,224,224,224,240,240,240,0,0,0,0,0,0,0,0,80,64,64,64,64,64,64,64,64,64,64,64,64,64,64,64,64,80,0,0,0,0,0,0,0,0,240,224,208,208,192,192,192,192,176,176,176,176,176,176,192,192,208,208,96,96,96,224,224,224,224,224,224,240,240,240,0,0,0,0,0,0,0,0,0,0,0,0,0,0,0,0,0,0,0,0,0,0,0,0,0,0,0,0,0,0,0,0,0
0,240,224,208,208,192,192,192,192,176,176,176,176,176,176,192,192,208,208,96,96,96,224,224,224,224,224,224,240,240,240,0,0,0,240,224,208,192,192,192,48,208,240,96,80,80,80,96,96,96,96,96,96,240,176,208,224,224,224,240,240,240,0,0,0,0,0,0,0,80,64,64,48,32,16,16,16,16,16,32,32,48,48,64,64,80,96,96,96,96,240,0,0,0,0,0,48,32,16,16,16,16,16,32,48,96,32,64,64,80,96,96,48,32,16,16,16,16,16,80,80,32,48,64,64,80,96,96,0,240,224,208,208,192,192,192,192,176,176,176,176,176,176,192,192,208,208,96,96,96,224,224,224,224,224,224,240,240,240,0,0,0,0,0,0,80,64,64,64,64,64,64,64,64,64,64,64,64,64,64,64,64,64,64,64,64,80,0,0,0,0,0,0,0,240,240,0,0,224,224,224,224,224,224,224,224,224,224,224,224,224,224,240,240,240,240,240,240,240,240,240,240,0,0,0,0,0,0,0,0,0,0,0,0,0,0,0,0,0,0,0,0,0,0,0,0,0,0,0,0,0,0,0,0,0,0
0,0,240,240,224,224,224,224,224,224,224,224,224,224,224,224,224,224,224,224,240,240,240,240,240,240,240,240,240,240,0,0,0,0,240,224,208,192,192,192,176,48,224,240,96,96,96,96,96,96,96,96,240,176,176,224,224,224,224,240,240,240,0,0,0,0,0,0,0,80,64,64,48,32,32,16,16,16,32,32,48,48,64,64,64,80,96,96,96,96,240,0,0,0,0,0,48,32,32,16,16,16,32,32,64,80,32,64,64,80,96,96,48,32,32,16,16,16,32,80,80,32,64,64,64,80,96,96,0,0,240,240,224,224,224,224,224,224,224,224,224,224,224,224,224,224,224,224,240,240,240,240,240,240,240,240,240,240,0,0,0,0,0,0,0,80,64,48,64,64,64,64,64,64,64,64,64,64,64,64,64,64,64,64,64,64,80,0,0,0,0,0,0,0,240,80,64,64,64,64,208,192,192,192,192,192,192,192,192,208,208,96,96,96,224,224,240,96,96,96,240,240,0,0,0,0,0,0,0,0,0,0,0,0,0,0,0,0,0,0,0,0,0,0,0,0,0,0,0,0,0,0,0,0,0,0
0,0,0,80,64,48,48,48,48,32,16,16,64,96,176,208,208,96,96,48,64,80,96,96,96,96,96,96,240,0,0,0,0,0,240,224,208,192,192,192,192,32,192,224,240,240,240,240,240,240,240,240,176,176,192,224,224,224,224,240,240,240,0,0,0,0,0,0,0,96,96,80,64,48,48,48,32,32,32,48,48,48,64,64,64,80,96,96,240,240,240,0,0,0,0,0,48,48,32,32,32,32,32,48,80,32,64,64,64,96,96,96,48,48,32,32,32,32,32,80,80,48,64,64,64,96,96,96,0,0,0,80,64,48,48,48,32,32,16,16,16,32,32,32,48,48,64,64,80,80,96,96,96,96,96,96,240,0,0,0,0,0,0,0,0,80,80,64,48,48,32,32,32,32,32,32,32,48,48,48,64,64,64,64,80,96,240,0,0,0,0,0,0,0,240,224,224,208,208,208,192,192,176,176,176,176,176,192,192,208,208,96,96,96,224,224,224,240,240,240,240,240,0,0,0,0,0,0,0,0,0,0,0,0,0,0,0,0,0,0,0,0,0,0,0,0,0,0,0,0,0,0,0,0,0,0
0,0,0,80,64,48,48,48,48,32,16,16,64,96,208,96,96,96,96,48,80,80,96,96,96,96,96,96,240,0,0,0,0,0,240,240,208,192,192,192,192,192,32,192,192,192,192,192,192,192,192,208,192,192,224,224,224,224,224,240,240,240,0,0,0,0,0,0,0,80,64,48,80,80,80,80,80,96,96,96,96,96,96,96,96,96,96,96,80,96,240,0,0,0,0,0,64,48,48,48,48,48,48,80,80,32,64,64,80,96,96,96,64,48,48,48,48,48,48,96,96,48,64,64,80,96,96,96,0,0,0,80,64,48,48,48,32,32,16,16,16,32,32,32,48,48,64,64,80,80,96,96,96,96,96,96,240,0,0,0,0,0,0,240,240,240,80,80,64,64,64,48,48,48,48,64,64,64,64,80,96,96,96,96,96,96,240,240,240,0,0,0,0,0,240,208,192,192,192,192,192,192,176,176,176,176,176,192,192,208,208,96,96,96,224,224,224,224,224,224,240,240,0,0,0,0,0,0,0,0,0,0,0,0,0,0,0,0,0,0,0,0,0,0,0,0,0,0,0,0,0,0,0,0,0,0
0,0,0,80,64,48,48,48,48,32,16,16,64,96,208,96,96,96,96,48,80,80,96,96,96,96,96,96,240,0,0,0,0,0,0,240,240,224,224,208,192,192,176,32,32,32,32,48,176,176,176,192,208,96,224,224,224,240,240,240,240,0,0,0,0,0,0,0,0,80,80,64,64,48,32,32,32,32,32,32,32,48,48,64,64,80,80,80,96,96,240,0,0,0,0,0,64,64,48,48,48,48,80,96,32,64,64,64,96,96,96,96,64,64,48,48,48,48,48,96,96,64,64,64,96,96,96,96,0,0,0,80,64,48,48,48,32,32,16,16,16,32,32,32,48,48,64,64,80,80,96,96,96,96,96,96,240,0,0,0,0,0,240,208,208,240,240,240,240,240,64,64,64,64,64,64,64,64,80,96,96,96,240,240,240,240,240,240,224,240,0,0,0,0,240,224,208,192,192,192,192,192,192,224,224,224,224,224,224,224,224,224,96,96,224,224,224,224,224,224,240,240,0,0,0,0,0,0,0,0,0,0,0,0,0,0,0,0,0,0,0,0,0,0,0,0,0,0,0,0,0,0,0,0,0,0
0,0,0,80,64,48,48,48,48,32,16,16,64,96,96,96,96,96,96,48,80,80,96,96,96,96,96,96,240,0,0,0,0,0,0,80,80,80,80,224,192,192,176,176,176,176,176,192,192,208,208,96,96,96,224,224,240,96,96,96,240,0,0,0,0,0,0,240,240,240,80,80,80,64,64,48,48,48,48,64,64,64,64,80,96,96,96,96,96,96,240,240,240,0,0,0,80,64,64,64,64,64,96,64,48,64,64,80,96,96,96,96,80,64,64,64,64,64,64,96,96,64,64,80,96,96,96,96,0,0,0,80,64,48,48,48,32,32,16,16,16,32,32,32,48,48,64,64,80,80,96,96,96,96,96,96,240,0,0,0,0,0,240,224,192,176,176,176,176,224,240,64,64,64,64,64,80,96,96,96,96,240,192,208,96,224,224,224,240,240,0,0,0,0,240,224,208,192,192,192,192,192,224,208,224,240,240,240,240,240,240,240,240,96,224,224,224,224,224,224,240,240,0,0,0,0,0,0,0,0,0,80,64,64,64,64,64,64,64,64,64,64,64,64,64,64,64,64,80,0,0,0,0,0,0,0
0,0,0,80,64,48,48,48,48,32,16,16,32,64,48,48,48,64,64,32,80,80,96,96,96,96,96,96,240,0,0,0,0,0,0,80,64,48,48,80,224,192,176,176,176,176,176,192,192,208,208,96,96,96,224,240,96,96,96,96,240,0,0,0,0,0,240,208,208,208,240,240,240,240,64,64,64,64,64,64,64,64,80,96,96,96,240,240,240,240,240,240,224,240,0,0,240,240,64,64,64,96,80,48,64,64,80,96,96,96,240,240,240,240,64,64,64,64,64,96,96,64,80,96,96,96,240,240,0,0,0,80,64,48,48,48,32,32,192,192,192,192,192,208,208,208,208,224,224,224,96,96,96,96,96,96,240,0,0,0,0,0,240,224,208,192,192,192,48,208,240,96,80,80,80,96,96,96,96,96,96,240,176,208,224,224,224,240,240,240,0,0,0,0,240,224,208,192,192,192,192,224,192,224,48,32,32,48,48,48,64,80,240,240,224,224,224,224,224,224,240,240,0,0,0,0,0,0,0,80,64,64,64,64,64,64,64,64,64,64,64,64,64,64,64,64,64,64,64,64,80,0,0,0,0,0
0,0,0,96,96,96,96,96,80,64,64,64,64,64,80,80,80,96,96,96,96,96,96,96,240,240,240,240,240,0,0,0,0,0,0,80,64,48,48,48,224,208,176,176,176,176,176,192,192,208,208,96,96,96,224,240,96,96,96,96,240,0,0,0,0,0,240,224,192,176,176,176,176,224,240,64,64,64,64,64,80,96,96,96,96,240,192,208,208,96,224,224,240,240,0,0,176,224,240,64,96,80,48,64,80,96,96,96,96,240,192,208,176,224,240,64,64,64,64,96,96,80,96,96,96,240,192,208,0,0,0,80,64,48,48,48,32,208,176,32,32,48,176,176,192,192,192,208,208,208,240,96,96,96,96,96,240,0,0,0,0,0,240,224,208,192,192,192,176,48,224,240,96,96,96,96,96,96,96,96,240,176,176,224,224,224,224,240,240,240,0,0,0,0,240,224,208,192,192,192,224,192,224,32,16,16,16,32,32,48,48,64,80,240,240,224,224,224,224,224,240,240,0,0,0,0,0,0,0,80,64,48,64,64,64,64,64,64,64,64,64,64,64,64,64,64,64,64,64,64,80,0,0,0,0,0
0,0,0,64,64,48,32,32,32,16,16,16,16,16,16,32,32,48,48,64,64,64,80,80,80,80,96,96,96,0,0,0,0,0,0,80,64,48,48,48,48,224,224,176,176,176,176,192,192,208,208,96,96,240,240,96,96,96,96,96,240,0,0,0,0,0,240,224,208,192,192,192,48,208,240,96,80,80,80,96,96,96,96,96,96,240,176,208,224,224,224,240,240,240,0,0,48,208,240,96,80,80,80,96,96,96,96,96,96,240,176,208,48,208,240,96,80,80,80,96,96,80,96,96,96,240,176,208,0,0,240,80,64,48,48,48,208,176,176,176,176,176,176,192,192,208,208,96,96,96,208,240,96,96,96,96,240,240,0,0,0,0,240,224,208,192,192,192,192,32,192,224,240,240,240,240,240,240,240,240,176,176,192,224,224,224,224,240,240,240,0,0,0,0,0,240,240,240,240,224,224,224,16,16,16,16,16,16,32,48,48,64,64,80,240,240,240,240,240,240,240,0,0,0,0,0,0,0,0,80,80,64,48,48,32,32,32,32,32,32,32,48,48,48,64,64,64,64,80,96,240,0,0,0,0,0
0,0,0,80,64,48,48,48,32,32,16,16,16,32,32,32,48,48,64,64,80,80,96,96,96,96,96,96,240,0,0,0,0,0,0,80,64,48,48,48,32,48,80,224,240,240,240,240,240,240,240,240,240,80,96,96,96,96,96,96,240,0,0,0,0,0,240,224,208,192,192,192,176,48,224,240,96,96,96,96,96,96,96,96,240,176,176,224,224,224,224,240,240,240,0,0,176,48,224,240,96,96,96,96,96,96,96,96,240,176,176,224,176,48,224,240,96,96,96,96,96,96,96,96,240,176,176,224,0,0,240,224,224,208,208,208,176,192,176,176,176,176,176,192,192,208,208,96,96,96,224,224,240,240,240,240,240,240,0,0,0,0,240,240,208,192,192,192,192,192,32,192,192,192,192,192,192,192,192,208,192,192,224,224,224,224,224,240,240,240,0,0,0,0,0,0,0,80,80,80,64,32,16,16,16,16,16,16,32,48,48,64,64,80,96,96,96,96,240,0,0,0,0,0,0,0,0,240,240,240,80,80,64,64,64,48,48,48,48,64,64,64,64,80,96,96,96,96,96,96,240,240,240,0,0,0
0,0,0,80,64,48,48,48,32,32,16,16,16,32,32,32,48,48,64,64,80,80,96,96,96,96,96,96,240,0,0,0,0,0,0,80,64,48,48,48,32,32,48,80,80,80,80,80,80,80,80,80,80,80,96,96,96,96,96,96,240,0,0,0,0,0,240,224,208,192,192,192,192,32,192,224,240,240,240,240,240,240,240,240,176,176,192,224,224,224,224,240,240,240,0,0,192,32,192,224,240,240,240,240,240,240,240,240,176,176,192,224,192,32,192,224,240,240,240,240,240,240,240,240,176,176,192,224,0,0,240,208,192,192,192,192,192,192,176,176,176,176,176,192,192,208,208,96,96,96,224,224,224,224,224,240,240,240,0,0,0,0,0,240,240,240,240,208,192,192,176,32,32,32,32,48,176,176,176,192,208,96,224,224,224,240,240,240,240,0,0,0,0,0,0,0,0,80,64,64,48,32,16,16,16,16,16,32,32,48,48,64,64,80,96,96,96,96,240,0,0,0,0,0,0,0,240,208,208,240,240,240,240,240,64,64,64,64,64,64,64,64,80,96,96,96,240,240,240,240,240,240,224,240,0,0
0,0,0,80,64,48,48,48,32,32,16,16,16,32,32,32,48,48,64,64,80,80,96,96,96,96,96,96,240,0,0,0,0,0,0,96,64,48,48,48,32,32,48,48,64,64,64,64,64,64,64,64,80,80,96,96,96,96,96,96,240,0,0,0,192,192,224,208,224,240,240,240,240,240,240,240,240,96,224,224,192,192,224,208,224,240,240,240,240,240,240,240,240,96,224,224,0,240,224,208,208,192,192,192,192,176,48,32,32,48,176,192,192,208,208,96,96,96,224,224,224,224,224,224,240,240,240,0,0,0,240,224,208,192,192,192,192,192,192,224,224,224,224,224,224,224,224,224,96,96,224,224,224,224,224,240,240,240,0,0,0,0,0,80,80,80,80,224,192,192,176,176,176,176,176,192,192,208,208,96,96,96,224,224,240,96,96,96,240,0,0,0,0,0,0,0,0,80,64,64,48,32,32,16,16,16,32,32,48,48,64,64,64,80,96,96,96,96,240,0,0,0,0,0,0,0,240,224,192,176,176,176,176,224,240,64,64,64,64,64,80,96,96,96,96,240,192,208,96,224,224,224,240,240,0,0
0,0,0,80,64,48,48,48,32,32,16,16,16,32,32,32,48,48,64,64,80,80,96,96,96,96,96,96,240,0,0,0,0,0,0,80,80,80,80,80,64,48,48,48,48,48,48,48,48,48,64,64,80,80,96,96,96,240,240,240,96,0,0,0,192,224,192,224,64,32,32,48,48,48,64,80,240,240,224,224,192,224,192,224,48,32,32,48,48,48,64,80,240,240,224,224,0,240,224,208,208,192,192,192,192,176,176,176,176,176,176,192,192,208,208,96,96,96,224,224,224,224,224,224,240,240,240,0,0,0,240,224,208,192,192,192,192,192,224,208,224,240,240,240,240,240,240,240,240,96,224,224,224,224,224,240,240,240,0,0,0,0,0,80,64,48,48,80,224,192,176,176,176,176,176,192,192,208,208,96,96,96,224,240,96,96,96,96,240,0,0,0,0,0,0,0,0,0,80,64,64,48,48,32,32,32,32,48,48,48,64,64,80,96,96,96,96,240,0,0,0,0,0,0,0,0,240,224,208,192,192,192,48,208,240,96,80,80,80,96,96,96,96,96,96,240,176,208,224,224,224,240,240,240,0,0
0,0,0,80,64,48,48,48,32,32,192,192,192,192,192,208,208,208,208,224,224,224,96,96,96,96,96,96,240,0,0,0,0,0,0,80,64,32,48,64,80,80,80,80,80,80,80,80,80,80,80,96,96,96,96,96,96,64,80,96,240,0,0,0,224,192,224,32,80,32,16,32,32,48,48,64,80,240,240,224,224,192,224,32,16,16,16,32,32,48,48,64,80,240,240,224,0,240,224,208,208,192,192,192,192,176,176,176,176,176,176,192,192,208,208,96,96,96,224,224,224,224,224,224,240,240,240,0,0,0,240,224,208,192,192,192,192,224,192,224,48,32,32,48,48,48,64,80,240,240,224,224,224,224,224,240,240,240,0,0,0,0,0,80,64,48,48,48,224,208,176,176,176,176,176,192,192,208,208,96,96,96,224,240,96,96,96,96,240,0,0,0,0,0,0,0,0,0,0,0,80,64,64,64,64,64,64,64,64,64,80,80,96,96,96,96,0,0,0,0,0,0,0,0,0,0,240,224,208,192,192,192,176,48,224,240,96,96,96,96,96,96,96,96,240,176,176,224,224,224,224,240,240,240,0,0
0,0,0,80,64,48,48,48,32,208,176,32,32,48,176,176,192,192,192,208,208,208,240,96,96,96,96,96,240,0,0,0,0,0,0,80,64,48,32,32,32,32,16,16,16,16,16,16,32,32,48,48,48,64,64,64,64,80,96,96,240,0,0,0,224,224,16,16,80,48,16,16,32,48,48,64,64,80,240,240,224,224,48,16,16,16,16,16,32,48,48,64,64,80,240,240,0,240,224,208,208,192,192,192,192,176,176,176,176,176,176,192,192,208,208,96,96,96,224,224,224,224,224,224,240,240,240,0,0,0,240,224,208,192,192,192,224,192,224,32,16,16,16,32,32,48,48,64,80,240,240,224,224,224,224,240,240,240,0,0,0,0,0,80,64,48,48,48,48,224,224,176,176,176,176,192,192,208,208,96,96,240,240,96,96,96,96,96,240,0,0,0,0,0,0,0,0,0,0,0,0,0,0,0,0,0,0,0,0,0,0,0,0,0,0,0,0,0,0,0,0,0,0,0,0,0,240,224,208,192,192,192,192,32,192,224,240,240,240,240,240,240,240,240,176,176,192,224,224,224,224,240,240,240,0,0
0,0,240,80,64,48,48,48,208,176,176,176,176,176,176,192,192,208,208,96,96,96,208,240,96,96,96,96,240,240,0,0,0,0,0,80,64,48,48,48,48,32,32,32,48,48,48,48,64,64,64,64,80,80,96,96,96,96,96,96,240,0,0,0,64,32,16,16,32,80,32,16,32,48,48,64,64,80,96,96,64,32,80,48,16,16,16,16,32,48,48,64,64,80,96,96,0,0,240,240,224,224,224,224,224,224,224,224,224,224,224,224,224,224,224,224,240,240,240,240,240,240,240,240,240,240,0,0,0,0,0,240,240,240,240,224,224,224,16,16,16,16,16,16,32,48,48,64,64,80,240,240,240,240,240,240,240,0,0,0,0,0,0,80,64,48,48,48,48,48,80,224,240,240,240,240,240,240,240,240,240,80,96,96,96,96,96,96,240,0,0,0,0,0,0,0,0,0,0,0,0,0,0,0,0,0,0,0,0,0,0,0,0,0,0,0,0,0,0,0,0,0,0,0,0,0,240,240,208,192,192,192,192,192,32,192,192,192,192,192,192,192,192,208,192,192,224,224,224,224,224,240,240,240,0,0
0,0,240,224,224,224,224,208,176,192,176,176,176,176,176,192,192,208,208,96,96,96,224,224,240,240,240,240,240,240,0,0,0,0,0,80,64,48,48,48,48,32,32,32,48,208,32,176,176,176,208,64,80,80,96,96,96,96,96,96,240,0,0,0,48,32,16,16,16,80,48,16,32,48,48,64,64,80,96,96,48,32,48,80,80,16,16,32,32,48,48,64,64,80,96,96,0,0,0,0,0,80,64,64,48,48,32,32,32,32,32,32,32,48,48,64,64,80,96,96,96,96,240,0,0,0,0,0,0,0,0,0,0,80,80,80,64,32,16,16,16,16,16,16,32,48,48,64,64,80,96,96,96,96,240,0,0,0,0,0,0,0,0,80,64,48,48,48,48,32,32,80,80,80,80,80,80,80,80,80,80,80,96,96,96,96,96,96,240,0,0,0,0,0,0,0,0,0,0,0,0,0,0,0,0,0,0,0,0,0,0,0,0,0,0,0,0,0,0,0,0,0,0,0,0,0,0,240,240,240,240,208,192,192,176,32,32,32,32,48,176,176,176,192,48,96,224,224,224,240,240,240,240,0,0,0
0,0,240,208,192,192,192,192,192,192,176,176,176,176,176,192,192,208,208,96,96,96,224,224,224,224,224,240,240,240,0,0,0,0,240,96,80,64,48,48,48,32,32,32,48,208,176,192,192,192,208,48,80,80,96,96,96,96,96,96,240,240,0,0,48,32,32,16,16,48,80,48,16,48,64,64,64,80,96,96,48,32,32,16,80,80,48,32,48,48,64,64,64,80,96,96,0,0,0,0,0,80,64,64,48,32,32,16,16,16,32,32,48,48,64,64,64,80,96,96,96,96,240,0,0,0,0,0,0,0,0,0,0,80,64,64,48,32,16,16,16,16,16,32,32,48,48,64,64,80,96,96,96,96,240,0,0,0,0,0,0,0,240,96,80,64,48,48,48,32,32,48,64,64,64,64,64,64,64,64,80,80,96,96,96,96,96,96,240,240,0,0,0,0,0,0,0,0,0,0,0,0,0,0,0,0,0,0,0,0,0,0,0,0,0,0,0,0,0,0,0,0,0,0,0,0,0,80,80,64,64,224,192,192,176,176,176,176,176,192,192,208,208,96,96,96,224,224,240,96,96,96,240,0,0,0
0,0,240,224,208,192,192,192,192,192,192,224,224,224,224,224,224,224,224,224,96,96,224,224,224,224,224,240,240,240,0,0,0,240,224,192,80,80,64,48,48,48,32,32,48,96,192,192,192,192,96,48,80,80,96,96,96,96,96,208,240,240,240,0,48,48,32,32,32,32,80,64,32,48,64,64,64,96,96,96,48,48,32,32,32,64,80,80,48,48,64,64,64,96,96,96,0,0,0,0,0,0,80,64,64,64,48,48,48,48,48,48,64,64,64,64,80,96,96,96,96,240,0,0,0,0,0,0,0,0,0,0,0,80,64,64,48,32,32,16,16,16,32,32,48,48,64,64,64,80,96,96,96,96,240,0,0,0,0,0,0,240,224,192,80,80,64,48,48,48,32,48,48,48,48,48,48,48,64,64,80,80,96,96,96,96,96,208,240,240,240,0,0,0,0,0,0,0,0,0,0,0,0,0,0,0,0,0,0,0,0,0,0,0,0,0,0,0,0,0,0,0,0,0,0,0,240,96,80,64,48,64,224,192,176,176,176,176,176,192,192,208,208,96,96,96,224,240,96,96,96,96,240,240,0,0
0,0,240,224,208,192,192,192,192,192,224,208,224,240,240,240,240,240,240,240,240,96,224,224,224,224,224,240,240,240,0,0,0,240,224,208,192,176,176,176,48,48,48,48,64,96,208,208,208,208,96,48,80,80,96,96,96,208,208,240,224,240,240,0,64,48,48,48,48,48,64,96,48,64,64,64,80,96,96,96,64,48,48,48,48,32,48,80,96,96,64,64,80,96,96,96,0,0,0,0,0,0,0,0,0,0,0,0,0,0,0,0,0,0,0,0,0,0,0,0,0,0,0,0,0,0,0,0,0,0,0,0,0,0,80,64,64,48,48,32,32,32,32,48,48,48,64,64,80,96,96,96,96,240,0,0,0,0,0,0,0,240,224,208,192,176,176,176,80,80,80,80,80,80,80,80,80,80,80,96,96,96,96,96,96,208,208,240,224,240,240,0,0,0,0,0,0,0,0,0,0,0,0,0,0,0,0,0,0,0,0,0,0,0,0,0,0,0,0,0,0,0,0,0,0,240,224,192,80,80,80,80,224,208,176,176,176,176,176,192,192,208,208,96,96,96,224,240,96,96,96,208,240,240,240,0
0,0,240,224,208,192,192,192,192,224,192,224,48,32,32,48,48,48,64,80,240,240,224,224,224,224,224,240,240,240,0,0,0,240,224,208,208,192,176,32,32,32,32,16,16,16,32,32,176,176,176,176,208,208,208,208,208,224,224,224,240,240,240,0,64,64,48,48,48,48,48,80,96,48,64,64,96,96,96,96,64,64,48,48,48,48,48,48,64,80,96,96,80,96,96,96,0,0,0,0,0,0,0,0,0,0,0,0,0,0,0,0,0,0,0,0,0,0,0,0,0,0,0,0,0,0,0,0,0,0,0,0,0,0,0,0,80,64,64,64,64,64,64,64,64,64,80,80,96,96,96,96,0,0,0,0,0,0,0,0,0,240,224,208,208,192,192,192,176,32,32,16,16,16,32,32,176,176,176,176,208,208,208,208,208,224,224,224,240,240,240,0,0,0,0,0,0,0,0,0,0,0,0,0,0,0,0,0,0,0,0,0,0,0,0,0,0,0,0,0,0,0,0,0,0,240,224,208,192,176,176,80,80,224,208,176,176,176,176,192,192,208,208,96,96,240,240,96,96,208,208,240,224,240,240,0
0,0,240,224,208,192,192,192,224,192,224,32,16,16,16,32,32,48,48,64,80,240,240,224,224,224,224,240,240,240,0,0,0,240,224,208,208,192,192,192,192,176,176,176,176,176,176,192,192,208,208,96,96,96,224,224,224,224,224,240,240,240,240,0,80,64,64,64,64,64,64,64,96,64,64,80,96,96,96,96,80,64,64,64,64,64,64,64,48,64,64,96,96,96,96,96,0,0,0,0,0,0,0,0,0,0,0,0,0,0,0,0,0,0,0,0,0,0,0,0,0,0,0,0,0,0,0,0,0,0,0,0,0,0,0,0,0,0,0,0,0,0,0,0,0,0,0,0,0,0,0,0,0,0,0,0,0,0,0,0,0,240,224,208,208,192,192,192,192,176,176,176,176,176,176,192,192,208,208,96,96,96,224,224,224,224,224,240,240,240,240,0,0,0,0,0,0,0,0,0,0,0,0,0,0,0,0,0,0,0,0,0,0,0,0,0,0,0,0,0,0,0,0,0,0,240,224,208,208,192,192,176,176,32,32,16,16,16,32,32,176,176,176,176,208,208,208,208,208,224,224,224,240,240,240,0
0,0,0,240,240,240,240,224,224,224,16,16,16,16,16,16,32,48,48,64,64,80,240,240,240,240,240,240,240,0,0,0,0,240,224,208,208,192,192,192,192,176,176,176,176,176,176,192,192,208,208,96,96,96,224,224,224,224,224,240,240,240,240,0,240,240,64,64,64,64,64,64,80,96,80,96,96,96,240,240,240,240,64,64,64,64,64,64,64,64,80,96,96,96,240,240,0,0,0,0,0,0,0,0,0,0,0,0,0,0,0,0,0,0,0,0,0,0,0,0,0,0,0,0,0,0,0,0,0,0,0,0,0,0,0,0,0,0,0,0,0,0,0,0,0,0,0,0,0,0,0,0,0,0,0,0,0,0,0,0,0,240,224,208,208,192,192,192,192,176,176,176,176,176,176,192,192,208,208,96,96,96,224,224,224,224,224,240,240,240,240,0,0,0,0,0,0,0,0,0,0,0,0,0,0,0,0,0,0,0,0,0,0,0,0,0,0,0,0,0,0,0,0,0,0,240,224,208,208,192,192,192,192,176,176,176,176,176,176,192,192,208,208,96,96,96,224,224,224,224,224,240,240,240,240,0
0,0,0,0,0,80,80,64,64,32,16,16,16,16,16,16,32,48,48,64,80,96,96,96,96,96,240,0,0,0,0,0,0,240,224,208,208,192,192,192,192,176,176,176,176,176,176,192,192,208,208,96,96,96,224,224,224,224,224,240,240,240,240,0,176,224,240,64,64,64,64,64,80,96,80,96,96,240,192,208,176,224,240,64,64,64,64,64,80,96,96,96,96,240,192,208,0,0,0,0,0,0,0,0,0,0,0,0,0,0,0,0,0,0,0,0,0,0,0,0,0,0,0,0,0,0,0,0,0,0,0,0,0,0,0,0,0,0,0,0,0,0,0,0,0,0,0,0,0,0,0,0,0,0,0,0,0,0,0,0,0,240,224,208,208,192,192,192,192,176,176,176,176,176,176,192,192,208,208,96,96,96,224,224,224,224,224,240,240,240,240,0,0,0,0,0,0,0,0,0,0,0,0,0,0,0,0,0,0,0,0,0,0,0,0,0,0,0,0,0,0,0,0,0,0,240,224,208,208,192,192,192,192,176,176,176,176,176,176,192,192,208,208,96,96,96,224,224,224,224,224,240,240,240,240,0
0,0,0,0,0,80,64,64,48,32,16,16,16,16,16,32,32,48,48,96,96,80,96,96,96,96,240,0,0,0,0,0,0,0,240,208,208,192,192,192,192,176,176,176,176,176,176,192,192,208,208,96,96,96,224,224,224,224,224,240,240,240,0,0,48,208,240,96,80,80,80,96,96,96,96,96,96,240,176,208,48,208,240,96,80,80,80,96,96,96,96,96,96,240,176,208,0,0,0,0,0,0,0,0,0,0,0,0,0,0,0,0,0,0,0,0,0,0,0,0,0,0,0,0,0,0,0,0,0,0,0,0,0,0,0,0,0,0,0,0,0,0,0,0,0,0,0,0,0,0,0,0,0,0,0,0,0,0,0,0,0,0,240,208,208,192,192,192,192,176,176,176,176,176,176,192,192,208,208,96,96,96,224,224,224,224,224,240,240,240,0,0,0,0,0,0,0,0,0,0,0,0,0,0,0,0,0,0,0,0,0,0,0,0,0,0,0,0,0,0,0,0,0,0,0,0,240,208,208,192,192,192,192,176,176,176,176,176,176,192,192,208,208,96,96,96,224,224,224,224,224,240,240,240,0,0
0,0,0,0,0,80,64,64,48,32,32,16,16,16,32,32,48,80,96,80,48,80,96,96,96,96,240,0,0,0,0,0,0,0,0,0,208,192,192,192,192,176,176,176,176,176,176,192,192,208,208,96,96,96,224,224,224,224,224,240,0,0,0,0,176,48,224,240,96,96,96,96,96,96,96,96,240,176,176,224,176,48,224,240,96,96,96,96,96,96,96,96,240,176,176,224,0,0,0,0,0,0,0,0,0,0,0,0,0,0,0,0,0,0,0,0,0,0,0,0,0,0,0,0,0,0,0,0,0,0,0,0,0,0,0,0,0,0,0,0,0,0,0,0,0,0,0,0,0,0,0,0,0,0,0,0,0,0,0,0,0,0,0,0,208,192,192,192,192,176,176,176,176,176,176,192,192,208,208,96,96,96,224,224,224,224,224,240,0,0,0,0,0,0,0,0,0,0,0,0,0,0,0,0,0,0,0,0,0,0,0,0,0,0,0,0,0,0,0,0,0,0,0,0,0,0,0,0,208,192,192,192,192,176,176,176,176,176,176,192,192,208,208,96,96,96,224,224,224,224,224,240,0,0,0,0
0,0,0,0,0,80,64,64,48,48,32,32,32,32,32,64,80,96,48,48,64,96,96,96,96,96,240,0,0,0,0,0,0,0,0,0,0,0,0,192,192,176,176,176,176,176,176,192,192,208,208,96,96,96,224,224,224,0,0,0,0,0,0,0,192,32,192,224,240,240,240,240,240,240,240,240,176,176,192,224,192,32,192,224,240,240,240,240,240,240,240,240,176,176,192,224,0,0,0,0,0,0,0,0,0,0,0,0,0,0,0,0,0,0,0,0,0,0,0,0,0,0,0,0,0,0,0,0,0,0,0,0,0,0,0,0,0,0,0,0,0,0,0,0,0,0,0,0,0,0,0,0,0,0,0,0,0,0,0,0,0,0,0,0,0,0,0,192,192,176,176,176,176,176,176,192,192,208,208,96,96,96,224,224,224,0,0,0,0,0,0,0,0,0,0,0,0,0,0,0,0,0,0,0,0,0,0,0,0,0,0,0,0,0,0,0,0,0,0,0,0,0,0,0,0,0,0,0,0,0,0,192,192,176,176,176,176,176,176,192,192,208,208,96,96,96,224,224,224,0,0,0,0,0,0,0
0,0,0,0,0,0,0,0,0,0,0,0,0,0,0,0,0,0,0,0,0,0,0,0,0,0,0,0,0,0,0,0,192,176,48,32,32,48,176,192,192,208,208,96,96,96,224,224,192,176,48,32,32,48,176,192,192,208,208,96,96,96,224,224,192,176,48,32,32,48,176,192,192,208,208,96,96,96,224,224,32,32,48,48,64,64,64,64,64,64,64,64,80,80,96,96,32,32,48,48,64,64,64,64,64,64,64,64,80,80,96,96,32,32,48,48,64,64,64,64,64,64,64,64,80,80,96,96,0,0,240,224,208,192,192,192,192,192,224,208,160,160,160,160,160,160,160,160,240,96,224,224,224,224,224,240,240,240,0,0,0,0,240,224,208,192,192,192,192,192,208,192,128,128,128,128,128,128,128,128,208,96,224,224,224,224,224,240,240,240,0,0,0,0,240,224,208,192,192,192,192,192,192,176,112,112,112,112,112,112,112,112,176,96,224,224,224,224,224,240,240,240,0,0,0,0,240,224,208,192,192,192,192,192,224,208,224,240,240,240,240,240,240,240,240,96,224,224,224,224,224,240,240,240,0,0
0,0,0,0,0,0,0,0,0,0,0,0,0,0,0,0,0,0,0,0,0,0,0,0,0,0,0,0,0,0,0,0,192,176,176,176,176,176,176,192,192,208,208,96,96,96,224,224,192,176,176,176,176,176,176,192,192,208,208,96,96,96,224,224,192,176,176,176,176,176,176,192,192,208,208,96,96,96,224,224,64,48,48,48,48,48,48,48,48,48,64,64,80,80,96,96,64,48,48,48,48,48,48,48,48,48,64,64,80,80,96,96,64,48,48,48,48,48,48,48,48,48,64,64,80,80,96,96,0,0,240,224,208,192,192,192,192,224,192,160,48,32,32,48,48,48,64,80,160,240,224,224,224,224,224,240,240,240,0,0,0,0,240,224,208,192,192,192,192,208,192,128,144,144,144,144,144,144,144,144,128,208,224,224,224,224,224,240,240,240,0,0,0,0,240,224,208,192,192,192,192,192,176,112,128,128,128,128,128,128,128,128,112,176,224,224,224,224,224,240,240,240,0,0,0,0,240,224,208,192,192,192,192,224,192,224,48,32,32,48,48,48,64,80,240,240,224,224,224,224,224,240,240,240,0,0
0,0,0,0,0,0,0,0,0,0,0,0,0,0,0,0,0,0,0,0,0,0,0,0,0,0,0,0,0,0,0,0,192,176,176,176,176,176,176,192,192,208,208,96,96,96,224,224,192,176,176,176,176,176,176,192,192,208,208,96,96,96,224,224,192,176,176,176,176,176,176,192,192,208,208,96,96,96,224,224,80,80,80,80,80,80,80,80,80,80,80,96,96,96,96,96,80,80,80,80,80,80,80,80,80,80,80,96,96,96,96,96,80,80,80,80,80,80,80,80,80,80,80,96,96,96,96,96,0,0,240,224,208,192,192,192,224,192,160,32,16,16,16,32,32,48,48,64,80,160,240,224,224,224,224,240,240,240,0,0,0,0,240,224,208,192,192,192,208,192,128,144,16,16,16,32,32,48,48,64,144,128,208,208,224,224,224,240,240,240,0,0,0,0,240,224,208,192,192,192,192,176,112,128,16,16,16,32,32,48,48,64,128,112,176,176,224,224,224,240,240,240,0,0,0,0,240,224,208,192,192,192,224,192,224,32,16,16,16,32,32,48,48,64,80,240,240,224,224,224,224,240,240,240,0,0
0,0,0,0,0,0,0,0,0,0,0,0,0,0,0,0,0,0,0,0,0,0,0,0,0,0,0,0,0,0,0,0,192,176,176,176,176,176,176,192,192,208,208,96,96,96,224,224,192,176,176,176,176,176,176,192,192,208,208,96,96,96,224,224,192,176,176,176,176,176,176,192,192,208,208,96,96,96,224,224,32,32,16,16,16,16,16,16,32,32,48,48,48,64,64,64,32,32,16,16,16,16,16,16,16,32,32,48,48,64,64,64,32,32,16,16,16,16,16,16,16,16,32,32,48,48,64,64,0,0,0,240,240,240,160,160,160,160,16,16,16,16,16,16,32,48,48,64,64,80,160,160,160,160,240,240,240,0,0,0,0,0,0,240,240,240,128,128,128,128,144,16,16,16,16,16,32,48,48,64,64,144,128,128,128,128,240,240,240,0,0,0,0,0,0,240,240,240,112,112,112,112,128,16,16,16,16,16,32,48,48,64,64,128,112,112,112,112,240,240,240,0,0,0,0,0,0,240,240,144,240,224,224,224,16,16,16,16,16,16,32,48,48,64,64,80,240,240,240,240,144,240,240,0,0,0
0,0,0,0,0,0,0,0,80,64,64,64,64,64,64,64,64,64,64,64,64,64,64,80,0,0,0,0,0,0,0,0,192,176,176,176,176,176,176,192,192,208,208,96,96,96,224,224,192,176,176,176,176,176,176,192,192,208,208,96,96,96,224,224,192,176,176,176,176,176,176,192,192,208,208,96,96,96,224,224,48,32,32,32,48,48,48,48,64,64,64,64,80,80,96,96,48,32,32,32,48,48,48,48,64,64,64,64,80,80,96,96,48,32,32,16,48,48,48,48,48,48,48,48,64,80,96,96,0,0,0,0,0,160,80,64,64,32,16,16,16,16,16,16,32,48,48,64,64,80,96,96,96,96,160,0,0,0,0,0,0,0,0,0,0,128,144,144,144,144,16,16,16,16,16,16,32,48,48,64,64,80,144,144,144,144,128,0,0,0,0,0,0,0,0,0,0,112,128,128,128,128,16,16,16,16,16,16,32,48,48,64,64,80,128,128,128,128,112,0,0,0,0,0,0,0,0,0,0,112,80,64,64,32,16,16,16,16,16,16,32,48,48,64,64,80,96,96,96,96,112,0,0,0,0,0
0,0,0,0,0,0,80,64,64,64,64,64,64,64,64,64,64,64,64,64,64,64,64,64,64,80,0,0,0,0,0,0,192,176,176,176,176,176,176,192,192,208,208,96,96,96,224,224,192,176,176,176,176,176,176,192,192,208,208,96,96,96,224,224,192,176,176,176,176,176,176,192,192,208,208,96,96,96,224,224,48,32,32,32,48,160,112,128,128,128,160,64,80,80,96,96,48,32,32,32,48,128,32,112,112,112,128,64,80,80,96,96,48,32,32,16,48,32,32,32,32,32,32,48,64,80,96,96,0,0,0,0,0,160,64,64,48,32,16,16,16,16,16,32,32,48,48,64,64,80,96,96,96,96,160,0,0,0,0,0,0,0,0,0,0,128,144,64,48,32,16,16,16,16,16,32,32,48,48,64,64,80,96,96,96,144,128,0,0,0,0,0,0,0,0,0,0,112,128,64,48,32,16,16,16,16,16,32,32,48,48,64,64,80,96,96,96,128,112,0,0,0,0,0,0,0,0,0,0,112,64,64,48,32,16,16,16,16,16,32,32,48,48,64,64,80,96,96,96,96,112,0,0,0,0,0
0,0,0,0,0,64,64,64,64,64,64,64,64,64,64,64,64,64,64,64,64,64,64,64,64,64,64,0,0,0,0,0,224,224,224,224,96,208,208,208,208,208,208,224,240,240,240,240,224,224,224,96,208,208,192,192,192,192,208,96,240,240,240,240,224,224,224,208,192,192,192,192,192,192,192,192,208,224,240,240,48,32,32,32,48,160,128,144,144,144,160,48,80,80,96,96,48,32,32,32,48,128,112,128,128,128,128,48,80,80,96,96,48,32,32,16,48,32,32,32,32,32,32,48,64,80,96,96,0,0,0,0,0,160,64,64,48,32,32,16,16,16,32,32,48,48,64,64,64,80,96,96,96,96,160,0,0,0,0,0,0,0,0,0,0,128,144,144,144,32,32,16,16,16,32,32,48,48,64,64,64,80,96,144,144,144,128,0,0,0,0,0,0,0,0,0,0,112,128,128,128,32,32,16,16,16,32,32,48,48,64,64,64,80,96,128,128,128,112,0,0,0,0,0,0,0,0,0,0,112,64,64,48,32,32,16,16,16,32,32,48,48,64,64,64,80,96,96,96,96,112,0,0,0,0,0
0,0,0,0,0,80,64,48,64,64,64,64,64,64,64,64,64,64,64,64,64,64,64,64,64,80,96,0,0,0,0,0,48,32,16,16,64,160,128,144,144,160,160,48,64,80,96,96,48,32,16,16,64,128,32,112,112,128,128,48,64,80,96,96,48,32,16,16,48,32,32,32,32,32,32,48,64,80,96,96,48,48,32,32,48,160,144,144,144,144,160,48,80,80,96,96,48,48,32,32,48,128,128,128,128,128,128,48,80,80,96,96,48,48,32,16,48,32,32,32,32,32,32,48,64,80,96,96,0,0,0,0,0,160,160,160,160,48,48,48,32,32,32,48,48,48,64,64,80,96,96,160,160,160,160,0,0,0,0,0,0,0,0,0,0,128,128,128,128,144,144,144,144,144,144,144,144,144,144,144,144,144,144,128,128,128,128,0,0,0,0,0,0,0,0,0,0,112,112,112,112,128,128,128,128,128,128,128,128,128,128,128,128,128,128,112,112,112,112,0,0,0,0,0,0,0,0,0,0,112,112,112,112,48,48,48,32,32,32,48,48,48,64,64,80,96,96,112,112,112,112,0,0,0,0,0
0,0,240,240,240,80,80,64,48,48,32,32,32,32,32,32,32,48,48,48,64,64,64,80,96,96,240,240,240,240,0,0,48,32,16,16,64,160,144,160,160,160,160,48,80,80,96,96,48,32,16,16,48,128,112,128,128,128,128,48,64,80,96,96,48,32,16,16,48,32,32,32,32,32,32,48,48,80,96,96,48,48,48,48,64,160,160,160,160,160,160,48,80,80,96,96,48,48,48,48,64,128,128,128,128,128,128,48,80,80,96,96,48,48,48,32,48,32,32,32,32,32,32,48,64,80,96,96,0,0,0,0,0,160,64,48,160,160,160,160,160,160,160,160,160,160,160,160,160,160,160,160,80,96,160,0,0,0,0,0,0,0,0,0,0,128,144,144,128,128,128,128,128,128,128,128,128,128,128,128,128,128,128,128,144,144,128,0,0,0,0,0,0,0,0,0,0,112,128,128,112,112,112,112,112,112,112,112,112,112,112,112,112,112,112,112,128,128,112,0,0,0,0,0,0,0,0,0,0,112,64,48,112,112,112,112,112,112,112,112,112,112,112,112,112,112,112,112,80,96,112,0,0,0,0,0
0,240,224,192,176,80,80,80,80,64,48,48,48,48,48,64,64,64,64,64,80,96,96,96,96,96,96,208,240,240,240,0,48,32,16,16,64,160,144,160,160,160,160,48,80,80,96,96,48,32,16,16,48,128,112,128,128,128,128,48,64,80,96,96,48,32,16,16,48,32,32,32,32,32,32,48,48,80,96,96,32,32,32,16,16,16,32,32,176,176,176,176,208,208,208,208,32,32,32,16,16,16,16,16,32,32,32,176,176,208,208,208,32,32,32,16,16,16,16,16,16,16,32,32,176,192,208,208,0,0,0,0,0,160,80,64,64,48,32,32,32,32,32,32,32,48,48,64,64,80,80,96,96,96,160,0,0,0,0,0,0,0,0,0,0,128,144,64,144,144,144,144,144,144,144,144,144,144,144,144,144,144,144,144,96,144,128,0,0,0,0,0,0,0,0,0,0,112,128,64,128,128,128,128,128,128,128,128,128,128,128,128,128,128,128,128,96,128,112,0,0,0,0,0,0,0,0,0,0,112,80,64,64,48,32,32,32,32,32,32,32,48,48,64,64,80,80,96,96,96,112,0,0,0,0,0
0,240,224,208,192,176,176,80,80,80,80,64,64,64,64,64,64,64,80,80,96,96,96,96,240,208,208,240,224,240,240,0,48,32,16,16,64,160,160,160,160,160,160,48,80,80,96,96,48,32,16,16,64,128,128,128,128,128,128,48,64,80,96,96,48,32,16,16,48,32,32,32,32,32,32,48,48,80,96,96,192,176,176,176,176,176,176,192,192,208,208,96,96,96,224,224,192,176,176,176,176,176,176,192,192,208,208,96,96,96,224,224,192,176,176,176,176,176,176,192,192,208,208,96,96,96,224,224,0,0,0,240,240,160,80,80,80,64,64,48,48,48,48,64,64,64,64,80,96,96,96,96,96,96,160,240,240,0,0,0,0,0,0,240,240,128,144,144,144,144,64,48,48,48,48,64,64,64,64,80,96,96,144,144,144,144,128,240,240,0,0,0,0,0,0,240,240,112,128,128,128,128,64,48,48,48,48,64,64,64,64,80,96,96,128,128,128,128,112,240,240,0,0,0,0,0,0,240,240,144,80,80,80,64,64,48,48,48,48,64,64,64,64,80,96,96,96,96,96,96,144,240,240,0,0,0
0,240,224,208,208,192,192,176,176,32,32,16,16,16,32,32,176,176,176,176,208,208,208,208,208,224,224,224,240,240,240,0,48,32,16,16,32,64,48,48,48,64,64,32,80,80,96,96,48,32,16,16,32,64,48,48,48,64,64,32,64,80,96,96,48,32,16,16,32,64,48,48,48,48,64,32,64,80,96,96,192,176,176,176,176,176,176,192,192,208,208,96,96,96,224,224,192,176,176,176,176,176,176,192,192,208,208,96,96,96,224,224,192,176,176,176,176,176,176,192,192,208,208,96,96,96,224,224,0,0,240,208,208,208,160,160,160,160,64,64,64,64,64,64,64,64,80,96,96,96,160,160,160,160,240,240,224,240,0,0,0,0,240,208,208,208,128,128,128,128,144,64,64,64,64,64,64,64,80,96,96,144,128,128,128,128,240,240,224,240,0,0,0,0,240,208,208,208,112,112,112,112,128,64,64,64,64,64,64,64,80,96,96,128,112,112,112,112,240,240,224,240,0,0,0,0,240,208,208,208,240,240,240,240,64,64,64,64,64,64,64,64,80,96,96,96,240,240,240,240,240,240,224,240,0,0
0,240,224,208,208,192,192,192,192,176,176,176,176,176,176,192,192,208,208,96,96,96,224,224,224,224,224,240,240,240,240,0,80,64,64,64,64,64,80,80,80,96,96,96,96,96,96,96,80,64,64,64,64,64,64,80,80,80,96,96,96,96,96,96,80,64,64,64,64,64,80,80,80,80,80,80,96,96,96,96,192,176,176,176,176,176,176,192,192,208,208,96,96,96,224,224,192,176,176,176,176,176,176,192,192,208,208,96,96,96,224,224,192,176,176,176,176,176,176,192,192,208,208,96,96,96,224,224,0,0,240,224,192,176,176,176,176,224,160,64,64,64,64,64,80,96,96,96,96,160,192,208,208,96,224,224,240,240,0,0,0,0,240,224,192,176,176,176,176,144,128,144,64,64,64,64,80,96,96,96,144,128,144,192,208,96,224,224,240,240,0,0,0,0,240,224,192,176,176,176,176,144,112,128,64,64,64,64,80,96,96,96,128,112,144,176,208,96,224,224,240,240,0,0,0,0,240,224,192,176,176,176,176,224,240,64,64,64,64,64,80,96,96,96,96,240,192,208,208,96,224,224,240,240,0,0
0,0,240,208,208,192,192,192,192,176,176,176,176,176,176,192,192,208,208,96,96,96,224,224,224,224,224,240,240,240,0,0,32,16,16,16,16,16,16,32,32,48,48,64,64,64,80,80,32,16,16,16,16,16,16,16,16,32,32,48,64,64,80,80,32,16,16,16,16,16,16,16,16,16,32,48,48,64,80,80,192,176,176,176,176,176,176,192,192,208,208,96,96,96,224,224,192,176,176,176,176,176,176,192,192,208,208,96,96,96,224,224,192,176,176,176,176,176,176,192,192,208,208,96,96,96,224,224,0,0,240,224,208,192,192,192,48,208,160,96,80,80,80,96,96,96,96,96,96,160,176,208,224,224,224,240,240,240,0,0,0,0,240,224,208,192,192,192,48,192,128,144,80,80,80,96,96,96,96,96,144,128,176,208,224,224,224,240,240,240,0,0,0,0,240,224,208,192,192,192,48,176,112,128,80,80,80,96,96,96,96,96,128,112,32,208,224,224,224,240,240,240,0,0,0,0,240,224,208,192,192,192,48,208,240,96,80,80,80,96,96,96,96,96,96,240,176,208,224,224,224,240,240,240,0,0
0,0,0,0,208,192,192,192,192,176,176,176,176,176,176,192,192,208,208,96,96,96,224,224,224,224,224,240,0,0,0,0,32,32,16,16,16,32,32,32,48,48,64,64,80,80,96,96,32,32,16,16,16,32,32,32,48,48,64,64,80,80,96,96,32,32,16,16,16,32,32,32,48,48,64,64,80,80,96,96,192,176,176,176,176,176,176,192,192,208,208,96,96,96,224,224,192,176,176,176,176,176,176,192,192,208,208,96,96,96,224,224,192,176,176,176,176,176,176,192,192,208,208,96,96,96,224,224,0,0,240,224,208,192,192,192,176,48,224,160,96,96,96,96,96,96,96,96,160,176,176,224,224,224,224,240,240,240,0,0,0,0,240,224,208,192,192,192,176,48,192,128,144,144,144,144,144,144,144,144,128,176,176,224,224,224,224,240,240,240,0,0,0,0,240,224,208,192,192,192,176,48,176,112,128,128,128,128,128,128,128,128,112,32,176,224,224,224,224,240,240,240,0,0,0,0,240,224,208,192,192,192,176,48,224,240,96,96,96,96,96,96,96,96,240,176,176,224,224,224,224,240,240,240,0,0
0,0,0,0,0,0,0,192,192,176,176,176,176,176,176,192,192,208,208,96,96,96,224,224,224,0,0,0,0,0,0,0,32,32,16,16,16,32,32,32,48,48,64,64,80,80,96,96,32,32,16,16,16,32,32,32,48,48,64,64,80,80,96,96,32,32,16,16,16,32,32,32,48,48,64,64,80,80,96,96,0,176,176,176,176,176,176,192,192,208,208,96,96,96,224,0,0,176,176,176,176,176,176,192,192,208,208,96,96,96,224,0,0,176,176,176,176,176,176,192,192,208,208,96,96,96,224,0,0,0,240,224,208,192,192,192,192,32,192,224,160,160,160,160,160,160,160,160,176,176,192,224,224,224,224,240,240,240,0,0,0,0,240,224,208,192,192,192,192,32,176,192,128,128,128,128,128,128,128,128,176,176,192,224,224,224,224,240,240,240,0,0,0,0,240,224,208,192,192,192,192,32,176,176,112,112,112,112,112,112,112,112,32,176,192,224,224,224,224,240,240,240,0,0,0,0,240,224,208,192,192,192,192,32,192,224,240,240,240,240,240,240,240,240,176,176,192,224,224,224,224,240,240,240,0,0
0,0,0,0,0,0,0,0,0,0,0,0,0,0,0,0,0,0,0,0,0,0,0,0,0,0,0,0,0,0,0,0,64,64,64,64,64,48,48,48,48,48,48,48,48,48,48,48,0,0,0,0,0,0,0,0,0,0,0,0,64,64,64,64,48,48,48,48,48,48,48,48,48,48,48,48,48,48,48,48,0,0,0,0,0,0,0,0,0,0,0,0,64,64,64,64,64,64,48,48,48,48,48,48,48,48,48,48,48,48,48,48,0,0,0,0,0,0,0,0,0,0,0,0,0,0,0,0,0,0,0,0,0,0,0,0,0,0,0,0,0,0,0,0,48,48,48,48,32,32,32,32,32,32,32,32,32,32,32,32,0,0,0,0,0,0,0,0,0,0,0,0,48,48,48,32,32,32,32,32,32,32,32,32,32,32,32,32,32,32,32,32,0,0,0,0,0,0,0,0,0,0,0,0,48,48,48,48,48,32,32,32,32,32,32,32,32,32,32,32,32,32,32,32,0,0,0,0,0,0,0,0,0,0,0,0,0,0,0,0,0,0,0,0,0,0,0,0,0,0,0,0,0,0,0,0
0,0,0,0,0,0,0,0,0,0,0,0,0,0,0,0,0,0,0,0,0,0,0,0,0,0,0,0,0,0,0,0,64,64,64,64,64,48,48,48,48,48,48,48,48,48,48,48,0,0,0,0,0,0,0,0,0,0,0,64,64,64,64,64,48,48,48,48,48,48,48,48,48,48,48,48,48,48,48,48,0,0,0,0,0,0,0,0,0,0,0,0,64,64,64,64,64,64,64,48,48,48,48,48,48,48,48,48,48,48,48,48,0,0,0,0,0,0,0,0,0,0,0,0,0,0,0,0,0,0,0,0,0,0,0,0,0,0,0,0,0,0,0,0,48,48,48,48,32,32,32,32,32,32,32,32,32,32,32,32,0,0,0,0,0,0,0,0,0,0,0,48,48,48,48,32,32,32,32,32,32,32,32,32,32,32,32,32,32,32,32,32,0,0,0,0,0,0,0,0,0,0,0,0,48,48,48,48,48,48,32,32,32,32,32,32,32,32,32,32,32,32,32,32,0,0,0,0,0,0,0,0,0,0,0,0,0,0,0,0,0,0,0,0,0,0,0,0,0,0,0,0,0,0,0,0
0,0,0,0,0,0,0,0,0,0,0,0,0,0,0,0,0,0,0,0,0,0,0,0,0,0,0,0,0,0,0,0,64,64,64,64,48,48,48,48,48,48,48,48,48,48,48,48,0,0,0,0,0,0,0,0,0,0,0,64,64,64,64,64,48,48,48,48,48,48,48,48,48,48,48,48,48,48,48,48,0,0,0,0,0,0,0,0,0,0,0,0,0,64,64,64,64,64,64,64,64,64,48,48,48,48,48,48,48,48,48,48,0,0,0,0,0,0,0,0,0,0,0,0,0,0,0,0,0,0,0,0,0,0,0,0,0,0,0,0,0,0,0,0,48,48,48,32,32,32,32,32,32,32,32,32,32,32,32,32,0,0,0,0,0,0,0,0,0,0,0,48,48,48,48,32,32,32,32,32,32,32,32,32,32,32,32,32,32,32,32,32,0,0,0,0,0,0,0,0,0,0,0,0,0,48,48,48,48,48,48,48,32,32,32,32,32,32,32,32,32,32,32,32,0,0,0,0,0,0,0,0,0,0,0,0,0,0,0,0,0,0,0,0,0,0,0,0,0,0,0,0,0,0,0,0
0,0,0,0,0,0,0,0,0,0,0,0,0,0,0,0,0,0,0,0,0,0,0,0,0,0,0,0,0,0,0,64,64,64,64,64,48,48,48,48,48,48,48,48,48,48,48,48,0,0,0,0,0,0,0,0,0,0,0,64,64,64,64,64,48,48,48,48,48,48,48,48,48,48,48,48,48,48,48,48,0,0,0,0,0,0,0,0,0,0,0,0,0,64,64,64,64,64,64,64,64,64,64,64,64,64,64,48,48,48,48,48,0,0,0,0,0,0,0,0,0,0,0,0,0,0,0,0,0,0,0,0,0,0,0,0,0,0,0,0,0,0,0,48,48,48,48,32,32,32,32,32,32,32,32,32,32,32,32,32,0,0,0,0,0,0,0,0,0,0,0,48,48,48,48,32,32,32,32,32,32,32,32,32,32,32,32,32,32,32,32,32,0,0,0,0,0,0,0,0,0,0,0,0,0,48,48,48,48,48,48,48,48,48,32,32,32,32,32,32,32,32,32,32,0,0,0,0,0,0,0,0,0,0,0,0,0,0,0,0,0,0,0,0,0,0,0,0,0,0,0,0,0,0,0,0
0,0,0,0,0,0,0,0,0,0,0,0,0,0,0,0,0,0,0,0,0,0,0,0,0,0,0,0,0,0,0,64,64,64,64,48,48,48,48,48,48,48,48,48,48,48,48,48,0,0,0,0,0,0,0,0,0,0,0,64,64,64,64,64,48,48,48,48,48,48,48,48,48,48,48,48,48,48,48,48,0,0,0,0,0,0,0,0,0,0,0,0,0,0,64,64,64,64,64,64,64,64,64,64,64,64,64,64,64,64,64,64,0,0,0,0,0,0,0,0,0,0,0,0,0,0,0,0,0,0,0,0,0,0,0,0,0,0,0,0,0,0,0,48,48,48,32,32,32,32,32,32,32,32,32,32,32,32,32,32,0,0,0,0,0,0,0,0,0,0,0,48,48,48,48,32,32,32,32,32,32,32,32,32,32,32,32,32,32,32,32,32,0,0,0,0,0,0,0,0,0,0,0,0,0,0,48,48,48,48,48,48,48,48,48,48,48,48,48,32,32,32,32,32,0,0,0,0,0,0,0,0,0,0,0,0,0,0,0,0,0,0,0,0,0,0,0,0,0,0,0,0,0,0,0,0
0,0,0,0,0,0,0,0,0,0,0,0,0,0,0,0,0,0,0,0,0,0,0,0,0,0,0,0,0,0,0,64,64,64,64,48,48,48,48,48,48,48,48,48,48,48,48,48,0,0,0,0,0,0,0,0,0,0,0,64,64,64,64,64,48,48,48,48,48,48,48,48,48,48,48,48,48,48,48,48,0,0,0,0,0,0,0,0,0,0,0,0,0,0,0,64,64,64,64,64,64,64,64,64,64,64,64,64,64,64,64,64,0,0,0,0,0,0,0,0,0,0,0,0,0,0,0,0,0,0,0,0,0,0,0,0,0,0,0,0,0,0,0,48,48,48,32,32,32,32,32,32,32,32,32,32,32,32,32,32,0,0,0,0,0,0,0,0,0,0,0,48,48,48,48,32,32,32,32,32,32,32,32,32,32,32,32,32,32,32,32,32,0,0,0,0,0,0,0,0,0,0,0,0,0,0,0,48,48,48,48,48,48,48,48,48,48,48,48,48,48,48,48,48,0,0,0,0,0,0,0,0,0,0,0,0,0,0,0,0,0,0,0,0,0,0,0,0,0,0,0,0,0,0,0,0
0,0,0,0,0,0,0,0,0,0,0,0,0,0,0,0,0,0,0,0,0,0,0,0,0,0,0,0,0,0,64,64,64,64,64,48,48,48,48,48,48,48,48,48,48,48,48,48,0,0,0,0,0,0,0,0,0,0,0,64,64,64,64,64,48,48,48,48,48,48,48,48,48,48,48,48,48,48,48,48,0,0,0,0,0,0,0,0,0,0,0,0,0,0,0,0,0,64,64,64,64,64,64,64,64,64,64,64,64,64,64,64,0,0,0,0,0,0,0,0,0,0,0,0,0,0,0,0,0,0,0,0,0,0,0,0,0,0,0,0,0,0,48,48,48,48,32,32,32,32,32,32,32,32,32,32,32,32,32,32,0,0,0,0,0,0,0,0,0,0,0,48,48,48,48,32,32,32,32,32,32,32,32,32,32,32,32,32,32,32,32,32,0,0,0,0,0,0,0,0,0,0,0,0,0,0,0,0,0,48,48,48,48,48,48,48,48,48,48,48,48,48,48,48,0,0,0,0,0,0,0,0,0,0,0,0,0,0,0,0,0,0,0,0,0,0,0,0,0,0,0,0,0,0,0,0
0,0,0,0,0,0,0,0,0,0,0,0,64,64,64,64,0,0,0,0,0,0,0,0,0,0,0,0,0,0,64,64,64,64,48,48,48,48,48,48,48,48,48,48,48,48,48,48,0,0,0,0,0,0,0,0,0,0,0,64,64,64,64,64,48,48,48,48,48,48,48,48,48,48,48,48,48,48,48,48,0,0,0,0,0,0,0,0,0,0,0,0,0,0,0,0,0,0,0,0,0,0,0,64,64,64,64,64,64,64,64,64,0,0,0,0,0,0,0,0,0,0,0,0,48,48,48,48,0,0,0,0,0,0,0,0,0,0,0,0,0,0,48,48,48,32,32,32,32,32,32,32,32,32,32,32,32,32,32,32,0,0,0,0,0,0,0,0,0,0,0,48,48,48,48,32,32,32,32,32,32,32,32,32,32,32,32,32,32,32,32,32,0,0,0,0,0,0,0,0,0,0,0,0,0,0,0,0,0,0,0,0,0,0,0,48,48,48,48,48,48,48,48,48,0,0,0,0,0,0,0,0,0,0,0,0,0,0,0,0,0,0,0,0,0,0,0,0,0,0,0,0,0,0,0,0
0,0,0,0,0,0,0,64,64,64,64,64,64,64,64,64,0,0,0,0,0,0,0,0,0,0,0,0,0,0,64,64,64,64,48,48,48,48,48,48,48,48,48,48,48,48,48,48,0,0,0,0,0,0,0,0,0,0,0,64,64,64,64,64,48,48,48,48,48,48,48,48,48,48,48,48,48,48,48,48,0,0,0,0,0,0,0,0,0,0,0,0,0,0,0,0,0,0,0,0,0,0,0,0,0,0,0,0,64,64,64,64,0,0,0,0,0,0,0,48,48,48,48,48,48,48,48,48,0,0,0,0,0,0,0,0,0,0,0,0,0,0,48,48,48,32,32,32,32,32,32,32,32,32,32,32,32,32,32,32,0,0,0,0,0,0,0,0,0,0,0,48,48,48,48,32,32,32,32,32,32,32,32,32,32,32,32,32,32,32,32,32,0,0,0,0,0,0,0,0,0,0,0,0,0,0,0,0,0,0,0,0,0,0,0,0,0,0,0,0,48,48,48,48,0,0,0,0,0,0,0,0,0,0,0,0,0,0,0,0,0,0,0,0,0,0,0,0,0,0,0,0,0,0,0,0
0,0,0,0,0,64,64,64,64,64,64,64,64,64,64,64,0,0,0,0,0,0,0,0,0,0,0,0,0,64,64,64,64,64,48,48,48,48,48,48,48,48,48,48,48,48,48,48,0,0,0,0,0,0,0,0,0,0,0,64,64,64,64,64,48,48,48,48,48,48,48,48,48,48,48,48,48,48,48,48,0,0,0,0,0,0,0,0,0,0,0,0,0,0,0,0,0,0,0,0,0,0,0,0,0,0,0,0,0,0,0,0,0,0,0,0,0,48,48,48,48,48,48,48,48,48,48,48,0,0,0,0,0,0,0,0,0,0,0,0,0,48,48,48,48,32,32,32,32,32,32,32,32,32,32,32,32,32,32,32,0,0,0,0,0,0,0,0,0,0,0,48,48,48,48,32,32,32,32,32,32,32,32,32,32,32,32,32,32,32,32,32,0,0,0,0,0,0,0,0,0,0,0,0,0,0,0,0,0,0,0,0,0,0,0,0,0,0,0,0,0,0,0,0,0,0,0,0,0,0,0,0,0,0,0,0,0,0,0,0,0,0,0,0,0,0,0,0,0,0,0,0,0,0,0,0
0,0,0,0,64,64,64,64,64,64,64,64,64,64,64,64,0,0,0,0,0,0,0,0,0,0,0,0,0,64,64,64,64,64,48,48,48,48,48,48,48,48,48,48,48,48,48,48,0,0,0,0,0,0,0,0,0,0,0,64,64,64,64,64,48,48,48,48,48,48,48,48,48,48,48,48,48,48,48,48,0,0,0,0,0,0,0,0,0,0,0,0,0,0,0,0,0,0,0,0,0,0,0,0,0,0,0,0,0,0,0,0,0,0,0,0,48,48,48,48,48,48,48,48,32,32,32,32,0,0,0,0,0,0,0,0,0,0,0,0,0,48,48,48,48,32,32,32,32,32,32,32,32,32,32,32,32,32,32,32,0,0,0,0,0,0,0,0,0,0,0,48,48,48,48,32,32,32,32,32,32,32,32,32,32,32,32,32,32,32,32,32,0,0,0,0,0,0,0,0,0,0,0,0,0,0,0,0,0,0,0,0,0,0,0,0,0,0,0,0,0,0,0,0,0,0,0,0,0,0,0,0,0,0,0,0,0,0,0,0,0,0,0,0,0,0,0,0,0,0,0,0,0,0,0,0
0,0,0,64,64,64,64,64,64,64,64,64,48,48,48,48,0,0,0,0,0,0,0,0,0,0,0,0,0,64,64,64,64,48,48,48,48,48,48,48,48,48,48,48,48,48,48,48,0,0,0,0,0,0,0,0,0,0,0,64,64,64,64,64,48,48,48,48,48,48,48,48,48,48,48,48,48,48,48,48,0,0,0,0,0,0,0,0,0,0,0,0,0,0,0,0,0,0,0,0,0,0,0,0,0,0,0,0,0,0,0,0,0,0,0,48,48,48,48,48,48,32,32,32,32,32,32,32,0,0,0,0,0,0,0,0,0,0,0,0,0,48,48,48,32,32,32,32,32,32,32,32,32,32,32,32,32,32,32,32,0,0,0,0,0,0,0,0,0,0,0,48,48,48,48,32,32,32,32,32,32,32,32,32,32,32,32,32,32,32,32,32,0,0,0,0,0,0,0,0,0,0,0,0,0,0,0,0,0,0,0,0,0,0,0,0,0,0,0,0,0,0,0,0,0,0,0,0,0,0,0,0,0,0,0,0,0,0,0,0,0,0,0,0,0,0,0,0,0,0,0,0,0,0,0,0
0,0,64,64,64,64,64,64,64,48,48,48,48,48,48,48,0,0,0,0,0,0,0,0,0,0,0,0,0,64,64,64,64,48,48,48,48,48,48,48,48,48,48,48,48,48,48,48,0,0,0,0,0,0,0,0,0,0,0,64,64,64,64,64,48,48,48,48,48,48,48,48,48,48,48,48,48,48,48,48,0,0,0,0,0,0,0,0,0,0,0,0,0,0,0,0,0,0,0,0,0,0,0,0,0,0,0,0,0,0,0,0,0,0,48,48,48,48,48,32,32,32,32,32,32,32,32,32,0,0,0,0,0,0,0,0,0,0,0,0,0,48,48,48,32,32,32,32,32,32,32,32,32,32,32,32,32,32,32,32,0,0,0,0,0,0,0,0,0,0,0,48,48,48,48,32,32,32,32,32,32,32,32,32,32,32,32,32,32,32,32,32,0,0,0,0,0,0,0,0,0,0,0,0,0,0,0,0,0,0,0,0,0,0,0,0,0,0,0,0,0,0,0,0,0,0,0,0,0,0,0,0,0,0,0,0,0,0,0,0,0,0,0,0,0,0,0,0,0,0,0,0,0,0,0,0
0,0,64,64,64,64,64,48,48,48,48,48,48,48,48,48,0,0,0,0,0,0,0,0,0,0,0,0,64,64,64,64,64,48,48,48,48,48,48,48,48,48,48,48,48,48,48,48,0,0,0,0,0,0,0,0,0,0,0,64,64,64,64,64,64,48,48,48,48,48,48,48,48,48,48,48,48,48,48,48,0,0,0,0,0,0,0,0,0,0,0,0,0,0,0,0,0,0,0,0,0,0,0,0,0,0,0,0,0,0,0,0,0,0,48,48,48,48,32,32,32,32,32,32,32,32,32,32,0,0,0,0,0,0,0,0,0,0,0,0,48,48,48,48,32,32,32,32,32,32,32,32,32,32,32,32,32,32,32,32,0,0,0,0,0,0,0,0,0,0,0,48,48,48,48,48,32,32,32,32,32,32,32,32,32,32,32,32,32,32,32,32,0,0,0,0,0,0,0,0,0,0,0,0,0,0,0,0,0,0,0,0,0,0,0,0,0,0,0,0,0,0,0,0,0,0,0,0,0,0,0,0,0,0,0,0,0,0,0,0,0,0,0,0,0,0,0,0,0,0,0,0,0,0,0,0
0,64,64,64,64,64,48,48,48,48,48,48,48,48,48,48,0,0,0,0,0,0,0,0,0,0,0,0,64,64,64,64,64,48,48,48,48,48,48,48,48,48,48,48,48,48,48,48,0,0,0,0,0,0,0,0,0,0,0,64,64,64,64,64,64,48,48,48,48,48,48,48,48,48,48,48,48,48,48,48,0,0,0,0,0,0,0,0,0,0,0,0,0,0,0,0,0,0,0,0,0,0,0,0,0,0,0,0,0,0,0,0,0,48,48,48,48,32,32,32,32,32,32,32,32,32,32,32,0,0,0,0,0,0,0,0,0,0,0,0,48,48,48,48,32,32,32,32,32,32,32,32,32,32,32,32,32,32,32,32,0,0,0,0,0,0,0,0,0,0,0,48,48,48,48,48,32,32,32,32,32,32,32,32,32,32,32,32,32,32,32,32,0,0,0,0,0,0,0,0,0,0,0,0,0,0,0,0,0,0,0,0,0,0,0,0,0,0,0,0,0,0,0,0,0,0,0,0,0,0,0,0,0,0,0,0,0,0,0,0,0,0,0,0,0,0,0,0,0,0,0,0,0,0,0,0
0,64,64,64,64,64,48,48,48,48,48,48,48,48,48,48,0,0,0,0,0,0,0,0,0,0,0,0,64,64,64,64,64,48,48,48,48,48,48,48,48,48,48,48,48,48,48,48,0,0,0,0,0,0,0,0,0,0,0,0,64,64,64,64,64,48,48,48,48,48,48,48,48,48,48,48,48,48,48,48,0,0,0,0,0,0,0,0,0,0,0,0,0,0,0,0,0,0,0,0,0,0,0,0,0,0,0,0,0,0,0,0,0,48,48,48,48,32,32,32,32,32,32,32,32,32,32,32,0,0,0,0,0,0,0,0,0,0,0,0,48,48,48,48,32,32,32,32,32,32,32,32,32,32,32,32,32,32,32,32,0,0,0,0,0,0,0,0,0,0,0,0,48,48,48,48,32,32,32,32,32,32,32,32,32,32,32,32,32,32,32,32,0,0,0,0,0,0,0,0,0,0,0,0,0,0,0,0,0,0,0,0,0,0,0,0,0,0,0,0,0,0,0,0,0,0,0,0,0,0,0,0,0,0,0,0,0,0,0,0,0,0,0,0,0,0,0,0,0,0,0,0,0,0,0,0
0,0,0,0,0,0,0,0,0,0,0,0,0,0,0,0,0,0,0,0,0,0,0,0,0,0,0,0,0,0,0,0,0,0,0,0,0,0,0,0,0,0,0,0,0,0,0,48,32,32,32,16,16,16,16,16,16,16,16,16,16,16,16,16,0,0,0,0,0,0,0,0,0,0,0,48,32,32,16,16,16,16,16,16,16,16,16,16,16,16,16,16,16,16,16,16,0,0,0,0,0,0,0,0,0,0,48,32,16,32,32,16,16,16,16,16,16,16,16,16,16,16,16,16,16,16,16,16,0,0,0,0,0,0,0,0,0,0,0,0,0,0,0,0,0,0,0,0,0,0,0,0,0,0,0,0,0,0,0,0,0,0,0,0,0,0,0,0,0,0,0,0,0,0,0,0,0,0,0,0,0,0,0,80,80,0,0,0,0,0,0,0,0,0,0,0,0,0,0,32,32,0,0,0,0,0,0,0,0,0,0,0,0,0,0,112,112,0,0,0,0,0,0,0,0,0,0,0,0,0,0,0,0,0,0,0,0,0,0,0,0,0,0,0,0,0,0,0,0,0,0,0,0,0,0,0
0,0,0,0,0,0,0,0,0,0,0,0,0,0,0,0,0,0,0,0,0,0,0,0,0,0,0,0,0,0,0,0,0,0,0,0,0,0,0,0,0,0,0,0,0,0,0,48,32,32,16,32,16,16,16,16,16,16,16,16,16,16,16,16,0,0,0,0,0,0,0,0,0,48,32,32,16,16,16,16,16,16,16,16,16,16,16,16,16,16,16,16,16,16,16,16,0,0,0,0,0,0,0,0,0,0,32,48,32,32,32,32,16,16,16,16,16,16,16,16,16,16,16,16,16,16,16,16,0,0,80,0,0,0,0,0,0,0,0,0,0,80,0,0,0,0,32,0,0,0,0,0,0,0,0,0,0,32,0,0,0,0,128,0,0,0,0,0,0,0,0,0,0,128,0,0,0,0,48,48,0,0,0,16,32,0,0,0,48,48,0,0,0,0,32,32,0,0,0,16,16,0,0,0,32,32,0,0,0,0,80,80,0,0,0,48,64,0,0,0,80,80,0,0,0,0,0,0,0,0,0,0,0,0,0,0,0,0,0,0,0,0,0,0,0,0,0,0,0,0,0,0,0,0,0,0
0,0,0,0,0,0,0,0,0,0,0,0,0,0,0,0,0,0,0,0,0,0,0,0,0,0,0,0,0,0,0,0,0,0,0,0,0,0,0,0,0,0,0,0,48,0,48,32,32,32,16,16,16,16,16,16,16,16,16,16,16,16,16,16,0,0,0,0,0,0,0,0,0,0,48,32,32,16,16,16,16,16,16,16,16,16,16,16,16,16,16,16,16,16,16,16,0,0,0,0,0,0,0,0,0,48,0,48,48,32,32,32,16,16,16,16,16,16,16,16,16,16,16,16,16,16,16,16,0,0,80,80,0,0,80,80,80,80,0,0,80,80,0,0,0,0,32,32,0,0,32,32,32,32,0,0,32,32,0,0,0,0,128,128,0,0,128,128,128,128,0,0,128,128,0,0,0,0,80,32,32,0,80,16,32,80,0,32,32,80,0,0,0,0,32,16,16,0,32,16,16,32,0,16,16,32,0,0,0,0,112,64,64,0,112,48,64,112,0,64,64,112,0,0,0,0,0,0,0,0,0,0,0,0,0,0,0,0,0,0,0,0,0,0,0,0,0,0,0,0,0,0,0,0,0,0
0,0,0,0,0,0,0,0,0,0,0,0,0,0,0,0,0,0,0,0,0,0,0,0,0,0,0,0,0,0,0,0,0,0,0,0,0,0,0,0,0,0,0,0,0,32,32,32,32,16,16,16,16,16,16,16,16,16,16,16,16,16,16,16,0,0,0,0,0,0,0,0,0,0,48,48,32,32,16,16,16,16,16,16,16,16,16,16,16,16,16,16,16,16,16,16,0,0,0,0,0,0,0,0,0,0,0,0,48,32,32,32,16,16,32,16,16,16,16,16,16,16,16,16,16,16,16,16,0,0,80,80,80,80,80,32,32,80,80,80,80,80,0,0,0,0,32,32,32,32,32,16,16,32,32,32,32,32,0,0,0,0,128,112,128,128,128,80,96,128,128,128,96,128,0,0,0,0,0,48,32,32,80,16,32,80,32,32,48,0,0,0,0,0,0,32,16,16,32,16,16,32,16,16,32,0,0,0,0,0,0,80,64,64,112,48,64,112,64,64,80,0,0,0,0,0,0,0,0,0,0,0,0,0,0,0,0,0,0,0,0,0,0,0,0,0,0,0,0,0,0,0,0,0,0,0
0,0,0,0,0,0,0,0,0,0,0,0,0,0,0,0,0,0,0,0,0,0,0,0,0,0,0,0,0,0,0,0,0,0,0,0,0,0,0,0,0,0,0,0,0,0,16,32,32,16,16,16,16,16,16,16,16,16,16,16,16,16,16,16,0,0,0,0,0,0,0,0,48,48,48,32,32,16,16,16,16,16,16,16,16,16,16,16,16,16,16,16,16,16,16,16,0,0,0,0,0,0,0,0,0,0,0,0,48,48,32,16,32,32,32,32,16,16,16,16,16,16,16,16,16,16,16,16,0,80,80,32,80,32,80,32,32,80,32,80,32,80,80,0,0,32,32,16,32,16,32,16,16,32,16,32,16,32,32,0,0,128,128,96,128,96,128,80,96,128,96,128,96,128,128,0,0,0,0,0,48,32,80,80,80,80,32,48,0,0,0,0,0,0,0,0,32,16,32,32,32,32,16,32,0,0,0,0,0,0,0,0,80,64,112,112,112,112,64,80,0,0,0,0,0,0,0,0,0,0,0,0,0,0,0,0,0,0,0,0,0,0,0,0,0,0,0,0,0,0,0,0,0,0,0,0
0,0,0,0,0,0,0,0,0,0,0,0,0,0,0,0,0,0,0,0,0,0,0,0,0,0,0,0,0,0,0,48,0,0,0,0,0,0,0,0,0,0,0,0,0,48,32,16,16,32,16,16,16,16,16,16,16,16,16,16,16,16,16,16,0,0,0,0,0,0,48,48,32,16,16,16,16,16,16,16,16,16,16,16,16,16,16,16,16,16,16,16,16,16,16,16,0,0,0,0,0,0,0,0,0,0,0,0,0,48,32,32,32,32,32,32,32,32,16,32,32,16,16,16,16,16,16,16,0,48,80,32,16,80,80,32,32,80,80,16,32,80,48,0,0,16,32,16,16,32,32,16,16,32,32,16,16,32,16,0,0,112,128,96,80,128,128,80,96,128,128,80,96,128,112,0,0,0,0,48,80,80,80,32,32,80,80,80,48,0,0,0,0,0,0,32,32,32,32,16,16,32,32,32,32,0,0,0,0,0,0,80,112,112,112,64,64,112,112,112,80,0,0,0,0,0,0,0,0,0,0,0,0,0,0,0,0,0,0,0,0,0,0,0,0,0,0,0,0,0,0,0,0,0,0,0
0,0,0,0,0,0,0,0,0,0,0,0,0,0,0,0,0,0,0,0,0,0,0,0,0,0,48,0,0,0,48,32,0,0,0,0,0,0,0,0,0,0,0,0,0,48,48,32,16,16,16,16,16,16,16,16,16,16,16,16,16,16,16,16,0,0,0,0,0,0,0,0,48,32,32,16,16,16,16,16,16,16,16,16,16,16,16,16,16,16,16,16,16,16,16,16,0,0,0,0,0,0,0,0,0,0,0,0,0,32,48,48,48,32,32,32,32,16,32,32,32,32,16,32,32,32,16,16,0,48,32,32,32,16,80,0,0,80,16,32,32,32,48,0,0,16,16,16,16,16,32,0,0,32,16,16,16,16,16,0,0,112,96,96,96,80,128,0,0,128,80,96,96,96,112,0,0,0,80,80,32,80,32,0,0,32,80,32,80,80,0,0,0,0,32,32,16,32,16,0,0,16,32,16,32,32,0,0,0,0,112,112,64,112,64,0,0,64,112,64,112,112,0,0,0,0,0,0,0,0,0,0,0,0,0,0,0,0,0,0,0,0,0,0,0,0,0,0,0,0,0,0,0,0,0,0
0,0,0,0,0,0,0,0,0,0,0,0,0,0,0,0,0,0,0,0,0,0,0,48,48,48,32,48,48,48,32,16,0,0,0,0,0,0,0,0,0,0,0,0,0,48,32,32,16,16,16,16,16,16,16,16,16,16,16,16,16,16,16,16,0,0,0,0,0,0,0,0,0,0,48,48,32,16,16,16,16,16,16,16,16,16,16,16,16,16,16,16,16,16,16,16,0,0,0,0,0,0,0,0,0,0,0,0,48,0,0,0,48,48,48,48,32,32,48,32,32,32,16,32,32,32,32,16,0,80,32,32,48,32,32,0,0,32,32,48,32,32,80,0,0,32,16,16,16,16,16,0,0,16,16,16,16,16,32,0,0,128,96,96,112,96,96,0,0,96,96,112,96,96,128,0,0,80,80,32,48,80,32,0,0,32,80,48,32,80,80,0,0,32,32,16,32,32,16,0,0,16,32,32,16,32,32,0,0,112,112,64,80,112,64,0,0,64,112,80,64,112,112,0,0,0,0,0,0,0,0,0,0,0,0,0,0,0,0,0,0,0,0,0,0,0,0,0,0,0,0,0,0,0,0,0
0,0,0,0,0,0,0,0,0,0,0,0,0,0,0,0,48,0,0,0,48,48,48,32,32,32,16,32,32,32,32,16,0,0,0,0,0,0,0,0,0,0,0,0,48,48,32,32,16,16,16,16,16,16,16,16,16,16,16,16,16,16,16,16,0,0,0,0,0,0,0,0,0,0,0,48,32,32,16,16,16,16,16,16,16,16,16,16,16,16,16,16,16,16,16,16,0,0,0,0,0,0,0,0,0,0,0,0,0,0,0,0,0,0,0,32,48,0,48,48,48,48,32,48,48,48,32,16,0,80,48,32,0,0,48,32,32,48,0,0,32,48,80,0,0,32,16,16,0,0,16,16,16,16,0,0,16,16,32,0,0,128,112,96,0,0,112,96,96,112,0,0,96,112,128,0,0,80,80,32,0,0,48,32,32,48,0,0,32,80,80,0,0,32,32,16,0,0,32,16,16,32,0,0,16,32,32,0,0,112,112,64,0,0,80,64,64,80,0,0,64,112,112,0,0,0,0,0,0,0,0,0,0,0,0,0,0,0,0,0,0,0,0,0,0,0,0,0,0,0,0,0,0,0,0,0
0,0,0,0,0,0,0,0,0,0,0,0,0,0,0,0,0,32,0,48,48,32,32,32,32,32,16,32,32,32,16,16,0,0,0,0,0,0,0,0,0,0,0,0,48,32,32,16,16,16,16,16,16,16,16,16,16,16,16,16,16,16,16,16,0,0,0,0,0,0,0,0,0,0,48,32,32,16,16,16,16,16,16,16,16,16,16,16,16,16,16,16,16,16,16,16,0,0,0,0,0,0,0,0,0,0,0,0,0,0,0,0,0,0,32,48,0,0,0,0,0,0,48,0,0,0,48,32,0,80,48,48,0,0,0,48,48,0,0,0,48,48,80,0,0,32,16,16,0,0,0,16,16,0,0,0,16,16,32,0,0,128,112,112,0,0,0,112,112,0,0,0,112,112,128,0,0,80,80,48,0,0,0,48,48,0,0,0,48,80,80,0,0,32,32,32,0,0,0,32,32,0,0,0,32,32,32,0,0,112,112,80,0,0,0,80,80,0,0,0,80,112,112,0,0,0,0,0,0,0,0,0,0,0,0,0,0,0,0,0,0,0,0,0,0,0,0,0,0,0,0,0,0,0,0,0
0,0,0,0,0,0,0,0,0,0,0,0,0,0,0,0,0,0,32,48,32,32,32,32,16,16,16,16,16,16,16,16,0,0,0,0,0,0,0,0,0,48,0,48,48,32,32,16,16,16,16,16,16,16,16,16,16,16,16,16,16,16,16,16,0,0,0,0,0,0,0,0,0,48,32,32,16,16,16,16,16,16,16,16,16,16,16,16,16,16,16,16,16,16,16,16,0,0,0,0,0,0,0,0,0,0,0,0,0,0,0,0,0,48,0,0,0,0,0,0,0,0,0,0,0,0,0,48,0,0,80,48,0,0,0,0,0,0,0,0,48,80,0,0,0,0,32,16,0,0,0,0,0,0,0,0,16,32,0,0,0,0,128,112,0,0,0,0,0,0,0,0,112,128,0,0,0,0,80,48,0,0,0,0,0,0,0,0,48,80,0,0,0,0,32,32,0,0,0,0,0,0,0,0,32,32,0,0,0,0,112,80,0,0,0,0,0,0,0,0,80,112,0,0,0,0,0,0,0,0,0,0,0,0,0,0,0,0,0,0,0,0,0,0,0,0,0,0,0,0,0,0,0,0,0,0
0,0,0,0,0,0,0,0,0,0,0,0,0,0,0,0,0,48,48,16,32,32,16,16,16,16,16,16,16,16,16,16,0,0,0,0,0,0,0,0,0,0,32,32,32,32,16,16,16,16,16,16,16,16,16,16,16,16,16,16,16,16,16,16,0,0,0,0,0,0,0,48,32,32,16,16,16,16,16,16,16,16,16,16,16,16,16,16,16,16,16,16,16,16,16,16,0,0,0,0,0,0,0,0,0,0,0,0,0,0,0,0,0,0,0,0,0,0,0,0,0,0,0,0,0,0,0,48,0,0,0,80,0,0,0,0,0,0,0,0,80,0,0,0,0,0,0,32,0,0,0,0,0,0,0,0,32,0,0,0,0,0,0,128,0,0,0,0,0,0,0,0,128,0,0,0,0,0,0,80,0,0,0,0,0,0,0,0,80,0,0,0,0,0,0,32,0,0,0,0,0,0,0,0,32,0,0,0,0,0,0,112,0,0,0,0,0,0,0,0,112,0,0,0,0,0,0,0,0,0,0,0,0,0,0,0,0,0,0,0,0,0,0,0,0,0,0,0,0,0,0,0,0,0,0,0
0,0,0,0,0,0,0,0,0,0,0,0,0,0,0,48,0,48,32,32,16,16,16,16,16,16,16,16,16,16,16,16,0,0,0,0,0,0,0,0,0,0,0,16,32,32,16,16,16,16,16,16,16,16,16,16,16,16,16,16,16,16,16,16,0,0,0,0,0,0,0,0,0,48,32,32,16,16,16,16,16,16,16,16,16,16,16,16,16,16,16,16,16,16,16,16,0,0,0,0,0,0,0,0,0,0,0,0,0,0,0,0,0,0,0,0,0,0,0,0,0,0,0,0,0,0,0,0,0,0,0,0,80,0,0,0,0,0,0,80,0,0,0,0,0,0,0,0,32,0,0,0,0,0,0,32,0,0,0,0,0,0,0,0,128,0,0,0,0,0,0,128,0,0,0,0,0,0,0,0,80,0,0,0,0,0,0,80,0,0,0,0,0,0,0,0,32,0,0,0,0,0,0,32,0,0,0,0,0,0,0,0,112,0,0,0,0,0,0,112,0,0,0,0,0,0,0,0,0,0,0,0,0,0,0,0,0,0,0,0,0,0,0,0,0,0,0,0,0,0,0,0,0,0,0,0
0,0,0,0,0,0,0,0,0,0,0,0,0,0,0,0,32,48,32,32,32,16,16,16,16,16,16,16,16,16,16,16,0,0,0,0,0,0,0,0,0,0,0,48,16,16,32,16,16,16,16,16,16,16,16,16,16,16,16,16,16,16,16,16,0,0,0,0,0,0,0,0,0,48,48,32,32,16,16,16,16,16,16,16,16,16,16,16,16,16,16,16,16,16,16,16,0,0,0,0,0,0,0,0,0,0,0,0,0,0,0,0,0,0,0,0,0,0,0,0,0,0,0,0,0,0,0,0,0,0,0,0,0,80,0,0,0,0,80,0,0,0,0,0,0,0,0,0,0,32,0,0,0,0,32,0,0,0,0,0,0,0,0,0,0,128,0,0,0,0,128,0,0,0,0,0,0,0,0,0,0,80,0,0,0,0,80,0,0,0,0,0,0,0,0,0,0,32,0,0,0,0,32,0,0,0,0,0,0,0,0,0,0,112,0,0,0,0,112,0,0,0,0,0,0,0,0,0,0,0,0,0,0,0,0,0,0,0,0,0,0,0,0,0,0,0,0,0,0,0,0,0,0,0,0,0
0,0,0,0,0,0,0,0,0,0,0,0,0,0,0,0,48,16,32,32,16,16,16,16,16,16,16,16,16,16,16,16,0,0,0,0,0,0,0,0,0,0,0,48,32,16,16,16,16,16,16,16,16,16,16,16,16,16,16,16,16,16,16,16,0,0,0,0,0,0,0,0,0,0,48,32,32,32,16,16,16,16,16,16,16,16,16,16,16,16,16,16,16,16,16,16,0,0,0,0,0,0,0,0,0,0,0,0,0,0,0,0,0,0,0,0,0,0,0,0,0,0,0,0,0,0,0,0,0,0,0,0,0,0,0,0,0,0,0,0,0,0,0,0,0,0,0,0,0,0,0,0,0,0,0,0,0,0,0,0,0,0,0,0,0,0,0,0,0,0,0,0,0,0,0,0,0,0,0,0,0,0,0,0,0,0,0,0,0,0,0,0,0,0,0,0,0,0,0,0,0,0,0,0,0,0,0,0,0,0,0,0,0,0,0,0,0,0,0,0,0,0,0,0,0,0,0,0,0,0,0,0,0,0,0,0,0,0,0,0,0,0,0,0,0,0,0,0,0,0,0,0,0,0,0,0
0,0,0,0,0,0,0,0,0,0,0,0,0,0,0,48,48,32,16,32,16,16,16,16,16,16,16,16,16,16,16,16,0,0,0,0,0,0,0,0,0,0,0,48,32,16,16,16,16,16,16,16,16,16,16,16,16,16,16,16,16,16,16,16,0,0,0,0,0,0,0,0,0,0,48,48,32,16,16,16,16,16,16,16,16,16,16,16,16,16,16,16,16,16,16,16,0,0,0,0,0,0,0,0,0,0,0,0,0,0,0,0,0,0,0,0,0,0,0,0,0,0,0,0,0,0,0,0,0,0,0,0,0,0,0,0,0,0,0,0,0,0,0,0,0,0,0,0,0,0,0,0,0,0,0,0,0,0,0,0,0,0,0,0,0,0,0,0,0,0,0,0,0,0,0,0,0,0,0,0,0,0,0,0,0,0,0,0,0,0,0,0,0,0,0,0,0,0,0,0,0,0,0,0,0,0,0,0,0,0,0,0,0,0,0,0,0,0,0,0,0,0,0,0,0,0,0,0,0,0,0,0,0,0,0,0,0,0,0,0,0,0,0,0,0,0,0,0,0,0,0,0,0,0,0,0
205,205,205,205,205,205,205,205,205,205,205,205,205,205,205,205,205,205,205,205,205,205,205,205,205,205,205,205,205,205,205,205,205,205,205,205,205,205,205,205,205,205,205,205,205,205,205,205,205,205,205,205,205,205,205,205,205,205,205,205,205,205,205,205,205,205,205,205,205,205,205,205,205,205,205,205,205,205,205,205,205,205,205,205,205,205,205,205,205,205,205,205,205,205,205,205,205,205,205,205,205,205,205,205,205,205,205,205,205,205,205,205,205,205,205,205,205,205,205,205,205,205,205,205,205,205,205,205,205,205,205,205,205,205,205,205,205,205,205,205,205,205,205,205,205,205,205,205,205,205,205,205,205,205,205,205,205,205,205,205,205,205,205,205,205,205,205,205,205,205,205,205,205,205,205,205,205,205,205,205,205,205,205,205,205,205,205,205,205,205,205,205,205,205,205,205,205,205,205,205,205,205,205,205,205,205,205,205,205,205,205,205,205,205,205,205,205,205,205,205,205,205,205,205,205,205,205,205,205,205,205,205,205,205,205,205,205,205,205,205,205,205,205,205,205,205,205,205,205,205,205,205,205,205,205,205
205,205,205,205,205,205,205,205,205,205,205,205,205,205,205,205,205,205,205,205,205,205,205,205,205,205,205,205,205,205,205,205,205,205,205,205,205,205,205,205,205,205,205,205,205,205,205,205,205,205,205,205,205,205,205,205,205,205,205,205,205,205,205,205,205,205,205,205,205,205,205,205,205,205,205,205,205,205,205,205,205,205,205,205,205,205,205,205,205,205,205,205,205,205,205,205,205,205,205,205,205,205,205,205,205,205,205,205,205,205,205,205,205,205,205,205,205,205,205,205,205,205,205,205,205,205,205,205,205,205,205,205,205,205,205,205,205,205,205,205,205,205,205,205,205,205,205,205,205,205,205,205,205,205,205,205,205,205,205,205,205,205,205,205,205,205,205,205,205,205,205,205,205,205,205,205,205,205,205,205,205,205,205,205,205,205,205,205,205,205,205,205,205,205,205,205,205,205,205,205,205,205,205,205,205,205,205,205,205,205,205,205,205,205,205,205,205,205,205,205,205,205,205,205,205,205,205,205,205,205,205,205,205,205,205,205,205,205,205,205,205,205,205,205,205,205,205,205,205,205,205,205,205,205,205,205
205,205,205,205,205,205,205,205,205,205,205,205,205,205,205,205,205,205,205,205,205,205,205,205,205,205,205,205,205,205,205,205,205,205,205,205,205,205,205,205,205,205,205,205,205,205,205,205,205,205,205,205,205,205,205,205,205,205,205,205,205,205,205,205,205,205,205,205,205,205,205,205,205,205,205,205,205,205,205,205,205,205,205,205,205,205,205,205,205,205,205,205,205,205,205,205,205,205,205,205,205,205,205,205,205,205,205,205,205,205,205,205,205,205,205,205,205,205,205,205,205,205,205,205,205,205,205,205,205,205,205,205,205,205,205,205,205,205,205,205,205,205,205,205,205,205,205,205,205,205,205,205,205,205,205,205,205,205,205,205,205,205,205,205,205,205,205,205,205,205,205,205,205,205,205,205,205,205,205,205,205,205,205,205,205,205,205,205,205,205,205,205,205,205,205,205,205,205,205,205,205,205,205,205,205,205,205,205,205,205,205,205,205,205,205,205,205,205,205,205,205,205,205,205,205,205,205,205,205,205,205,205,205,205,205,205,205,205,205,205,205,205,205,205,205,205,205,205,205,205,205,205,205,205,205,205
205,205,205,205,205,205,205,205,205,205,205,205,205,205,205,205,205,205,205,205,205,205,205,205,205,205,205,205,205,205,205,205,205,205,205,205,205,205,205,205,205,205,205,205,205,205,205,205,205,205,205,205,205,205,205,205,205,205,205,205,205,205,205,205,205,205,205,205,205,205,205,205,205,205,205,205,205,205,205,205,205,205,205,205,205,205,205,205,205,205,205,205,205,205,205,205,205,205,205,205,205,205,205,205,205,205,205,205,205,205,205,205,205,205,205,205,205,205,205,205,205,205,205,205,205,205,205,205,205,205,205,205,205,205,205,205,205,205,205,205,205,205,205,205,205,205,205,205,205,205,205,205,205,205,205,205,205,205,205,205,205,205,205,205,205,205,205,205,205,205,205,205,205,205,205,205,205,205,205,205,205,205,205,205,205,205,205,205,205,205,205,205,205,205,205,205,205,205,205,205,205,205,205,205,205,205,205,205,205,205,205,205,205,205,205,205,205,205,205,205,205,205,205,205,205,205,205,205,205,205,205,205,205,205,205,205,205,205,205,205,205,205,205,205,205,205,205,205,205,205,205,205,205,205,205,205
205,205,205,205,205,205,205,205,205,205,205,205,205,205,205,205,205,205,205,205,205,205,205,205,205,205,205,205,205,205,205,205,205,205,205,205,205,205,205,205,205,205,205,205,205,205,205,205,205,205,205,205,205,205,205,205,205,205,205,205,205,205,205,205,205,205,205,205,205,205,205,205,205,205,205,205,205,205,205,205,205,205,205,205,205,205,205,205,205,205,205,205,205,205,205,205,205,205,205,205,205,205,205,205,205,205,205,205,205,205,205,205,205,205,205,205,205,205,205,205,205,205,205,205,205,205,205,205,205,205,205,205,205,205,205,205,205,205,205,205,205,205,205,205,205,205,205,205,205,205,205,205,205,205,205,205,205,205,205,205,205,205,205,205,205,205,205,205,205,205,205,205,205,205,205,205,205,205,205,205,205,205,205,205,205,205,205,205,205,205,205,205,205,205,205,205,205,205,205,205,205,205,205,205,205,205,205,205,205,205,205,205,205,205,205,205,205,205,205,205,205,205,205,205,205,205,205,205,205,205,205,205,205,205,205,205,205,205,205,205,205,205,205,205,205,205,205,205,205,205,205,205,205,205,205,205
205,205,205,205,205,205,205,205,205,205,205,205,205,205,205,205,205,205,205,205,205,205,205,205,205,205,205,205,205,205,205,205,205,205,205,205,205,205,205,205,205,205,205,205,205,205,205,205,205,205,205,205,205,205,205,205,205,205,205,205,205,205,205,205,205,205,205,205,205,205,205,205,205,205,205,205,205,205,205,205,205,205,205,205,205,205,205,205,205,205,205,205,205,205,205,205,205,205,205,205,205,205,205,205,205,205,205,205,205,205,205,205,205,205,205,205,205,205,205,205,205,205,205,205,205,205,205,205,205,205,205,205,205,205,205,205,205,205,205,205,205,205,205,205,205,205,205,205,205,205,205,205,205,205,205,205,205,205,205,205,205,205,205,205,205,205,205,205,205,205,205,205,205,205,205,205,205,205,205,205,205,205,205,205,205,205,205,205,205,205,205,205,205,205,205,205,205,205,205,205,205,205,205,205,205,205,205,205,205,205,205,205,205,205,205,205,205,205,205,205,205,205,205,205,205,205,205,205,205,205,205,205,205,205,205,205,205,205,205,205,205,205,205,205,205,205,205,205,205,205,205,205,205,205,205,205
205,205,205,205,205,205,205,205,205,205,205,205,205,205,205,205,205,205,205,205,205,205,205,205,205,205,205,205,205,205,205,205,205,205,205,205,205,205,205,205,205,205,205,205,205,205,205,205,205,205,205,205,205,205,205,205,205,205,205,205,205,205,205,205,205,205,205,205,205,205,205,205,205,205,205,205,205,205,205,205,205,205,205,205,205,205,205,205,205,205,205,205,205,205,205,205,205,205,205,205,205,205,205,205,205,205,205,205,205,205,205,205,205,205,205,205,205,205,205,205,205,205,205,205,205,205,205,205,205,205,205,205,205,205,205,205,205,205,205,205,205,205,205,205,205,205,205,205,205,205,205,205,205,205,205,205,205,205,205,205,205,205,205,205,205,205,205,205,205,205,205,205,205,205,205,205,205,205,205,205,205,205,205,205,205,205,205,205,205,205,205,205,205,205,205,205,205,205,205,205,205,205,205,205,205,205,205,205,205,205,205,205,205,205,205,205,205,205,205,205,205,205,205,205,205,205,205,205,205,205,205,205,205,205,205,205,205,205,205,205,205,205,205,205,205,205,205,205,205,205,205,205,205,205,205,205
205,205,205,205,205,205,205,205,205,205,205,205,205,205,205,205,205,205,205,205,205,205,205,205,205,205,205,205,205,205,205,205,205,205,205,205,205,205,205,205,205,205,205,205,205,205,205,205,205,205,205,205,205,205,205,205,205,205,205,205,205,205,205,205,205,205,205,205,205,205,205,205,205,205,205,205,205,205,205,205,205,205,205,205,205,205,205,205,205,205,205,205,205,205,205,205,205,205,205,205,205,205,205,205,205,205,205,205,205,205,205,205,205,205,205,205,205,205,205,205,205,205,205,205,205,205,205,205,205,205,205,205,205,205,205,205,205,205,205,205,205,205,205,205,205,205,205,205,205,205,205,205,205,205,205,205,205,205,205,205,205,205,205,205,205,205,205,205,205,205,205,205,205,205,205,205,205,205,205,205,205,205,205,205,205,205,205,205,205,205,205,205,205,205,205,205,205,205,205,205,205,205,205,205,205,205,205,205,205,205,205,205,205,205,205,205,205,205,205,205,205,205,205,205,205,205,205,205,205,205,205,205,205,205,205,205,205,205,205,205,205,205,205,205,205,205,205,205,205,205,205,205,205,205,205,205
205,205,205,205,205,205,205,205,205,205,205,205,205,205,205,205,205,205,205,205,205,205,205,205,205,205,205,205,205,205,205,205,205,205,205,205,205,205,205,205,205,205,205,205,205,205,205,205,205,205,205,205,205,205,205,205,205,205,205,205,205,205,205,205,205,205,205,205,205,205,205,205,205,205,205,205,205,205,205,205,205,205,205,205,205,205,205,205,205,205,205,205,205,205,205,205,205,205,205,205,205,205,205,205,205,205,205,205,205,205,205,205,205,205,205,205,205,205,205,205,205,205,205,205,205,205,205,205,205,205,205,205,205,205,205,205,205,205,205,205,205,205,205,205,205,205,205,205,205,205,205,205,205,205,205,205,205,205,205,205,205,205,205,205,205,205,205,205,205,205,205,205,205,205,205,205,205,205,205,205,205,205,205,205,205,205,205,205,205,205,205,205,205,205,205,205,205,205,205,205,205,205,205,205,205,205,205,205,205,205,205,205,205,205,205,205,205,205,205,205,205,205,205,205,205,205,205,205,205,205,205,205,205,205,205,205,205,205,205,205,205,205,205,205,205,205,205,205,205,205,205,205,205,205,205,205
205,205,205,205,205,205,205,205,205,205,205,205,205,205,205,205,205,205,205,205,205,205,205,205,205,205,205,205,205,205,205,205,205,205,205,205,205,205,205,205,205,205,205,205,205,205,205,205,205,205,205,205,205,205,205,205,205,205,205,205,205,205,205,205,205,205,205,205,205,205,205,205,205,205,205,205,205,205,205,205,205,205,205,205,205,205,205,205,205,205,205,205,205,205,205,205,205,205,205,205,205,205,205,205,205,205,205,205,205,205,205,205,205,205,205,205,205,205,205,205,205,205,205,205,205,205,205,205,205,205,205,205,205,205,205,205,205,205,205,205,205,205,205,205,205,205,205,205,205,205,205,205,205,205,205,205,205,205,205,205,205,205,205,205,205,205,205,205,205,205,205,205,205,205,205,205,205,205,205,205,205,205,205,205,205,205,205,205,205,205,205,205,205,205,205,205,205,205,205,205,205,205,205,205,205,205,205,205,205,205,205,205,205,205,205,205,205,205,205,205,205,205,205,205,205,205,205,205,205,205,205,205,205,205,205,205,205,205,205,205,205,205,205,205,205,205,205,205,205,205,205,205,205,205,205,205
205,205,205,205,205,205,205,205,205,205,205,205,205,205,205,205,205,205,205,205,205,205,205,205,205,205,205,205,205,205,205,205,205,205,205,205,205,205,205,205,205,205,205,205,205,205,205,205,205,205,205,205,205,205,205,205,205,205,205,205,205,205,205,205,205,205,205,205,205,205,205,205,205,205,205,205,205,205,205,205,205,205,205,205,205,205,205,205,205,205,205,205,205,205,205,205,205,205,205,205,205,205,205,205,205,205,205,205,205,205,205,205,205,205,205,205,205,205,205,205,205,205,205,205,205,205,205,205,205,205,205,205,205,205,205,205,205,205,205,205,205,205,205,205,205,205,205,205,205,205,205,205,205,205,205,205,205,205,205,205,205,205,205,205,205,205,205,205,205,205,205,205,205,205,205,205,205,205,205,205,205,205,205,205,205,205,205,205,205,205,205,205,205,205,205,205,205,205,205,205,205,205,205,205,205,205,205,205,205,205,205,205,205,205,205,205,205,205,205,205,205,205,205,205,205,205,205,205,205,205,205,205,205,205,205,205,205,205,205,205,205,205,205,205,205,205,205,205,205,205,205,205,205,205,205,205
205,205,205,205,205,205,205,205,205,205,205,205,205,205,205,205,205,205,205,205,205,205,205,205,205,205,205,205,205,205,205,205,205,205,205,205,205,205,205,205,205,205,205,205,205,205,205,205,205,205,205,205,205,205,205,205,205,205,205,205,205,205,205,205,205,205,205,205,205,205,205,205,205,205,205,205,205,205,205,205,205,205,205,205,205,205,205,205,205,205,205,205,205,205,205,205,205,205,205,205,205,205,205,205,205,205,205,205,205,205,205,205,205,205,205,205,205,205,205,205,205,205,205,205,205,205,205,205,205,205,205,205,205,205,205,205,205,205,205,205,205,205,205,205,205,205,205,205,205,205,205,205,205,205,205,205,205,205,205,205,205,205,205,205,205,205,205,205,205,205,205,205,205,205,205,205,205,205,205,205,205,205,205,205,205,205,205,205,205,205,205,205,205,205,205,205,205,205,205,205,205,205,205,205,205,205,205,205,205,205,205,205,205,205,205,205,205,205,205,205,205,205,205,205,205,205,205,205,205,205,205,205,205,205,205,205,205,205,205,205,205,205,205,205,205,205,205,205,205,205,205,205,205,205,205,205
205,205,205,205,205,205,205,205,205,205,205,205,205,205,205,205,205,205,205,205,205,205,205,205,205,205,205,205,205,205,205,205,205,205,205,205,205,205,205,205,205,205,205,205,205,205,205,205,205,205,205,205,205,205,205,205,205,205,205,205,205,205,205,205,205,205,205,205,205,205,205,205,205,205,205,205,205,205,205,205,205,205,205,205,205,205,205,205,205,205,205,205,205,205,205,205,205,205,205,205,205,205,205,205,205,205,205,205,205,205,205,205,205,205,205,205,205,205,205,205,205,205,205,205,205,205,205,205,205,205,205,205,205,205,205,205,205,205,205,205,205,205,205,205,205,205,205,205,205,205,205,205,205,205,205,205,205,205,205,205,205,205,205,205,205,205,205,205,205,205,205,205,205,205,205,205,205,205,205,205,205,205,205,205,205,205,205,205,205,205,205,205,205,205,205,205,205,205,205,205,205,205,205,205,205,205,205,205,205,205,205,205,205,205,205,205,205,205,205,205,205,205,205,205,205,205,205,205,205,205,205,205,205,205,205,205,205,205,205,205,205,205,205,205,205,205,205,205,205,205,205,205,205,205,205,205
205,205,205,205,205,205,205,205,205,205,205,205,205,205,205,205,205,205,205,205,205,205,205,205,205,205,205,205,205,205,205,205,205,205,205,205,205,205,205,205,205,205,205,205,205,205,205,205,205,205,205,205,205,205,205,205,205,205,205,205,205,205,205,205,205,205,205,205,205,205,205,205,205,205,205,205,205,205,205,205,205,205,205,205,205,205,205,205,205,205,205,205,205,205,205,205,205,205,205,205,205,205,205,205,205,205,205,205,205,205,205,205,205,205,205,205,205,205,205,205,205,205,205,205,205,205,205,205,205,205,205,205,205,205,205,205,205,205,205,205,205,205,205,205,205,205,205,205,205,205,205,205,205,205,205,205,205,205,205,205,205,205,205,205,205,205,205,205,205,205,205,205,205,205,205,205,205,205,205,205,205,205,205,205,205,205,205,205,205,205,205,205,205,205,205,205,205,205,205,205,205,205,205,205,205,205,205,205,205,205,205,205,205,205,205,205,205,205,205,205,205,205,205,205,205,205,205,205,205,205,205,205,205,205,205,205,205,205,205,205,205,205,205,205,205,205,205,205,205,205,205,205,205,205,205,205
205,205,205,205,205,205,205,205,205,205,205,205,205,205,205,205,205,205,205,205,205,205,205,205,205,205,205,205,205,205,205,205,205,205,205,205,205,205,205,205,205,205,205,205,205,205,205,205,205,205,205,205,205,205,205,205,205,205,205,205,205,205,205,205,205,205,205,205,205,205,205,205,205,205,205,205,205,205,205,205,205,205,205,205,205,205,205,205,205,205,205,205,205,205,205,205,205,205,205,205,205,205,205,205,205,205,205,205,205,205,205,205,205,205,205,205,205,205,205,205,205,205,205,205,205,205,205,205,205,205,205,205,205,205,205,205,205,205,205,205,205,205,205,205,205,205,205,205,205,205,205,205,205,205,205,205,205,205,205,205,205,205,205,205,205,205,205,205,205,205,205,205,205,205,205,205,205,205,205,205,205,205,205,205,205,205,205,205,205,205,205,205,205,205,205,205,205,205,205,205,205,205,205,205,205,205,205,205,205,205,205,205,205,205,205,205,205,205,205,205,205,205,205,205,205,205,205,205,205,205,205,205,205,205,205,205,205,205,205,205,205,205,205,205,205,205,205,205,205,205,205,205,205,205,205,205
205,205,205,205,205,205,205,205,205,205,205,205,205,205,205,205,205,205,205,205,205,205,205,205,205,205,205,205,205,205,205,205,205,205,205,205,205,205,205,205,205,205,205,205,205,205,205,205,205,205,205,205,205,205,205,205,205,205,205,205,205,205,205,205,205,205,205,205,205,205,205,205,205,205,205,205,205,205,205,205,205,205,205,205,205,205,205,205,205,205,205,205,205,205,205,205,205,205,205,205,205,205,205,205,205,205,205,205,205,205,205,205,205,205,205,205,205,205,205,205,205,205,205,205,205,205,205,205,205,205,205,205,205,205,205,205,205,205,205,205,205,205,205,205,205,205,205,205,205,205,205,205,205,205,205,205,205,205,205,205,205,205,205,205,205,205,205,205,205,205,205,205,205,205,205,205,205,205,205,205,205,205,205,205,205,205,205,205,205,205,205,205,205,205,205,205,205,205,205,205,205,205,205,205,205,205,205,205,205,205,205,205,205,205,205,205,205,205,205,205,205,205,205,205,205,205,205,205,205,205,205,205,205,205,205,205,205,205,205,205,205,205,205,205,205,205,205,205,205,205,205,205,205,205,205,205
205,205,205,205,205,205,205,205,205,205,205,205,205,205,205,205,205,205,205,205,205,205,205,205,205,205,205,205,205,205,205,205,205,205,205,205,205,205,205,205,205,205,205,205,205,205,205,205,205,205,205,205,205,205,205,205,205,205,205,205,205,205,205,205,205,205,205,205,205,205,205,205,205,205,205,205,205,205,205,205,205,205,205,205,205,205,205,205,205,205,205,205,205,205,205,205,205,205,205,205,205,205,205,205,205,205,205,205,205,205,205,205,205,205,205,205,205,205,205,205,205,205,205,205,205,205,205,205,205,205,205,205,205,205,205,205,205,205,205,205,205,205,205,205,205,205,205,205,205,205,205,205,205,205,205,205,205,205,205,205,205,205,205,205,205,205,205,205,205,205,205,205,205,205,205,205,205,205,205,205,205,205,205,205,205,205,205,205,205,205,205,205,205,205,205,205,205,205,205,205,205,205,205,205,205,205,205,205,205,205,205,205,205,205,205,205,205,205,205,205,205,205,205,205,205,205,205,205,205,205,205,205,205,205,205,205,205,205,205,205,205,205,205,205,205,205,205,205,205,205,205,205,205,205,205,205
205,205,205,205,205,205,205,205,205,205,205,205,205,205,205,205,205,205,205,205,205,205,205,205,205,205,205,205,205,205,205,205,205,205,205,205,205,205,205,205,205,205,205,205,205,205,205,205,205,205,205,205,205,205,205,205,205,205,205,205,205,205,205,205,205,205,205,205,205,205,205,205,205,205,205,205,205,205,205,205,205,205,205,205,205,205,205,205,205,205,205,205,205,205,205,205,205,205,205,205,205,205,205,205,205,205,205,205,205,205,205,205,205,205,205,205,205,205,205,205,205,205,205,205,205,205,205,205,205,205,205,205,205,205,205,205,205,205,205,205,205,205,205,205,205,205,205,205,205,205,205,205,205,205,205,205,205,205,205,205,205,205,205,205,205,205,205,205,205,205,205,205,205,205,205,205,205,205,205,205,205,205,205,205,205,205,205,205,205,205,205,205,205,205,205,205,205,205,205,205,205,205,205,205,205,205,205,205,205,205,205,205,205,205,205,205,205,205,205,205,205,205,205,205,205,205,205,205,205,205,205,205,205,205,205,205,205,205,205,205,205,205,205,205,205,205,205,205,205,205,205,205,205,205,205,205
205,205,205,205,205,205,205,205,205,205,205,205,205,205,205,205,205,205,205,205,205,205,205,205,205,205,205,205,205,205,205,205,205,205,205,205,205,205,205,205,205,205,205,205,205,205,205,205,205,205,205,205,205,205,205,205,205,205,205,205,205,205,205,205,205,205,205,205,205,205,205,205,205,205,205,205,205,205,205,205,205,205,205,205,205,205,205,205,205,205,205,205,205,205,205,205,205,205,205,205,205,205,205,205,205,205,205,205,205,205,205,205,205,205,205,205,205,205,205,205,205,205,205,205,205,205,205,205,205,205,205,205,205,205,205,205,205,205,205,205,205,205,205,205,205,205,205,205,205,205,205,205,205,205,205,205,205,205,205,205,205,205,205,205,205,205,205,205,205,205,205,205,205,205,205,205,205,205,205,205,205,205,205,205,205,205,205,205,205,205,205,205,205,205,205,205,205,205,205,205,205,205,205,205,205,205,205,205,205,205,205,205,205,205,205,205,205,205,205,205,205,205,205,205,205,205,205,205,205,205,205,205,205,205,205,205,205,205,205,205,205,205,205,205,205,205,205,205,205,205,205,205,205,205,205,205
205,205,205,205,205,205,205,205,205,205,205,205,205,205,205,205,205,205,205,205,205,205,205,205,205,205,205,205,205,205,205,205,205,205,205,205,205,205,205,205,205,205,205,205,205,205,205,205,205,205,205,205,205,205,205,205,205,205,205,205,205,205,205,205,205,205,205,205,205,205,205,205,205,205,205,205,205,205,205,205,205,205,205,205,205,205,205,205,205,205,205,205,205,205,205,205,205,205,205,205,205,205,205,205,205,205,205,205,205,205,205,205,205,205,205,205,205,205,205,205,205,205,205,205,205,205,205,205,205,205,205,205,205,205,205,205,205,205,205,205,205,205,205,205,205,205,205,205,205,205,205,205,205,205,205,205,205,205,205,205,205,205,205,205,205,205,205,205,205,205,205,205,205,205,205,205,205,205,205,205,205,205,205,205,205,205,205,205,205,205,205,205,205,205,205,205,205,205,205,205,205,205,205,205,205,205,205,205,205,205,205,205,205,205,205,205,205,205,205,205,205,205,205,205,205,205,205,205,205,205,205,205,205,205,205,205,205,205,205,205,205,205,205,205,205,205,205,205,205,205,205,205,205,205,205,205
205,205,205,205,205,205,205,205,205,205,205,205,205,205,205,205,205,205,205,205,205,205,205,205,205,205,205,205,205,205,205,205,205,205,205,205,205,205,205,205,205,205,205,205,205,205,205,205,205,205,205,205,205,205,205,205,205,205,205,205,205,205,205,205,205,205,205,205,205,205,205,205,205,205,205,205,205,205,205,205,205,205,205,205,205,205,205,205,205,205,205,205,205,205,205,205,205,205,205,205,205,205,205,205,205,205,205,205,205,205,205,205,205,205,205,205,205,205,205,205,205,205,205,205,205,205,205,205,205,205,205,205,205,205,205,205,205,205,205,205,205,205,205,205,205,205,205,205,205,205,205,205,205,205,205,205,205,205,205,205,205,205,205,205,205,205,205,205,205,205,205,205,205,205,205,205,205,205,205,205,205,205,205,205,205,205,205,205,205,205,205,205,205,205,205,205,205,205,205,205,205,205,205,205,205,205,205,205,205,205,205,205,205,205,205,205,205,205,205,205,205,205,205,205,205,205,205,205,205,205,205,205,205,205,205,205,205,205,205,205,205,205,205,205,205,205,205,205,205,205,205,205,205,205,205,205
205,205,205,205,205,205,205,205,205,205,205,205,205,205,205,205,205,205,205,205,205,205,205,205,205,205,205,205,205,205,205,205,205,205,205,205,205,205,205,205,205,205,205,205,205,205,205,205,205,205,205,205,205,205,205,205,205,205,205,205,205,205,205,205,205,205,205,205,205,205,205,205,205,205,205,205,205,205,205,205,205,205,205,205,205,205,205,205,205,205,205,205,205,205,205,205,205,205,205,205,205,205,205,205,205,205,205,205,205,205,205,205,205,205,205,205,205,205,205,205,205,205,205,205,205,205,205,205,205,205,205,205,205,205,205,205,205,205,205,205,205,205,205,205,205,205,205,205,205,205,205,205,205,205,205,205,205,205,205,205,205,205,205,205,205,205,205,205,205,205,205,205,205,205,205,205,205,205,205,205,205,205,205,205,205,205,205,205,205,205,205,205,205,205,205,205,205,205,205,205,205,205,205,205,205,205,205,205,205,205,205,205,205,205,205,205,205,205,205,205,205,205,205,205,205,205,205,205,205,205,205,205,205,205,205,205,205,205,205,205,205,205,205,205,205,205,205,205,205,205,205,205,205,205,205,205
205,205,205,205,205,205,205,205,205,205,205,205,205,205,205,205,205,205,205,205,205,205,205,205,205,205,205,205,205,205,205,205,205,205,205,205,205,205,205,205,205,205,205,205,205,205,205,205,205,205,205,205,205,205,205,205,205,205,205,205,205,205,205,205,205,205,205,205,205,205,205,205,205,205,205,205,205,205,205,205,205,205,205,205,205,205,205,205,205,205,205,205,205,205,205,205,205,205,205,205,205,205,205,205,205,205,205,205,205,205,205,205,205,205,205,205,205,205,205,205,205,205,205,205,205,205,205,205,205,205,205,205,205,205,205,205,205,205,205,205,205,205,205,205,205,205,205,205,205,205,205,205,205,205,205,205,205,205,205,205,205,205,205,205,205,205,205,205,205,205,205,205,205,205,205,205,205,205,205,205,205,205,205,205,205,205,205,205,205,205,205,205,205,205,205,205,205,205,205,205,205,205,205,205,205,205,205,205,205,205,205,205,205,205,205,205,205,205,205,205,205,205,205,205,205,205,205,205,205,205,205,205,205,205,205,205,205,205,205,205,205,205,205,205,205,205,205,205,205,205,205,205,205,205,205,205
205,205,205,205,205,205,205,205,205,205,205,205,205,205,205,205,205,205,205,205,205,205,205,205,205,205,205,205,205,205,205,205,205,205,205,205,205,205,205,205,205,205,205,205,205,205,205,205,205,205,205,205,205,205,205,205,205,205,205,205,205,205,205,205,205,205,205,205,205,205,205,205,205,205,205,205,205,205,205,205,205,205,205,205,205,205,205,205,205,205,205,205,205,205,205,205,205,205,205,205,205,205,205,205,205,205,205,205,205,205,205,205,205,205,205,205,205,205,205,205,205,205,205,205,205,205,205,205,205,205,205,205,205,205,205,205,205,205,205,205,205,205,205,205,205,205,205,205,205,205,205,205,205,205,205,205,205,205,205,205,205,205,205,205,205,205,205,205,205,205,205,205,205,205,205,205,205,205,205,205,205,205,205,205,205,205,205,205,205,205,205,205,205,205,205,205,205,205,205,205,205,205,205,205,205,205,205,205,205,205,205,205,205,205,205,205,205,205,205,205,205,205,205,205,205,205,205,205,205,205,205,205,205,205,205,205,205,205,205,205,205,205,205,205,205,205,205,205,205,205,205,205,205,205,205,205
205,205,205,205,205,205,205,205,205,205,205,205,205,205,205,205,205,205,205,205,205,205,205,205,205,205,205,205,205,205,205,205,205,205,205,205,205,205,205,205,205,205,205,205,205,205,205,205,205,205,205,205,205,205,205,205,205,205,205,205,205,205,205,205,205,205,205,205,205,205,205,205,205,205,205,205,205,205,205,205,205,205,205,205,205,205,205,205,205,205,205,205,205,205,205,205,205,205,205,205,205,205,205,205,205,205,205,205,205,205,205,205,205,205,205,205,205,205,205,205,205,205,205,205,205,205,205,205,205,205,205,205,205,205,205,205,205,205,205,205,205,205,205,205,205,205,205,205,205,205,205,205,205,205,205,205,205,205,205,205,205,205,205,205,205,205,205,205,205,205,205,205,205,205,205,205,205,205,205,205,205,205,205,205,205,205,205,205,205,205,205,205,205,205,205,205,205,205,205,205,205,205,205,205,205,205,205,205,205,205,205,205,205,205,205,205,205,205,205,205,205,205,205,205,205,205,205,205,205,205,205,205,205,205,205,205,205,205,205,205,205,205,205,205,205,205,205,205,205,205,205,205,205,205,205,205
205,205,205,205,205,205,205,205,205,205,205,205,205,205,205,205,205,205,205,205,205,205,205,205,205,205,205,205,205,205,205,205,205,205,205,205,205,205,205,205,205,205,205,205,205,205,205,205,205,205,205,205,205,205,205,205,205,205,205,205,205,205,205,205,205,205,205,205,205,205,205,205,205,205,205,205,205,205,205,205,205,205,205,205,205,205,205,205,205,205,205,205,205,205,205,205,205,205,205,205,205,205,205,205,205,205,205,205,205,205,205,205,205,205,205,205,205,205,205,205,205,205,205,205,205,205,205,205,205,205,205,205,205,205,205,205,205,205,205,205,205,205,205,205,205,205,205,205,205,205,205,205,205,205,205,205,205,205,205,205,205,205,205,205,205,205,205,205,205,205,205,205,205,205,205,205,205,205,205,205,205,205,205,205,205,205,205,205,205,205,205,205,205,205,205,205,205,205,205,205,205,205,205,205,205,205,205,205,205,205,205,205,205,205,205,205,205,205,205,205,205,205,205,205,205,205,205,205,205,205,205,205,205,205,205,205,205,205,205,205,205,205,205,205,205,205,205,205,205,205,205,205,205,205,205,205
205,205,205,205,205,205,205,205,205,205,205,205,205,205,205,205,205,205,205,205,205,205,205,205,205,205,205,205,205,205,205,205,205,205,205,205,205,205,205,205,205,205,205,205,205,205,205,205,205,205,205,205,205,205,205,205,205,205,205,205,205,205,205,205,205,205,205,205,205,205,205,205,205,205,205,205,205,205,205,205,205,205,205,205,205,205,205,205,205,205,205,205,205,205,205,205,205,205,205,205,205,205,205,205,205,205,205,205,205,205,205,205,205,205,205,205,205,205,205,205,205,205,205,205,205,205,205,205,205,205,205,205,205,205,205,205,205,205,205,205,205,205,205,205,205,205,205,205,205,205,205,205,205,205,205,205,205,205,205,205,205,205,205,205,205,205,205,205,205,205,205,205,205,205,205,205,205,205,205,205,205,205,205,205,205,205,205,205,205,205,205,205,205,205,205,205,205,205,205,205,205,205,205,205,205,205,205,205,205,205,205,205,205,205,205,205,205,205,205,205,205,205,205,205,205,205,205,205,205,205,205,205,205,205,205,205,205,205,205,205,205,205,205,205,205,205,205,205,205,205,205,205,205,205,205,205
205,205,205,205,205,205,205,205,205,205,205,205,205,205,205,205,205,205,205,205,205,205,205,205,205,205,205,205,205,205,205,205,205,205,205,205,205,205,205,205,205,205,205,205,205,205,205,205,205,205,205,205,205,205,205,205,205,205,205,205,205,205,205,205,205,205,205,205,205,205,205,205,205,205,205,205,205,205,205,205,205,205,205,205,205,205,205,205,205,205,205,205,205,205,205,205,205,205,205,205,205,205,205,205,205,205,205,205,205,205,205,205,205,205,205,205,205,205,205,205,205,205,205,205,205,205,205,205,205,205,205,205,205,205,205,205,205,205,205,205,205,205,205,205,205,205,205,205,205,205,205,205,205,205,205,205,205,205,205,205,205,205,205,205,205,205,205,205,205,205,205,205,205,205,205,205,205,205,205,205,205,205,205,205,205,205,205,205,205,205,205,205,205,205,205,205,205,205,205,205,205,205,205,205,205,205,205,205,205,205,205,205,205,205,205,205,205,205,205,205,205,205,205,205,205,205,205,205,205,205,205,205,205,205,205,205,205,205,205,205,205,205,205,205,205,205,205,205,205,205,205,205,205,205,205,205
205,205,205,205,205,205,205,205,205,205,205,205,205,205,205,205,205,205,205,205,205,205,205,205,205,205,205,205,205,205,205,205,205,205,205,205,205,205,205,205,205,205,205,205,205,205,205,205,205,205,205,205,205,205,205,205,205,205,205,205,205,205,205,205,205,205,205,205,205,205,205,205,205,205,205,205,205,205,205,205,205,205,205,205,205,205,205,205,205,205,205,205,205,205,205,205,205,205,205,205,205,205,205,205,205,205,205,205,205,205,205,205,205,205,205,205,205,205,205,205,205,205,205,205,205,205,205,205,205,205,205,205,205,205,205,205,205,205,205,205,205,205,205,205,205,205,205,205,205,205,205,205,205,205,205,205,205,205,205,205,205,205,205,205,205,205,205,205,205,205,205,205,205,205,205,205,205,205,205,205,205,205,205,205,205,205,205,205,205,205,205,205,205,205,205,205,205,205,205,205,205,205,205,205,205,205,205,205,205,205,205,205,205,205,205,205,205,205,205,205,205,205,205,205,205,205,205,205,205,205,205,205,205,205,205,205,205,205,205,205,205,205,205,205,205,205,205,205,205,205,205,205,205,205,205,205
205,205,205,205,205,205,205,205,205,205,205,205,205,205,205,205,205,205,205,205,205,205,205,205,205,205,205,205,205,205,205,205,205,205,205,205,205,205,205,205,205,205,205,205,205,205,205,205,205,205,205,205,205,205,205,205,205,205,205,205,205,205,205,205,205,205,205,205,205,205,205,205,205,205,205,205,205,205,205,205,205,205,205,205,205,205,205,205,205,205,205,205,205,205,205,205,205,205,205,205,205,205,205,205,205,205,205,205,205,205,205,205,205,205,205,205,205,205,205,205,205,205,205,205,205,205,205,205,205,205,205,205,205,205,205,205,205,205,205,205,205,205,205,205,205,205,205,205,205,205,205,205,205,205,205,205,205,205,205,205,205,205,205,205,205,205,205,205,205,205,205,205,205,205,205,205,205,205,205,205,205,205,205,205,205,205,205,205,205,205,205,205,205,205,205,205,205,205,205,205,205,205,205,205,205,205,205,205,205,205,205,205,205,205,205,205,205,205,205,205,205,205,205,205,205,205,205,205,205,205,205,205,205,205,205,205,205,205,205,205,205,205,205,205,205,205,205,205,205,205,205,205,205,205,205,205
205,205,205,205,205,205,205,205,205,205,205,205,205,205,205,205,205,205,205,205,205,205,205,205,205,205,205,205,205,205,205,205,205,205,205,205,205,205,205,205,205,205,205,205,205,205,205,205,205,205,205,205,205,205,205,205,205,205,205,205,205,205,205,205,205,205,205,205,205,205,205,205,205,205,205,205,205,205,205,205,205,205,205,205,205,205,205,205,205,205,205,205,205,205,205,205,205,205,205,205,205,205,205,205,205,205,205,205,205,205,205,205,205,205,205,205,205,205,205,205,205,205,205,205,205,205,205,205,205,205,205,205,205,205,205,205,205,205,205,205,205,205,205,205,205,205,205,205,205,205,205,205,205,205,205,205,205,205,205,205,205,205,205,205,205,205,205,205,205,205,205,205,205,205,205,205,205,205,205,205,205,205,205,205,205,205,205,205,205,205,205,205,205,205,205,205,205,205,205,205,205,205,205,205,205,205,205,205,205,205,205,205,205,205,205,205,205,205,205,205,205,205,205,205,205,205,205,205,205,205,205,205,205,205,205,205,205,205,205,205,205,205,205,205,205,205,205,205,205,205,205,205,205,205,205,205
205,205,205,205,205,205,205,205,205,205,205,205,205,205,205,205,205,205,205,205,205,205,205,205,205,205,205,205,205,205,205,205,205,205,205,205,205,205,205,205,205,205,205,205,205,205,205,205,205,205,205,205,205,205,205,205,205,205,205,205,205,205,205,205,205,205,205,205,205,205,205,205,205,205,205,205,205,205,205,205,205,205,205,205,205,205,205,205,205,205,205,205,205,205,205,205,205,205,205,205,205,205,205,205,205,205,205,205,205,205,205,205,205,205,205,205,205,205,205,205,205,205,205,205,205,205,205,205,205,205,205,205,205,205,205,205,205,205,205,205,205,205,205,205,205,205,205,205,205,205,205,205,205,205,205,205,205,205,205,205,205,205,205,205,205,205,205,205,205,205,205,205,205,205,205,205,205,205,205,205,205,205,205,205,205,205,205,205,205,205,205,205,205,205,205,205,205,205,205,205,205,205,205,205,205,205,205,205,205,205,205,205,205,205,205,205,205,205,205,205,205,205,205,205,205,205,205,205,205,205,205,205,205,205,205,205,205,205,205,205,205,205,205,205,205,205,205,205,205,205,205,205,205,205,205,205
205,205,205,205,205,205,205,205,205,205,205,205,205,205,205,205,205,205,205,205,205,205,205,205,205,205,205,205,205,205,205,205,205,205,205,205,205,205,205,205,205,205,205,205,205,205,205,205,205,205,205,205,205,205,205,205,205,205,205,205,205,205,205,205,205,205,205,205,205,205,205,205,205,205,205,205,205,205,205,205,205,205,205,205,205,205,205,205,205,205,205,205,205,205,205,205,205,205,205,205,205,205,205,205,205,205,205,205,205,205,205,205,205,205,205,205,205,205,205,205,205,205,205,205,205,205,205,205,205,205,205,205,205,205,205,205,205,205,205,205,205,205,205,205,205,205,205,205,205,205,205,205,205,205,205,205,205,205,205,205,205,205,205,205,205,205,205,205,205,205,205,205,205,205,205,205,205,205,205,205,205,205,205,205,205,205,205,205,205,205,205,205,205,205,205,205,205,205,205,205,205,205,205,205,205,205,205,205,205,205,205,205,205,205,205,205,205,205,205,205,205,205,205,205,205,205,205,205,205,205,205,205,205,205,205,205,205,205,205,205,205,205,205,205,205,205,205,205,205,205,205,205,205,205,205,205
205,205,205,205,205,205,205,205,205,205,205,205,205,205,205,205,205,205,205,205,205,205,205,205,205,205,205,205,205,205,205,205,205,205,205,205,205,205,205,205,205,205,205,205,205,205,205,205,205,205,205,205,205,205,205,205,205,205,205,205,205,205,205,205,205,205,205,205,205,205,205,205,205,205,205,205,205,205,205,205,205,205,205,205,205,205,205,205,205,205,205,205,205,205,205,205,205,205,205,205,205,205,205,205,205,205,205,205,205,205,205,205,205,205,205,205,205,205,205,205,205,205,205,205,205,205,205,205,205,205,205,205,205,205,205,205,205,205,205,205,205,205,205,205,205,205,205,205,205,205,205,205,205,205,205,205,205,205,205,205,205,205,205,205,205,205,205,205,205,205,205,205,205,205,205,205,205,205,205,205,205,205,205,205,205,205,205,205,205,205,205,205,205,205,205,205,205,205,205,205,205,205,205,205,205,205,205,205,205,205,205,205,205,205,205,205,205,205,205,205,205,205,205,205,205,205,205,205,205,205,205,205,205,205,205,205,205,205,205,205,205,205,205,205,205,205,205,205,205,205,205,205,205,205,205,205
205,205,205,205,205,205,205,205,205,205,205,205,205,205,205,205,205,205,205,205,205,205,205,205,205,205,205,205,205,205,205,205,205,205,205,205,205,205,205,205,205,205,205,205,205,205,205,205,205,205,205,205,205,205,205,205,205,205,205,205,205,205,205,205,205,205,205,205,205,205,205,205,205,205,205,205,205,205,205,205,205,205,205,205,205,205,205,205,205,205,205,205,205,205,205,205,205,205,205,205,205,205,205,205,205,205,205,205,205,205,205,205,205,205,205,205,205,205,205,205,205,205,205,205,205,205,205,205,205,205,205,205,205,205,205,205,205,205,205,205,205,205,205,205,205,205,205,205,205,205,205,205,205,205,205,205,205,205,205,205,205,205,205,205,205,205,205,205,205,205,205,205,205,205,205,205,205,205,205,205,205,205,205,205,205,205,205,205,205,205,205,205,205,205,205,205,205,205,205,205,205,205,205,205,205,205,205,205,205,205,205,205,205,205,205,205,205,205,205,205,205,205,205,205,205,205,205,205,205,205,205,205,205,205,205,205,205,205,205,205,205,205,205,205,205,205,205,205,205,205,205,205,205,205,205,205
205,205,205,205,205,205,205,205,205,205,205,205,205,205,205,205,205,205,205,205,205,205,205,205,205,205,205,205,205,205,205,205,205,205,205,205,205,205,205,205,205,205,205,205,205,205,205,205,205,205,205,205,205,205,205,205,205,205,205,205,205,205,205,205,205,205,205,205,205,205,205,205,205,205,205,205,205,205,205,205,205,205,205,205,205,205,205,205,205,205,205,205,205,205,205,205,205,205,205,205,205,205,205,205,205,205,205,205,205,205,205,205,205,205,205,205,205,205,205,205,205,205,205,205,205,205,205,205,205,205,205,205,205,205,205,205,205,205,205,205,205,205,205,205,205,205,205,205,205,205,205,205,205,205,205,205,205,205,205,205,205,205,205,205,205,205,205,205,205,205,205,205,205,205,205,205,205,205,205,205,205,205,205,205,205,205,205,205,205,205,205,205,205,205,205,205,205,205,205,205,205,205,205,205,205,205,205,205,205,205,205,205,205,205,205,205,205,205,205,205,205,205,205,205,205,205,205,205,205,205,205,205,205,205,205,205,205,205,205,205,205,205,205,205,205,205,205,205,205,205,205,205,205,205,205,205
205,205,205,205,205,205,205,205,205,205,205,205,205,205,205,205,205,205,205,205,205,205,205,205,205,205,205,205,205,205,205,205,205,205,205,205,205,205,205,205,205,205,205,205,205,205,205,205,205,205,205,205,205,205,205,205,205,205,205,205,205,205,205,205,205,205,205,205,205,205,205,205,205,205,205,205,205,205,205,205,205,205,205,205,205,205,205,205,205,205,205,205,205,205,205,205,205,205,205,205,205,205,205,205,205,205,205,205,205,205,205,205,205,205,205,205,205,205,205,205,205,205,205,205,205,205,205,205,205,205,205,205,205,205,205,205,205,205,205,205,205,205,205,205,205,205,205,205,205,205,205,205,205,205,205,205,205,205,205,205,205,205,205,205,205,205,205,205,205,205,205,205,205,205,205,205,205,205,205,205,205,205,205,205,205,205,205,205,205,205,205,205,205,205,205,205,205,205,205,205,205,205,205,205,205,205,205,205,205,205,205,205,205,205,205,205,205,205,205,205,205,205,205,205,205,205,205,205,205,205,205,205,205,205,205,205,205,205,205,205,205,205,205,205,205,205,205,205,205,205,205,205,205,205,205,205
205,205,205,205,205,205,205,205,205,205,205,205,205,205,205,205,205,205,205,205,205,205,205,205,205,205,205,205,205,205,205,205,205,205,205,205,205,205,205,205,205,205,205,205,205,205,205,205,205,205,205,205,205,205,205,205,205,205,205,205,205,205,205,205,205,205,205,205,205,205,205,205,205,205,205,205,205,205,205,205,205,205,205,205,205,205,205,205,205,205,205,205,205,205,205,205,205,205,205,205,205,205,205,205,205,205,205,205,205,205,205,205,205,205,205,205,205,205,205,205,205,205,205,205,205,205,205,205,205,205,205,205,205,205,205,205,205,205,205,205,205,205,205,205,205,205,205,205,205,205,205,205,205,205,205,205,205,205,205,205,205,205,205,205,205,205,205,205,205,205,205,205,205,205,205,205,205,205,205,205,205,205,205,205,205,205,205,205,205,205,205,205,205,205,205,205,205,205,205,205,205,205,205,205,205,205,205,205,205,205,205,205,205,205,205,205,205,205,205,205,205,205,205,205,205,205,205,205,205,205,205,205,205,205,205,205,205,205,205,205,205,205,205,205,205,205,205,205,205,205,205,205,205,205,205,205
205,205,205,205,205,205,205,205,205,205,205,205,205,205,205,205,205,205,205,205,205,205,205,205,205,205,205,205,205,205,205,205,205,205,205,205,205,205,205,205,205,205,205,205,205,205,205,205,205,205,205,205,205,205,205,205,205,205,205,205,205,205,205,205,205,205,205,205,205,205,205,205,205,205,205,205,205,205,205,205,205,205,205,205,205,205,205,205,205,205,205,205,205,205,205,205,205,205,205,205,205,205,205,205,205,205,205,205,205,205,205,205,205,205,205,205,205,205,205,205,205,205,205,205,205,205,205,205,205,205,205,205,205,205,205,205,205,205,205,205,205,205,205,205,205,205,205,205,205,205,205,205,205,205,205,205,205,205,205,205,205,205,205,205,205,205,205,205,205,205,205,205,205,205,205,205,205,205,205,205,205,205,205,205,205,205,205,205,205,205,205,205,205,205,205,205,205,205,205,205,205,205,205,205,205,205,205,205,205,205,205,205,205,205,205,205,205,205,205,205,205,205,205,205,205,205,205,205,205,205,205,205,205,205,205,205,205,205,205,205,205,205,205,205,205,205,205,205,205,205,205,205,205,205,205,205
205,205,205,205,205,205,205,205,205,205,205,205,205,205,205,205,205,205,205,205,205,205,205,205,205,205,205,205,205,205,205,205,205,205,205,205,205,205,205,205,205,205,205,205,205,205,205,205,205,205,205,205,205,205,205,205,205,205,205,205,205,205,205,205,205,205,205,205,205,205,205,205,205,205,205,205,205,205,205,205,205,205,205,205,205,205,205,205,205,205,205,205,205,205,205,205,205,205,205,205,205,205,205,205,205,205,205,205,205,205,205,205,205,205,205,205,205,205,205,205,205,205,205,205,205,205,205,205,205,205,205,205,205,205,205,205,205,205,205,205,205,205,205,205,205,205,205,205,205,205,205,205,205,205,205,205,205,205,205,205,205,205,205,205,205,205,205,205,205,205,205,205,205,205,205,205,205,205,205,205,205,205,205,205,205,205,205,205,205,205,205,205,205,205,205,205,205,205,205,205,205,205,205,205,205,205,205,205,205,205,205,205,205,205,205,205,205,205,205,205,205,205,205,205,205,205,205,205,205,205,205,205,205,205,205,205,205,205,205,205,205,205,205,205,205,205,205,205,205,205,205,205,205,205,205,205
205,205,205,205,205,205,205,205,205,205,205,205,205,205,205,205,205,205,205,205,205,205,205,205,205,205,205,205,205,205,205,205,205,205,205,205,205,205,205,205,205,205,205,205,205,205,205,205,205,205,205,205,205,205,205,205,205,205,205,205,205,205,205,205,205,205,205,205,205,205,205,205,205,205,205,205,205,205,205,205,205,205,205,205,205,205,205,205,205,205,205,205,205,205,205,205,205,205,205,205,205,205,205,205,205,205,205,205,205,205,205,205,205,205,205,205,205,205,205,205,205,205,205,205,205,205,205,205,205,205,205,205,205,205,205,205,205,205,205,205,205,205,205,205,205,205,205,205,205,205,205,205,205,205,205,205,205,205,205,205,205,205,205,205,205,205,205,205,205,205,205,205,205,205,205,205,205,205,205,205,205,205,205,205,205,205,205,205,205,205,205,205,205,205,205,205,205,205,205,205,205,205,205,205,205,205,205,205,205,205,205,205,205,205,205,205,205,205,205,205,205,205,205,205,205,205,205,205,205,205,205,205,205,205,205,205,205,205,205,205,205,205,205,205,205,205,205,205,205,205,205,205,205,205,205,205
205,205,205,205,205,205,205,205,205,205,205,205,205,205,205,205,205,205,205,205,205,205,205,205,205,205,205,205,205,205,205,205,205,205,205,205,205,205,205,205,205,205,205,205,205,205,205,205,205,205,205,205,205,205,205,205,205,205,205,205,205,205,205,205,205,205,205,205,205,205,205,205,205,205,205,205,205,205,205,205,205,205,205,205,205,205,205,205,205,205,205,205,205,205,205,205,205,205,205,205,205,205,205,205,205,205,205,205,205,205,205,205,205,205,205,205,205,205,205,205,205,205,205,205,205,205,205,205,205,205,205,205,205,205,205,205,205,205,205,205,205,205,205,205,205,205,205,205,205,205,205,205,205,205,205,205,205,205,205,205,205,205,205,205,205,205,205,205,205,205,205,205,205,205,205,205,205,205,205,205,205,205,205,205,205,205,205,205,205,205,205,205,205,205,205,205,205,205,205,205,205,205,205,205,205,205,205,205,205,205,205,205,205,205,205,205,205,205,205,205,205,205,205,205,205,205,205,205,205,205,205,205,205,205,205,205,205,205,205,205,205,205,205,205,205,205,205,205,205,205,205,205,205,205,205,205
205,205,205,205,205,205,205,205,205,205,205,205,205,205,205,205,205,205,205,205,205,205,205,205,205,205,205,205,205,205,205,205,205,205,205,205,205,205,205,205,205,205,205,205,205,205,205,205,205,205,205,205,205,205,205,205,205,205,205,205,205,205,205,205,205,205,205,205,205,205,205,205,205,205,205,205,205,205,205,205,205,205,205,205,205,205,205,205,205,205,205,205,205,205,205,205,205,205,205,205,205,205,205,205,205,205,205,205,205,205,205,205,205,205,205,205,205,205,205,205,205,205,205,205,205,205,205,205,205,205,205,205,205,205,205,205,205,205,205,205,205,205,205,205,205,205,205,205,205,205,205,205,205,205,205,205,205,205,205,205,205,205,205,205,205,205,205,205,205,205,205,205,205,205,205,205,205,205,205,205,205,205,205,205,205,205,205,205,205,205,205,205,205,205,205,205,205,205,205,205,205,205,205,205,205,205,205,205,205,205,205,205,205,205,205,205,205,205,205,205,205,205,205,205,205,205,205,205,205,205,205,205,205,205,205,205,205,205,205,205,205,205,205,205,205,205,205,205,205,205,205,205,205,205,205,205
205,205,205,205,205,205,205,205,205,205,205,205,205,205,205,205,205,205,205,205,205,205,205,205,205,205,205,205,205,205,205,205,205,205,205,205,205,205,205,205,205,205,205,205,205,205,205,205,205,205,205,205,205,205,205,205,205,205,205,205,205,205,205,205,205,205,205,205,205,205,205,205,205,205,205,205,205,205,205,205,205,205,205,205,205,205,205,205,205,205,205,205,205,205,205,205,205,205,205,205,205,205,205,205,205,205,205,205,205,205,205,205,205,205,205,205,205,205,205,205,205,205,205,205,205,205,205,205,205,205,205,205,205,205,205,205,205,205,205,205,205,205,205,205,205,205,205,205,205,205,205,205,205,205,205,205,205,205,205,205,205,205,205,205,205,205,205,205,205,205,205,205,205,205,205,205,205,205,205,205,205,205,205,205,205,205,205,205,205,205,205,205,205,205,205,205,205,205,205,205,205,205,205,205,205,205,205,205,205,205,205,205,205,205,205,205,205,205,205,205,205,205,205,205,205,205,205,205,205,205,205,205,205,205,205,205,205,205,205,205,205,205,205,205,205,205,205,205,205,205,205,205,205,205,205,205
205,205,205,205,205,205,205,205,205,205,205,205,205,205,205,205,205,205,205,205,205,205,205,205,205,205,205,205,205,205,205,205,205,205,205,205,205,205,205,205,205,205,205,205,205,205,205,205,205,205,205,205,205,205,205,205,205,205,205,205,205,205,205,205,205,205,205,205,205,205,205,205,205,205,205,205,205,205,205,205,205,205,205,205,205,205,205,205,205,205,205,205,205,205,205,205,205,205,205,205,205,205,205,205,205,205,205,205,205,205,205,205,205,205,205,205,205,205,205,205,205,205,205,205,205,205,205,205,205,205,205,205,205,205,205,205,205,205,205,205,205,205,205,205,205,205,205,205,205,205,205,205,205,205,205,205,205,205,205,205,205,205,205,205,205,205,205,205,205,205,205,205,205,205,205,205,205,205,205,205,205,205,205,205,205,205,205,205,205,205,205,205,205,205,205,205,205,205,205,205,205,205,205,205,205,205,205,205,205,205,205,205,205,205,205,205,205,205,205,205,205,205,205,205,205,205,205,205,205,205,205,205,205,205,205,205,205,205,205,205,205,205,205,205,205,205,205,205,205,205,205,205,205,205,205,205
205,205,205,205,205,205,205,205,205,205,205,205,205,205,205,205,205,205,205,205,205,205,205,205,205,205,205,205,205,205,205,205,205,205,205,205,205,205,205,205,205,205,205,205,205,205,205,205,205,205,205,205,205,205,205,205,205,205,205,205,205,205,205,205,205,205,205,205,205,205,205,205,205,205,205,205,205,205,205,205,205,205,205,205,205,205,205,205,205,205,205,205,205,205,205,205,205,205,205,205,205,205,205,205,205,205,205,205,205,205,205,205,205,205,205,205,205,205,205,205,205,205,205,205,205,205,205,205,205,205,205,205,205,205,205,205,205,205,205,205,205,205,205,205,205,205,205,205,205,205,205,205,205,205,205,205,205,205,205,205,205,205,205,205,205,205,205,205,205,205,205,205,205,205,205,205,205,205,205,205,205,205,205,205,205,205,205,205,205,205,205,205,205,205,205,205,205,205,205,205,205,205,205,205,205,205,205,205,205,205,205,205,205,205,205,205,205,205,205,205,205,205,205,205,205,205,205,205,205,205,205,205,205,205,205,205,205,205,205,205,205,205,205,205,205,205,205,205,205,205,205,205,205,205,205,205
205,205,205,205,205,205,205,205,205,205,205,205,205,205,205,205,205,205,205,205,205,205,205,205,205,205,205,205,205,205,205,205,205,205,205,205,205,205,205,205,205,205,205,205,205,205,205,205,205,205,205,205,205,205,205,205,205,205,205,205,205,205,205,205,205,205,205,205,205,205,205,205,205,205,205,205,205,205,205,205,205,205,205,205,205,205,205,205,205,205,205,205,205,205,205,205,205,205,205,205,205,205,205,205,205,205,205,205,205,205,205,205,205,205,205,205,205,205,205,205,205,205,205,205,205,205,205,205,205,205,205,205,205,205,205,205,205,205,205,205,205,205,205,205,205,205,205,205,205,205,205,205,205,205,205,205,205,205,205,205,205,205,205,205,205,205,205,205,205,205,205,205,205,205,205,205,205,205,205,205,205,205,205,205,205,205,205,205,205,205,205,205,205,205,205,205,205,205,205,205,205,205,205,205,205,205,205,205,205,205,205,205,205,205,205,205,205,205,205,205,205,205,205,205,205,205,205,205,205,205,205,205,205,205,205,205,205,205,205,205,205,205,205,205,205,205,205,205,205,205,205,205,205,205,205,205
205,205,205,205,205,205,205,205,205,205,205,205,205,205,205,205,205,205,205,205,205,205,205,205,205,205,205,205,205,205,205,205,205,205,205,205,205,205,205,205,205,205,205,205,205,205,205,205,205,205,205,205,205,205,205,205,205,205,205,205,205,205,205,205,205,205,205,205,205,205,205,205,205,205,205,205,205,205,205,205,205,205,205,205,205,205,205,205,205,205,205,205,205,205,205,205,205,205,205,205,205,205,205,205,205,205,205,205,205,205,205,205,205,205,205,205,205,205,205,205,205,205,205,205,205,205,205,205,205,205,205,205,205,205,205,205,205,205,205,205,205,205,205,205,205,205,205,205,205,205,205,205,205,205,205,205,205,205,205,205,205,205,205,205,205,205,205,205,205,205,205,205,205,205,205,205,205,205,205,205,205,205,205,205,205,205,205,205,205,205,205,205,205,205,205,205,205,205,205,205,205,205,205,205,205,205,205,205,205,205,205,205,205,205,205,205,205,205,205,205,205,205,205,205,205,205,205,205,205,205,205,205,205,205,205,205,205,205,205,205,205,205,205,205,205,205,205,205,205,205,205,205,205,205,205,205
205,205,205,205,205,205,205,205,205,205,205,205,205,205,205,205,205,205,205,205,205,205,205,205,205,205,205,205,205,205,205,205,205,205,205,205,205,205,205,205,205,205,205,205,205,205,205,205,205,205,205,205,205,205,205,205,205,205,205,205,205,205,205,205,205,205,205,205,205,205,205,205,205,205,205,205,205,205,205,205,205,205,205,205,205,205,205,205,205,205,205,205,205,205,205,205,205,205,205,205,205,205,205,205,205,205,205,205,205,205,205,205,205,205,205,205,205,205,205,205,205,205,205,205,205,205,205,205,205,205,205,205,205,205,205,205,205,205,205,205,205,205,205,205,205,205,205,205,205,205,205,205,205,205,205,205,205,205,205,205,205,205,205,205,205,205,205,205,205,205,205,205,205,205,205,205,205,205,205,205,205,205,205,205,205,205,205,205,205,205,205,205,205,205,205,205,205,205,205,205,205,205,205,205,205,205,205,205,205,205,205,205,205,205,205,205,205,205,205,205,205,205,205,205,205,205,205,205,205,205,205,205,205,205,205,205,205,205,205,205,205,205,205,205,205,205,205,205,205,205,205,205,205,205,205,205
205,205,205,205,205,205,205,205,205,205,205,205,205,205,205,205,205,205,205,205,205,205,205,205,205,205,205,205,205,205,205,205,205,205,205,205,205,205,205,205,205,205,205,205,205,205,205,205,205,205,205,205,205,205,205,205,205,205,205,205,205,205,205,205,205,205,205,205,205,205,205,205,205,205,205,205,205,205,205,205,205,205,205,205,205,205,205,205,205,205,205,205,205,205,205,205,205,205,205,205,205,205,205,205,205,205,205,205,205,205,205,205,205,205,205,205,205,205,205,205,205,205,205,205,205,205,205,205,205,205,205,205,205,205,205,205,205,205,205,205,205,205,205,205,205,205,205,205,205,205,205,205,205,205,205,205,205,205,205,205,205,205,205,205,205,205,205,205,205,205,205,205,205,205,205,205,205,205,205,205,205,205,205,205,205,205,205,205,205,205,205,205,205,205,205,205,205,205,205,205,205,205,205,205,205,205,205,205,205,205,205,205,205,205,205,205,205,205,205,205,205,205,205,205,205,205,205,205,205,205,205,205,205,205,205,205,205,205,205,205,205,205,205,205,205,205,205,205,205,205,205,205,205,205,205,205
205,205,205,205,205,205,205,205,205,205,205,205,205,205,205,205,205,205,205,205,205,205,205,205,205,205,205,205,205,205,205,205,205,205,205,205,205,205,205,205,205,205,205,205,205,205,205,205,205,205,205,205,205,205,205,205,205,205,205,205,205,205,205,205,205,205,205,205,205,205,205,205,205,205,205,205,205,205,205,205,205,205,205,205,205,205,205,205,205,205,205,205,205,205,205,205,205,205,205,205,205,205,205,205,205,205,205,205,205,205,205,205,205,205,205,205,205,205,205,205,205,205,205,205,205,205,205,205,205,205,205,205,205,205,205,205,205,205,205,205,205,205,205,205,205,205,205,205,205,205,205,205,205,205,205,205,205,205,205,205,205,205,205,205,205,205,205,205,205,205,205,205,205,205,205,205,205,205,205,205,205,205,205,205,205,205,205,205,205,205,205,205,205,205,205,205,205,205,205,205,205,205,205,205,205,205,205,205,205,205,205,205,205,205,205,205,205,205,205,205,205,205,205,205,205,205,205,205,205,205,205,205,205,205,205,205,205,205,205,205,205,205,205,205,205,205,205,205,205,205,205,205,205,205,205,205
205,205,205,205,205,205,205,205,205,205,205,205,205,205,205,205,205,205,205,205,205,205,205,205,205,205,205,205,205,205,205,205,205,205,205,205,205,205,205,205,205,205,205,205,205,205,205,205,205,205,205,205,205,205,205,205,205,205,205,205,205,205,205,205,205,205,205,205,205,205,205,205,205,205,205,205,205,205,205,205,205,205,205,205,205,205,205,205,205,205,205,205,205,205,205,205,205,205,205,205,205,205,205,205,205,205,205,205,205,205,205,205,205,205,205,205,205,205,205,205,205,205,205,205,205,205,205,205,205,205,205,205,205,205,205,205,205,205,205,205,205,205,205,205,205,205,205,205,205,205,205,205,205,205,205,205,205,205,205,205,205,205,205,205,205,205,205,205,205,205,205,205,205,205,205,205,205,205,205,205,205,205,205,205,205,205,205,205,205,205,205,205,205,205,205,205,205,205,205,205,205,205,205,205,205,205,205,205,205,205,205,205,205,205,205,205,205,205,205,205,205,205,205,205,205,205,205,205,205,205,205,205,205,205,205,205,205,205,205,205,205,205,205,205,205,205,205,205,205,205,205,205,205,205,205,205
205,205,205,205,205,205,205,205,205,205,205,205,205,205,205,205,205,205,205,205,205,205,205,205,205,205,205,205,205,205,205,205,205,205,205,205,205,205,205,205,205,205,205,205,205,205,205,205,205,205,205,205,205,205,205,205,205,205,205,205,205,205,205,205,205,205,205,205,205,205,205,205,205,205,205,205,205,205,205,205,205,205,205,205,205,205,205,205,205,205,205,205,205,205,205,205,205,205,205,205,205,205,205,205,205,205,205,205,205,205,205,205,205,205,205,205,205,205,205,205,205,205,205,205,205,205,205,205,205,205,205,205,205,205,205,205,205,205,205,205,205,205,205,205,205,205,205,205,205,205,205,205,205,205,205,205,205,205,205,205,205,205,205,205,205,205,205,205,205,205,205,205,205,205,205,205,205,205,205,205,205,205,205,205,205,205,205,205,205,205,205,205,205,205,205,205,205,205,205,205,205,205,205,205,205,205,205,205,205,205,205,205,205,205,205,205,205,205,205,205,205,205,205,205,205,205,205,205,205,205,205,205,205,205,205,205,205,205,205,205,205,205,205,205,205,205,205,205,205,205,205,205,205,205,205,205
205,205,205,205,205,205,205,205,205,205,205,205,205,205,205,205,205,205,205,205,205,205,205,205,205,205,205,205,205,205,205,205,205,205,205,205,205,205,205,205,205,205,205,205,205,205,205,205,205,205,205,205,205,205,205,205,205,205,205,205,205,205,205,205,205,205,205,205,205,205,205,205,205,205,205,205,205,205,205,205,205,205,205,205,205,205,205,205,205,205,205,205,205,205,205,205,205,205,205,205,205,205,205,205,205,205,205,205,205,205,205,205,205,205,205,205,205,205,205,205,205,205,205,205,205,205,205,205,205,205,205,205,205,205,205,205,205,205,205,205,205,205,205,205,205,205,205,205,205,205,205,205,205,205,205,205,205,205,205,205,205,205,205,205,205,205,205,205,205,205,205,205,205,205,205,205,205,205,205,205,205,205,205,205,205,205,205,205,205,205,205,205,205,205,205,205,205,205,205,205,205,205,205,205,205,205,205,205,205,205,205,205,205,205,205,205,205,205,205,205,205,205,205,205,205,205,205,205,205,205,205,205,205,205,205,205,205,205,205,205,205,205,205,205,205,205,205,205,205,205,205,205,205,205,205,205
205,205,205,205,205,205,205,205,205,205,205,205,205,205,205,205,205,205,205,205,205,205,205,205,205,205,205,205,205,205,205,205,205,205,205,205,205,205,205,205,205,205,205,205,205,205,205,205,205,205,205,205,205,205,205,205,205,205,205,205,205,205,205,205,205,205,205,205,205,205,205,205,205,205,205,205,205,205,205,205,205,205,205,205,205,205,205,205,205,205,205,205,205,205,205,205,205,205,205,205,205,205,205,205,205,205,205,205,205,205,205,205,205,205,205,205,205,205,205,205,205,205,205,205,205,205,205,205,205,205,205,205,205,205,205,205,205,205,205,205,205,205,205,205,205,205,205,205,205,205,205,205,205,205,205,205,205,205,205,205,205,205,205,205,205,205,205,205,205,205,205,205,205,205,205,205,205,205,205,205,205,205,205,205,205,205,205,205,205,205,205,205,205,205,205,205,205,205,205,205,205,205,205,205,205,205,205,205,205,205,205,205,205,205,205,205,205,205,205,205,205,205,205,205,205,205,205,205,205,205,205,205,205,205,205,205,205,205,205,205,205,205,205,205,205,205,205,205,205,205,205,205,205,205,205,205
205,205,205,205,205,205,205,205,205,205,205,205,205,205,205,205,205,205,205,205,205,205,205,205,205,205,205,205,205,205,205,205,205,205,205,205,205,205,205,205,205,205,205,205,205,205,205,205,205,205,205,205,205,205,205,205,205,205,205,205,205,205,205,205,205,205,205,205,205,205,205,205,205,205,205,205,205,205,205,205,205,205,205,205,205,205,205,205,205,205,205,205,205,205,205,205,205,205,205,205,205,205,205,205,205,205,205,205,205,205,205,205,205,205,205,205,205,205,205,205,205,205,205,205,205,205,205,205,205,205,205,205,205,205,205,205,205,205,205,205,205,205,205,205,205,205,205,205,205,205,205,205,205,205,205,205,205,205,205,205,205,205,205,205,205,205,205,205,205,205,205,205,205,205,205,205,205,205,205,205,205,205,205,205,205,205,205,205,205,205,205,205,205,205,205,205,205,205,205,205,205,205,205,205,205,205,205,205,205,205,205,205,205,205,205,205,205,205,205,205,205,205,205,205,205,205,205,205,205,205,205,205,205,205,205,205,205,205,205,205,205,205,205,205,205,205,205,205,205,205,205,205,205,205,205,205
205,205,205,205,205,205,205,205,205,205,205,205,205,205,205,205,205,205,205,205,205,205,205,205,205,205,205,205,205,205,205,205,205,205,205,205,205,205,205,205,205,205,205,205,205,205,205,205,205,205,205,205,205,205,205,205,205,205,205,205,205,205,205,205,205,205,205,205,205,205,205,205,205,205,205,205,205,205,205,205,205,205,205,205,205,205,205,205,205,205,205,205,205,205,205,205,205,205,205,205,205,205,205,205,205,205,205,205,205,205,205,205,205,205,205,205,205,205,205,205,205,205,205,205,205,205,205,205,205,205,205,205,205,205,205,205,205,205,205,205,205,205,205,205,205,205,205,205,205,205,205,205,205,205,205,205,205,205,205,205,205,205,205,205,205,205,205,205,205,205,205,205,205,205,205,205,205,205,205,205,205,205,205,205,205,205,205,205,205,205,205,205,205,205,205,205,205,205,205,205,205,205,205,205,205,205,205,205,205,205,205,205,205,205,205,205,205,205,205,205,205,205,205,205,205,205,205,205,205,205,205,205,205,205,205,205,205,205,205,205,205,205,205,205,205,205,205,205,205,205,205,205,205,205,205,205
205,205,205,205,205,205,205,205,205,205,205,205,205,205,205,205,205,205,205,205,205,205,205,205,205,205,205,205,205,205,205,205,205,205,205,205,205,205,205,205,205,205,205,205,205,205,205,205,205,205,205,205,205,205,205,205,205,205,205,205,205,205,205,205,205,205,205,205,205,205,205,205,205,205,205,205,205,205,205,205,205,205,205,205,205,205,205,205,205,205,205,205,205,205,205,205,205,205,205,205,205,205,205,205,205,205,205,205,205,205,205,205,205,205,205,205,205,205,205,205,205,205,205,205,205,205,205,205,205,205,205,205,205,205,205,205,205,205,205,205,205,205,205,205,205,205,205,205,205,205,205,205,205,205,205,205,205,205,205,205,205,205,205,205,205,205,205,205,205,205,205,205,205,205,205,205,205,205,205,205,205,205,205,205,205,205,205,205,205,205,205,205,205,205,205,205,205,205,205,205,205,205,205,205,205,205,205,205,205,205,205,205,205,205,205,205,205,205,205,205,205,205,205,205,205,205,205,205,205,205,205,205,205,205,205,205,205,205,205,205,205,205,205,205,205,205,205,205,205,205,205,205,205,205,205,205
205,205,205,205,205,205,205,205,205,205,205,205,205,205,205,205,205,205,205,205,205,205,205,205,205,205,205,205,205,205,205,205,205,205,205,205,205,205,205,205,205,205,205,205,205,205,205,205,205,205,205,205,205,205,205,205,205,205,205,205,205,205,205,205,205,205,205,205,205,205,205,205,205,205,205,205,205,205,205,205,205,205,205,205,205,205,205,205,205,205,205,205,205,205,205,205,205,205,205,205,205,205,205,205,205,205,205,205,205,205,205,205,205,205,205,205,205,205,205,205,205,205,205,205,205,205,205,205,205,205,205,205,205,205,205,205,205,205,205,205,205,205,205,205,205,205,205,205,205,205,205,205,205,205,205,205,205,205,205,205,205,205,205,205,205,205,205,205,205,205,205,205,205,205,205,205,205,205,205,205,205,205,205,205,205,205,205,205,205,205,205,205,205,205,205,205,205,205,205,205,205,205,205,205,205,205,205,205,205,205,205,205,205,205,205,205,205,205,205,205,205,205,205,205,205,205,205,205,205,205,205,205,205,205,205,205,205,205,205,205,205,205,205,205,205,205,205,205,205,205,205,205,205,205,205,205
205,205,205,205,205,205,205,205,205,205,205,205,205,205,205,205,205,205,205,205,205,205,205,205,205,205,205,205,205,205,205,205,205,205,205,205,205,205,205,205,205,205,205,205,205,205,205,205,205,205,205,205,205,205,205,205,205,205,205,205,205,205,205,205,205,205,205,205,205,205,205,205,205,205,205,205,205,205,205,205,205,205,205,205,205,205,205,205,205,205,205,205,205,205,205,205,205,205,205,205,205,205,205,205,205,205,205,205,205,205,205,205,205,205,205,205,205,205,205,205,205,205,205,205,205,205,205,205,205,205,205,205,205,205,205,205,205,205,205,205,205,205,205,205,205,205,205,205,205,205,205,205,205,205,205,205,205,205,205,205,205,205,205,205,205,205,205,205,205,205,205,205,205,205,205,205,205,205,205,205,205,205,205,205,205,205,205,205,205,205,205,205,205,205,205,205,205,205,205,205,205,205,205,205,205,205,205,205,205,205,205,205,205,205,205,205,205,205,205,205,205,205,205,205,205,205,205,205,205,205,205,205,205,205,205,205,205,205,205,205,205,205,205,205,205,205,205,205,205,205,205,205,205,205,205,205
205,205,205,205,205,205,205,205,205,205,205,205,205,205,205,205,205,205,205,205,205,205,205,205,205,205,205,205,205,205,205,205,205,205,205,205,205,205,205,205,205,205,205,205,205,205,205,205,205,205,205,205,205,205,205,205,205,205,205,205,205,205,205,205,205,205,205,205,205,205,205,205,205,205,205,205,205,205,205,205,205,205,205,205,205,205,205,205,205,205,205,205,205,205,205,205,205,205,205,205,205,205,205,205,205,205,205,205,205,205,205,205,205,205,205,205,205,205,205,205,205,205,205,205,205,205,205,205,205,205,205,205,205,205,205,205,205,205,205,205,205,205,205,205,205,205,205,205,205,205,205,205,205,205,205,205,205,205,205,205,205,205,205,205,205,205,205,205,205,205,205,205,205,205,205,205,205,205,205,205,205,205,205,205,205,205,205,205,205,205,205,205,205,205,205,205,205,205,205,205,205,205,205,205,205,205,205,205,205,205,205,205,205,205,205,205,205,205,205,205,205,205,205,205,205,205,205,205,205,205,205,205,205,205,205,205,205,205,205,205,205,205,205,205,205,205,205,205,205,205,205,205,205,205,205,205
205,205,205,205,205,205,205,205,205,205,205,205,205,205,205,205,205,205,205,205,205,205,205,205,205,205,205,205,205,205,205,205,205,205,205,205,205,205,205,205,205,205,205,205,205,205,205,205,205,205,205,205,205,205,205,205,205,205,205,205,205,205,205,205,205,205,205,205,205,205,205,205,205,205,205,205,205,205,205,205,205,205,205,205,205,205,205,205,205,205,205,205,205,205,205,205,205,205,205,205,205,205,205,205,205,205,205,205,205,205,205,205,205,205,205,205,205,205,205,205,205,205,205,205,205,205,205,205,205,205,205,205,205,205,205,205,205,205,205,205,205,205,205,205,205,205,205,205,205,205,205,205,205,205,205,205,205,205,205,205,205,205,205,205,205,205,205,205,205,205,205,205,205,205,205,205,205,205,205,205,205,205,205,205,205,205,205,205,205,205,205,205,205,205,205,205,205,205,205,205,205,205,205,205,205,205,205,205,205,205,205,205,205,205,205,205,205,205,205,205,205,205,205,205,205,205,205,205,205,205,205,205,205,205,205,205,205,205,205,205,205,205,205,205,205,205,205,205,205,205,205,205,205,205,205,205
205,205,205,205,205,205,205,205,205,205,205,205,205,205,205,205,205,205,205,205,205,205,205,205,205,205,205,205,205,205,205,205,205,205,205,205,205,205,205,205,205,205,205,205,205,205,205,205,205,205,205,205,205,205,205,205,205,205,205,205,205,205,205,205,205,205,205,205,205,205,205,205,205,205,205,205,205,205,205,205,205,205,205,205,205,205,205,205,205,205,205,205,205,205,205,205,205,205,205,205,205,205,205,205,205,205,205,205,205,205,205,205,205,205,205,205,205,205,205,205,205,205,205,205,205,205,205,205,205,205,205,205,205,205,205,205,205,205,205,205,205,205,205,205,205,205,205,205,205,205,205,205,205,205,205,205,205,205,205,205,205,205,205,205,205,205,205,205,205,205,205,205,205,205,205,205,205,205,205,205,205,205,205,205,205,205,205,205,205,205,205,205,205,205,205,205,205,205,205,205,205,205,205,205,205,205,205,205,205,205,205,205,205,205,205,205,205,205,205,205,205,205,205,205,205,205,205,205,205,205,205,205,205,205,205,205,205,205,205,205,205,205,205,205,205,205,205,205,205,205,205,205,205,205,205,205
205,205,205,205,205,205,205,205,205,205,205,205,205,205,205,205,205,205,205,205,205,205,205,205,205,205,205,205,205,205,205,205,205,205,205,205,205,205,205,205,205,205,205,205,205,205,205,205,205,205,205,205,205,205,205,205,205,205,205,205,205,205,205,205,205,205,205,205,205,205,205,205,205,205,205,205,205,205,205,205,205,205,205,205,205,205,205,205,205,205,205,205,205,205,205,205,205,205,205,205,205,205,205,205,205,205,205,205,205,205,205,205,205,205,205,205,205,205,205,205,205,205,205,205,205,205,205,205,205,205,205,205,205,205,205,205,205,205,205,205,205,205,205,205,205,205,205,205,205,205,205,205,205,205,205,205,205,205,205,205,205,205,205,205,205,205,205,205,205,205,205,205,205,205,205,205,205,205,205,205,205,205,205,205,205,205,205,205,205,205,205,205,205,205,205,205,205,205,205,205,205,205,205,205,205,205,205,205,205,205,205,205,205,205,205,205,205,205,205,205,205,205,205,205,205,205,205,205,205,205,205,205,205,205,205,205,205,205,205,205,205,205,205,205,205,205,205,205,205,205,205,205,205,205,205,205
205,205,205,205,205,205,205,205,205,205,205,205,205,205,205,205,205,205,205,205,205,205,205,205,205,205,205,205,205,205,205,205,205,205,205,205,205,205,205,205,205,205,205,205,205,205,205,205,205,205,205,205,205,205,205,205,205,205,205,205,205,205,205,205,205,205,205,205,205,205,205,205,205,205,205,205,205,205,205,205,205,205,205,205,205,205,205,205,205,205,205,205,205,205,205,205,205,205,205,205,205,205,205,205,205,205,205,205,205,205,205,205,205,205,205,205,205,205,205,205,205,205,205,205,205,205,205,205,205,205,205,205,205,205,205,205,205,205,205,205,205,205,205,205,205,205,205,205,205,205,205,205,205,205,205,205,205,205,205,205,205,205,205,205,205,205,205,205,205,205,205,205,205,205,205,205,205,205,205,205,205,205,205,205,205,205,205,205,205,205,205,205,205,205,205,205,205,205,205,205,205,205,205,205,205,205,205,205,205,205,205,205,205,205,205,205,205,205,205,205,205,205,205,205,205,205,205,205,205,205,205,205,205,205,205,205,205,205,205,205,205,205,205,205,205,205,205,205,205,205,205,205,205,205,205,205
205,205,205,205,205,205,205,205,205,205,205,205,205,205,205,205,205,205,205,205,205,205,205,205,205,205,205,205,205,205,205,205,205,205,205,205,205,205,205,205,205,205,205,205,205,205,205,205,205,205,205,205,205,205,205,205,205,205,205,205,205,205,205,205,205,205,205,205,205,205,205,205,205,205,205,205,205,205,205,205,205,205,205,205,205,205,205,205,205,205,205,205,205,205,205,205,205,205,205,205,205,205,205,205,205,205,205,205,205,205,205,205,205,205,205,205,205,205,205,205,205,205,205,205,205,205,205,205,205,205,205,205,205,205,205,205,205,205,205,205,205,205,205,205,205,205,205,205,205,205,205,205,205,205,205,205,205,205,205,205,205,205,205,205,205,205,205,205,205,205,205,205,205,205,205,205,205,205,205,205,205,205,205,205,205,205,205,205,205,205,205,205,205,205,205,205,205,205,205,205,205,205,205,205,205,205,205,205,205,205,205,205,205,205,205,205,205,205,205,205,205,205,205,205,205,205,205,205,205,205,205,205,205,205,205,205,205,205,205,205,205,205,205,205,205,205,205,205,205,205,205,205,205,205,205,205
205,205,205,205,205,205,205,205,205,205,205,205,205,205,205,205,205,205,205,205,205,205,205,205,205,205,205,205,205,205,205,205,205,205,205,205,205,205,205,205,205,205,205,205,205,205,205,205,205,205,205,205,205,205,205,205,205,205,205,205,205,205,205,205,205,205,205,205,205,205,205,205,205,205,205,205,205,205,205,205,205,205,205,205,205,205,205,205,205,205,205,205,205,205,205,205,205,205,205,205,205,205,205,205,205,205,205,205,205,205,205,205,205,205,205,205,205,205,205,205,205,205,205,205,205,205,205,205,205,205,205,205,205,205,205,205,205,205,205,205,205,205,205,205,205,205,205,205,205,205,205,205,205,205,205,205,205,205,205,205,205,205,205,205,205,205,205,205,205,205,205,205,205,205,205,205,205,205,205,205,205,205,205,205,205,205,205,205,205,205,205,205,205,205,205,205,205,205,205,205,205,205,205,205,205,205,205,205,205,205,205,205,205,205,205,205,205,205,205,205,205,205,205,205,205,205,205,205,205,205,205,205,205,205,205,205,205,205,205,205,205,205,205,205,205,205,205,205,205,205,205,205,205,205,205,205
205,205,205,205,205,205,205,205,205,205,205,205,205,205,205,205,205,205,205,205,205,205,205,205,205,205,205,205,205,205,205,205,205,205,205,205,205,205,205,205,205,205,205,205,205,205,205,205,205,205,205,205,205,205,205,205,205,205,205,205,205,205,205,205,205,205,205,205,205,205,205,205,205,205,205,205,205,205,205,205,205,205,205,205,205,205,205,205,205,205,205,205,205,205,205,205,205,205,205,205,205,205,205,205,205,205,205,205,205,205,205,205,205,205,205,205,205,205,205,205,205,205,205,205,205,205,205,205,205,205,205,205,205,205,205,205,205,205,205,205,205,205,205,205,205,205,205,205,205,205,205,205,205,205,205,205,205,205,205,205,205,205,205,205,205,205,205,205,205,205,205,205,205,205,205,205,205,205,205,205,205,205,205,205,205,205,205,205,205,205,205,205,205,205,205,205,205,205,205,205,205,205,205,205,205,205,205,205,205,205,205,205,205,205,205,205,205,205,205,205,205,205,205,205,205,205,205,205,205,205,205,205,205,205,205,205,205,205,205,205,205,205,205,205,205,205,205,205,205,205,205,205,205,205,205,205
205,205,205,205,205,205,205,205,205,205,205,205,205,205,205,205,205,205,205,205,205,205,205,205,205,205,205,205,205,205,205,205,205,205,205,205,205,205,205,205,205,205,205,205,205,205,205,205,205,205,205,205,205,205,205,205,205,205,205,205,205,205,205,205,205,205,205,205,205,205,205,205,205,205,205,205,205,205,205,205,205,205,205,205,205,205,205,205,205,205,205,205,205,205,205,205,205,205,205,205,205,205,205,205,205,205,205,205,205,205,205,205,205,205,205,205,205,205,205,205,205,205,205,205,205,205,205,205,205,205,205,205,205,205,205,205,205,205,205,205,205,205,205,205,205,205,205,205,205,205,205,205,205,205,205,205,205,205,205,205,205,205,205,205,205,205,205,205,205,205,205,205,205,205,205,205,205,205,205,205,205,205,205,205,205,205,205,205,205,205,205,205,205,205,205,205,205,205,205,205,205,205,205,205,205,205,205,205,205,205,205,205,205,205,205,205,205,205,205,205,205,205,205,205,205,205,205,205,205,205,205,205,205,205,205,205,205,205,205,205,205,205,205,205,205,205,205,205,205,205,205,205,205,205,205,205
205,205,205,205,205,205,205,205,205,205,205,205,205,205,205,205,205,205,205,205,205,205,205,205,205,205,205,205,205,205,205,205,205,205,205,205,205,205,205,205,205,205,205,205,205,205,205,205,205,205,205,205,205,205,205,205,205,205,205,205,205,205,205,205,205,205,205,205,205,205,205,205,205,205,205,205,205,205,205,205,205,205,205,205,205,205,205,205,205,205,205,205,205,205,205,205,205,205,205,205,205,205,205,205,205,205,205,205,205,205,205,205,205,205,205,205,205,205,205,205,205,205,205,205,205,205,205,205,205,205,205,205,205,205,205,205,205,205,205,205,205,205,205,205,205,205,205,205,205,205,205,205,205,205,205,205,205,205,205,205,205,205,205,205,205,205,205,205,205,205,205,205,205,205,205,205,205,205,205,205,205,205,205,205,205,205,205,205,205,205,205,205,205,205,205,205,205,205,205,205,205,205,205,205,205,205,205,205,205,205,205,205,205,205,205,205,205,205,205,205,205,205,205,205,205,205,205,205,205,205,205,205,205,205,205,205,205,205,205,205,205,205,205,205,205,205,205,205,205,205,205,205,205,205,205,205
205,205,205,205,205,205,205,205,205,205,205,205,205,205,205,205,205,205,205,205,205,205,205,205,205,205,205,205,205,205,205,205,205,205,205,205,205,205,205,205,205,205,205,205,205,205,205,205,205,205,205,205,205,205,205,205,205,205,205,205,205,205,205,205,205,205,205,205,205,205,205,205,205,205,205,205,205,205,205,205,205,205,205,205,205,205,205,205,205,205,205,205,205,205,205,205,205,205,205,205,205,205,205,205,205,205,205,205,205,205,205,205,205,205,205,205,205,205,205,205,205,205,205,205,205,205,205,205,205,205,205,205,205,205,205,205,205,205,205,205,205,205,205,205,205,205,205,205,205,205,205,205,205,205,205,205,205,205,205,205,205,205,205,205,205,205,205,205,205,205,205,205,205,205,205,205,205,205,205,205,205,205,205,205,205,205,205,205,205,205,205,205,205,205,205,205,205,205,205,205,205,205,205,205,205,205,205,205,205,205,205,205,205,205,205,205,205,205,205,205,205,205,205,205,205,205,205,205,205,205,205,205,205,205,205,205,205,205,205,205,205,205,205,205,205,205,205,205,205,205,205,205,205,205,205,205
205,205,205,205,205,205,205,205,205,205,205,205,205,205,205,205,205,205,205,205,205,205,205,205,205,205,205,205,205,205,205,205,205,205,205,205,205,205,205,205,205,205,205,205,205,205,205,205,205,205,205,205,205,205,205,205,205,205,205,205,205,205,205,205,205,205,205,205,205,205,205,205,205,205,205,205,205,205,205,205,205,205,205,205,205,205,205,205,205,205,205,205,205,205,205,205,205,205,205,205,205,205,205,205,205,205,205,205,205,205,205,205,205,205,205,205,205,205,205,205,205,205,205,205,205,205,205,205,205,205,205,205,205,205,205,205,205,205,205,205,205,205,205,205,205,205,205,205,205,205,205,205,205,205,205,205,205,205,205,205,205,205,205,205,205,205,205,205,205,205,205,205,205,205,205,205,205,205,205,205,205,205,205,205,205,205,205,205,205,205,205,205,205,205,205,205,205,205,205,205,205,205,205,205,205,205,205,205,205,205,205,205,205,205,205,205,205,205,205,205,205,205,205,205,205,205,205,205,205,205,205,205,205,205,205,205,205,205,205,205,205,205,205,205,205,205,205,205,205,205,205,205,205,205,205,205
205,205,205,205,205,205,205,205,205,205,205,205,205,205,205,205,205,205,205,205,205,205,205,205,205,205,205,205,205,205,205,205,205,205,205,205,205,205,205,205,205,205,205,205,205,205,205,205,205,205,205,205,205,205,205,205,205,205,205,205,205,205,205,205,205,205,205,205,205,205,205,205,205,205,205,205,205,205,205,205,205,205,205,205,205,205,205,205,205,205,205,205,205,205,205,205,205,205,205,205,205,205,205,205,205,205,205,205,205,205,205,205,205,205,205,205,205,205,205,205,205,205,205,205,205,205,205,205,205,205,205,205,205,205,205,205,205,205,205,205,205,205,205,205,205,205,205,205,205,205,205,205,205,205,205,205,205,205,205,205,205,205,205,205,205,205,205,205,205,205,205,205,205,205,205,205,205,205,205,205,205,205,205,205,205,205,205,205,205,205,205,205,205,205,205,205,205,205,205,205,205,205,205,205,205,205,205,205,205,205,205,205,205,205,205,205,205,205,205,205,205,205,205,205,205,205,205,205,205,205,205,205,205,205,205,205,205,205,205,205,205,205,205,205,205,205,205,205,205,205,205,205,205,205,205,205
205,205,205,205,205,205,205,205,205,205,205,205,205,205,205,205,205,205,205,205,205,205,205,205,205,205,205,205,205,205,205,205,205,205,205,205,205,205,205,205,205,205,205,205,205,205,205,205,205,205,205,205,205,205,205,205,205,205,205,205,205,205,205,205,205,205,205,205,205,205,205,205,205,205,205,205,205,205,205,205,205,205,205,205,205,205,205,205,205,205,205,205,205,205,205,205,205,205,205,205,205,205,205,205,205,205,205,205,205,205,205,205,205,205,205,205,205,205,205,205,205,205,205,205,205,205,205,205,205,205,205,205,205,205,205,205,205,205,205,205,205,205,205,205,205,205,205,205,205,205,205,205,205,205,205,205,205,205,205,205,205,205,205,205,205,205,205,205,205,205,205,205,205,205,205,205,205,205,205,205,205,205,205,205,205,205,205,205,205,205,205,205,205,205,205,205,205,205,205,205,205,205,205,205,205,205,205,205,205,205,205,205,205,205,205,205,205,205,205,205,205,205,205,205,205,205,205,205,205,205,205,205,205,205,205,205,205,205,205,205,205,205,205,205,205,205,205,205,205,205,205,205,205,205,205,205
205,205,205,205,205,205,205,205,205,205,205,205,205,205,205,205,205,205,205,205,205,205,205,205,205,205,205,205,205,205,205,205,205,205,205,205,205,205,205,205,205,205,205,205,205,205,205,205,205,205,205,205,205,205,205,205,205,205,205,205,205,205,205,205,205,205,205,205,205,205,205,205,205,205,205,205,205,205,205,205,205,205,205,205,205,205,205,205,205,205,205,205,205,205,205,205,205,205,205,205,205,205,205,205,205,205,205,205,205,205,205,205,205,205,205,205,205,205,205,205,205,205,205,205,205,205,205,205,205,205,205,205,205,205,205,205,205,205,205,205,205,205,205,205,205,205,205,205,205,205,205,205,205,205,205,205,205,205,205,205,205,205,205,205,205,205,205,205,205,205,205,205,205,205,205,205,205,205,205,205,205,205,205,205,205,205,205,205,205,205,205,205,205,205,205,205,205,205,205,205,205,205,205,205,205,205,205,205,205,205,205,205,205,205,205,205,205,205,205,205,205,205,205,205,205,205,205,205,205,205,205,205,205,205,205,205,205,205,205,205,205,205,205,205,205,205,205,205,205,205,205,205,205,205,205,205
205,205,205,205,205,205,205,205,205,205,205,205,205,205,205,205,205,205,205,205,205,205,205,205,205,205,205,205,205,205,205,205,205,205,205,205,205,205,205,205,205,205,205,205,205,205,205,205,205,205,205,205,205,205,205,205,205,205,205,205,205,205,205,205,205,205,205,205,205,205,205,205,205,205,205,205,205,205,205,205,205,205,205,205,205,205,205,205,205,205,205,205,205,205,205,205,205,205,205,205,205,205,205,205,205,205,205,205,205,205,205,205,205,205,205,205,205,205,205,205,205,205,205,205,205,205,205,205,205,205,205,205,205,205,205,205,205,205,205,205,205,205,205,205,205,205,205,205,205,205,205,205,205,205,205,205,205,205,205,205,205,205,205,205,205,205,205,205,205,205,205,205,205,205,205,205,205,205,205,205,205,205,205,205,205,205,205,205,205,205,205,205,205,205,205,205,205,205,205,205,205,205,205,205,205,205,205,205,205,205,205,205,205,205,205,205,205,205,205,205,205,205,205,205,205,205,205,205,205,205,205,205,205,205,205,205,205,205,205,205,205,205,205,205,205,205,205,205,205,205,205,205,205,205,205,205
205,205,205,205,205,205,205,205,205,205,205,205,205,205,205,205,205,205,205,205,205,205,205,205,205,205,205,205,205,205,205,205,205,205,205,205,205,205,205,205,205,205,205,205,205,205,205,205,205,205,205,205,205,205,205,205,205,205,205,205,205,205,205,205,205,205,205,205,205,205,205,205,205,205,205,205,205,205,205,205,205,205,205,205,205,205,205,205,205,205,205,205,205,205,205,205,205,205,205,205,205,205,205,205,205,205,205,205,205,205,205,205,205,205,205,205,205,205,205,205,205,205,205,205,205,205,205,205,205,205,205,205,205,205,205,205,205,205,205,205,205,205,205,205,205,205,205,205,205,205,205,205,205,205,205,205,205,205,205,205,205,205,205,205,205,205,205,205,205,205,205,205,205,205,205,205,205,205,205,205,205,205,205,205,205,205,205,205,205,205,205,205,205,205,205,205,205,205,205,205,205,205,205,205,205,205,205,205,205,205,205,205,205,205,205,205,205,205,205,205,205,205,205,205,205,205,205,205,205,205,205,205,205,205,205,205,205,205,205,205,205,205,205,205,205,205,205,205,205,205,205,205,205,205,205,205
205,205,205,205,205,205,205,205,205,205,205,205,205,205,205,205,205,205,205,205,205,205,205,205,205,205,205,205,205,205,205,205,205,205,205,205,205,205,205,205,205,205,205,205,205,205,205,205,205,205,205,205,205,205,205,205,205,205,205,205,205,205,205,205,205,205,205,205,205,205,205,205,205,205,205,205,205,205,205,205,205,205,205,205,205,205,205,205,205,205,205,205,205,205,205,205,205,205,205,205,205,205,205,205,205,205,205,205,205,205,205,205,205,205,205,205,205,205,205,205,205,205,205,205,205,205,205,205,205,205,205,205,205,205,205,205,205,205,205,205,205,205,205,205,205,205,205,205,205,205,205,205,205,205,205,205,205,205,205,205,205,205,205,205,205,205,205,205,205,205,205,205,205,205,205,205,205,205,205,205,205,205,205,205,205,205,205,205,205,205,205,205,205,205,205,205,205,205,205,205,205,205,205,205,205,205,205,205,205,205,205,205,205,205,205,205,205,205,205,205,205,205,205,205,205,205,205,205,205,205,205,205,205,205,205,205,205,205,205,205,205,205,205,205,205,205,205,205,205,205,205,205,205,205,205,205
205,205,205,205,205,205,205,205,205,205,205,205,205,205,205,205,205,205,205,205,205,205,205,205,205,205,205,205,205,205,205,205,205,205,205,205,205,205,205,205,205,205,205,205,205,205,205,205,205,205,205,205,205,205,205,205,205,205,205,205,205,205,205,205,205,205,205,205,205,205,205,205,205,205,205,205,205,205,205,205,205,205,205,205,205,205,205,205,205,205,205,205,205,205,205,205,205,205,205,205,205,205,205,205,205,205,205,205,205,205,205,205,205,205,205,205,205,205,205,205,205,205,205,205,205,205,205,205,205,205,205,205,205,205,205,205,205,205,205,205,205,205,205,205,205,205,205,205,205,205,205,205,205,205,205,205,205,205,205,205,205,205,205,205,205,205,205,205,205,205,205,205,205,205,205,205,205,205,205,205,205,205,205,205,205,205,205,205,205,205,205,205,205,205,205,205,205,205,205,205,205,205,205,205,205,205,205,205,205,205,205,205,205,205,205,205,205,205,205,205,205,205,205,205,205,205,205,205,205,205,205,205,205,205,205,205,205,205,205,205,205,205,205,205,205,205,205,205,205,205,205,205,205,205,205,205
205,205,205,205,205,205,205,205,205,205,205,205,205,205,205,205,205,205,205,205,205,205,205,205,205,205,205,205,205,205,205,205,205,205,205,205,205,205,205,205,205,205,205,205,205,205,205,205,205,205,205,205,205,205,205,205,205,205,205,205,205,205,205,205,205,205,205,205,205,205,205,205,205,205,205,205,205,205,205,205,205,205,205,205,205,205,205,205,205,205,205,205,205,205,205,205,205,205,205,205,205,205,205,205,205,205,205,205,205,205,205,205,205,205,205,205,205,205,205,205,205,205,205,205,205,205,205,205,205,205,205,205,205,205,205,205,205,205,205,205,205,205,205,205,205,205,205,205,205,205,205,205,205,205,205,205,205,205,205,205,205,205,205,205,205,205,205,205,205,205,205,205,205,205,205,205,205,205,205,205,205,205,205,205,205,205,205,205,205,205,205,205,205,205,205,205,205,205,205,205,205,205,205,205,205,205,205,205,205,205,205,205,205,205,205,205,205,205,205,205,205,205,205,205,205,205,205,205,205,205,205,205,205,205,205,205,205,205,205,205,205,205,205,205,205,205,205,205,205,205,205,205,205,205,205,205
205,205,205,205,205,205,205,205,205,205,205,205,205,205,205,205,205,205,205,205,205,205,205,205,205,205,205,205,205,205,205,205,205,205,205,205,205,205,205,205,205,205,205,205,205,205,205,205,205,205,205,205,205,205,205,205,205,205,205,205,205,205,205,205,205,205,205,205,205,205,205,205,205,205,205,205,205,205,205,205,205,205,205,205,205,205,205,205,205,205,205,205,205,205,205,205,205,205,205,205,205,205,205,205,205,205,205,205,205,205,205,205,205,205,205,205,205,205,205,205,205,205,205,205,205,205,205,205,205,205,205,205,205,205,205,205,205,205,205,205,205,205,205,205,205,205,205,205,205,205,205,205,205,205,205,205,205,205,205,205,205,205,205,205,205,205,205,205,205,205,205,205,205,205,205,205,205,205,205,205,205,205,205,205,205,205,205,205,205,205,205,205,205,205,205,205,205,205,205,205,205,205,205,205,205,205,205,205,205,205,205,205,205,205,205,205,205,205,205,205,205,205,205,205,205,205,205,205,205,205,205,205,205,205,205,205,205,205,205,205,205,205,205,205,205,205,205,205,205,205,205,205,205,205,205,205
205,205,205,205,205,205,205,205,205,205,205,205,205,205,205,205,205,205,205,205,205,205,205,205,205,205,205,205,205,205,205,205,205,205,205,205,205,205,205,205,205,205,205,205,205,205,205,205,205,205,205,205,205,205,205,205,205,205,205,205,205,205,205,205,205,205,205,205,205,205,205,205,205,205,205,205,205,205,205,205,205,205,205,205,205,205,205,205,205,205,205,205,205,205,205,205,205,205,205,205,205,205,205,205,205,205,205,205,205,205,205,205,205,205,205,205,205,205,205,205,205,205,205,205,205,205,205,205,205,205,205,205,205,205,205,205,205,205,205,205,205,205,205,205,205,205,205,205,205,205,205,205,205,205,205,205,205,205,205,205,205,205,205,205,205,205,205,205,205,205,205,205,205,205,205,205,205,205,205,205,205,205,205,205,205,205,205,205,205,205,205,205,205,205,205,205,205,205,205,205,205,205,205,205,205,205,205,205,205,205,205,205,205,205,205,205,205,205,205,205,205,205,205,205,205,205,205,205,205,205,205,205,205,205,205,205,205,205,205,205,205,205,205,205,205,205,205,205,205,205,205,205,205,205,205,205
205,205,205,205,205,205,205,205,205,205,205,205,205,205,205,205,205,205,205,205,205,205,205,205,205,205,205,205,205,205,205,205,205,205,205,205,205,205,205,205,205,205,205,205,205,205,205,205,205,205,205,205,205,205,205,205,205,205,205,205,205,205,205,205,205,205,205,205,205,205,205,205,205,205,205,205,205,205,205,205,205,205,205,205,205,205,205,205,205,205,205,205,205,205,205,205,205,205,205,205,205,205,205,205,205,205,205,205,205,205,205,205,205,205,205,205,205,205,205,205,205,205,205,205,205,205,205,205,205,205,205,205,205,205,205,205,205,205,205,205,205,205,205,205,205,205,205,205,205,205,205,205,205,205,205,205,205,205,205,205,205,205,205,205,205,205,205,205,205,205,205,205,205,205,205,205,205,205,205,205,205,205,205,205,205,205,205,205,205,205,205,205,205,205,205,205,205,205,205,205,205,205,205,205,205,205,205,205,205,205,205,205,205,205,205,205,205,205,205,205,205,205,205,205,205,205,205,205,205,205,205,205,205,205,205,205,205,205,205,205,205,205,205,205,205,205,205,205,205,205,205,205,205,205,205,205
205,205,205,205,205,205,205,205,205,205,205,205,205,205,205,205,205,205,205,205,205,205,205,205,205,205,205,205,205,205,205,205,205,205,205,205,205,205,205,205,205,205,205,205,205,205,205,205,205,205,205,205,205,205,205,205,205,205,205,205,205,205,205,205,205,205,205,205,205,205,205,205,205,205,205,205,205,205,205,205,205,205,205,205,205,205,205,205,205,205,205,205,205,205,205,205,205,205,205,205,205,205,205,205,205,205,205,205,205,205,205,205,205,205,205,205,205,205,205,205,205,205,205,205,205,205,205,205,205,205,205,205,205,205,205,205,205,205,205,205,205,205,205,205,205,205,205,205,205,205,205,205,205,205,205,205,205,205,205,205,205,205,205,205,205,205,205,205,205,205,205,205,205,205,205,205,205,205,205,205,205,205,205,205,205,205,205,205,205,205,205,205,205,205,205,205,205,205,205,205,205,205,205,205,205,205,205,205,205,205,205,205,205,205,205,205,205,205,205,205,205,205,205,205,205,205,205,205,205,205,205,205,205,205,205,205,205,205,205,205,205,205,205,205,205,205,205,205,205,205,205,205,205,205,205,205
205,205,205,205,205,205,205,205,205,205,205,205,205,205,205,205,205,205,205,205,205,205,205,205,205,205,205,205,205,205,205,205,205,205,205,205,205,205,205,205,205,205,205,205,205,205,205,205,205,205,205,205,205,205,205,205,205,205,205,205,205,205,205,205,205,205,205,205,205,205,205,205,205,205,205,205,205,205,205,205,205,205,205,205,205,205,205,205,205,205,205,205,205,205,205,205,205,205,205,205,205,205,205,205,205,205,205,205,205,205,205,205,205,205,205,205,205,205,205,205,205,205,205,205,205,205,205,205,205,205,205,205,205,205,205,205,205,205,205,205,205,205,205,205,205,205,205,205,205,205,205,205,205,205,205,205,205,205,205,205,205,205,205,205,205,205,205,205,205,205,205,205,205,205,205,205,205,205,205,205,205,205,205,205,205,205,205,205,205,205,205,205,205,205,205,205,205,205,205,205,205,205,205,205,205,205,205,205,205,205,205,205,205,205,205,205,205,205,205,205,205,205,205,205,205,205,205,205,205,205,205,205,205,205,205,205,205,205,205,205,205,205,205,205,205,205,205,205,205,205,205,205,205,205,205,205
205,205,205,205,205,205,205,205,205,205,205,205,205,205,205,205,205,205,205,205,205,205,205,205,205,205,205,205,205,205,205,205,205,205,205,205,205,205,205,205,205,205,205,205,205,205,205,205,205,205,205,205,205,205,205,205,205,205,205,205,205,205,205,205,205,205,205,205,205,205,205,205,205,205,205,205,205,205,205,205,205,205,205,205,205,205,205,205,205,205,205,205,205,205,205,205,205,205,205,205,205,205,205,205,205,205,205,205,205,205,205,205,205,205,205,205,205,205,205,205,205,205,205,205,205,205,205,205,205,205,205,205,205,205,205,205,205,205,205,205,205,205,205,205,205,205,205,205,205,205,205,205,205,205,205,205,205,205,205,205,205,205,205,205,205,205,205,205,205,205,205,205,205,205,205,205,205,205,205,205,205,205,205,205,205,205,205,205,205,205,205,205,205,205,205,205,205,205,205,205,205,205,205,205,205,205,205,205,205,205,205,205,205,205,205,205,205,205,205,205,205,205,205,205,205,205,205,205,205,205,205,205,205,205,205,205,205,205,205,205,205,205,205,205,205,205,205,205,205,205,205,205,205,205,205,205
205,205,205,205,205,205,205,205,205,205,205,205,205,205,205,205,205,205,205,205,205,205,205,205,205,205,205,205,205,205,205,205,205,205,205,205,205,205,205,205,205,205,205,205,205,205,205,205,205,205,205,205,205,205,205,205,205,205,205,205,205,205,205,205,205,205,205,205,205,205,205,205,205,205,205,205,205,205,205,205,205,205,205,205,205,205,205,205,205,205,205,205,205,205,205,205,205,205,205,205,205,205,205,205,205,205,205,205,205,205,205,205,205,205,205,205,205,205,205,205,205,205,205,205,205,205,205,205,205,205,205,205,205,205,205,205,205,205,205,205,205,205,205,205,205,205,205,205,205,205,205,205,205,205,205,205,205,205,205,205,205,205,205,205,205,205,205,205,205,205,205,205,205,205,205,205,205,205,205,205,205,205,205,205,205,205,205,205,205,205,205,205,205,205,205,205,205,205,205,205,205,205,205,205,205,205,205,205,205,205,205,205,205,205,205,205,205,205,205,205,205,205,205,205,205,205,205,205,205,205,205,205,205,205,205,205,205,205,205,205,205,205,205,205,205,205,205,205,205,205,205,205,205,205,205,205
205,205,205,205,205,205,205,205,205,205,205,205,205,205,205,205,205,205,205,205,205,205,205,205,205,205,205,205,205,205,205,205,205,205,205,205,205,205,205,205,205,205,205,205,205,205,205,205,205,205,205,205,205,205,205,205,205,205,205,205,205,205,205,205,205,205,205,205,205,205,205,205,205,205,205,205,205,205,205,205,205,205,205,205,205,205,205,205,205,205,205,205,205,205,205,205,205,205,205,205,205,205,205,205,205,205,205,205,205,205,205,205,205,205,205,205,205,205,205,205,205,205,205,205,205,205,205,205,205,205,205,205,205,205,205,205,205,205,205,205,205,205,205,205,205,205,205,205,205,205,205,205,205,205,205,205,205,205,205,205,205,205,205,205,205,205,205,205,205,205,205,205,205,205,205,205,205,205,205,205,205,205,205,205,205,205,205,205,205,205,205,205,205,205,205,205,205,205,205,205,205,205,205,205,205,205,205,205,205,205,205,205,205,205,205,205,205,205,205,205,205,205,205,205,205,205,205,205,205,205,205,205,205,205,205,205,205,205,205,205,205,205,205,205,205,205,205,205,205,205,205,205,205,205,205,205
205,205,205,205,205,205,205,205,205,205,205,205,205,205,205,205,205,205,205,205,205,205,205,205,205,205,205,205,205,205,205,205,205,205,205,205,205,205,205,205,205,205,205,205,205,205,205,205,205,205,205,205,205,205,205,205,205,205,205,205,205,205,205,205,205,205,205,205,205,205,205,205,205,205,205,205,205,205,205,205,205,205,205,205,205,205,205,205,205,205,205,205,205,205,205,205,205,205,205,205,205,205,205,205,205,205,205,205,205,205,205,205,205,205,205,205,205,205,205,205,205,205,205,205,205,205,205,205,205,205,205,205,205,205,205,205,205,205,205,205,205,205,205,205,205,205,205,205,205,205,205,205,205,205,205,205,205,205,205,205,205,205,205,205,205,205,205,205,205,205,205,205,205,205,205,205,205,205,205,205,205,205,205,205,205,205,205,205,205,205,205,205,205,205,205,205,205,205,205,205,205,205,205,205,205,205,205,205,205,205,205,205,205,205,205,205,205,205,205,205,205,205,205,205,205,205,205,205,205,205,205,205,205,205,205,205,205,205,205,205,205,205,205,205,205,205,205,205,205,205,205,205,205,205,205,205
205,205,205,205,205,205,205,205,205,205,205,205,205,205,205,205,205,205,205,205,205,205,205,205,205,205,205,205,205,205,205,205,205,205,205,205,205,205,205,205,205,205,205,205,205,205,205,205,205,205,205,205,205,205,205,205,205,205,205,205,205,205,205,205,205,205,205,205,205,205,205,205,205,205,205,205,205,205,205,205,205,205,205,205,205,205,205,205,205,205,205,205,205,205,205,205,205,205,205,205,205,205,205,205,205,205,205,205,205,205,205,205,205,205,205,205,205,205,205,205,205,205,205,205,205,205,205,205,205,205,205,205,205,205,205,205,205,205,205,205,205,205,205,205,205,205,205,205,205,205,205,205,205,205,205,205,205,205,205,205,205,205,205,205,205,205,205,205,205,205,205,205,205,205,205,205,205,205,205,205,205,205,205,205,205,205,205,205,205,205,205,205,205,205,205,205,205,205,205,205,205,205,205,205,205,205,205,205,205,205,205,205,205,205,205,205,205,205,205,205,205,205,205,205,205,205,205,205,205,205,205,205,205,205,205,205,205,205,205,205,205,205,205,205,205,205,205,205,205,205,205,205,205,205,205,205
205,205,205,205,205,205,205,205,205,205,205,205,205,205,205,205,205,205,205,205,205,205,205,205,205,205,205,205,205,205,205,205,205,205,205,205,205,205,205,205,205,205,205,205,205,205,205,205,205,205,205,205,205,205,205,205,205,205,205,205,205,205,205,205,205,205,205,205,205,205,205,205,205,205,205,205,205,205,205,205,205,205,205,205,205,205,205,205,205,205,205,205,205,205,205,205,205,205,205,205,205,205,205,205,205,205,205,205,205,205,205,205,205,205,205,205,205,205,205,205,205,205,205,205,205,205,205,205,205,205,205,205,205,205,205,205,205,205,205,205,205,205,205,205,205,205,205,205,205,205,205,205,205,205,205,205,205,205,205,205,205,205,205,205,205,205,205,205,205,205,205,205,205,205,205,205,205,205,205,205,205,205,205,205,205,205,205,205,205,205,205,205,205,205,205,205,205,205,205,205,205,205,205,205,205,205,205,205,205,205,205,205,205,205,205,205,205,205,205,205,205,205,205,205,205,205,205,205,205,205,205,205,205,205,205,205,205,205,205,205,205,205,205,205,205,205,205,205,205,205,205,205,205,205,205,205
205,205,205,205,205,205,205,205,205,205,205,205,205,205,205,205,205,205,205,205,205,205,205,205,205,205,205,205,205,205,205,205,205,205,205,205,205,205,205,205,205,205,205,205,205,205,205,205,205,205,205,205,205,205,205,205,205,205,205,205,205,205,205,205,205,205,205,205,205,205,205,205,205,205,205,205,205,205,205,205,205,205,205,205,205,205,205,205,205,205,205,205,205,205,205,205,205,205,205,205,205,205,205,205,205,205,205,205,205,205,205,205,205,205,205,205,205,205,205,205,205,205,205,205,205,205,205,205,205,205,205,205,205,205,205,205,205,205,205,205,205,205,205,205,205,205,205,205,205,205,205,205,205,205,205,205,205,205,205,205,205,205,205,205,205,205,205,205,205,205,205,205,205,205,205,205,205,205,205,205,205,205,205,205,205,205,205,205,205,205,205,205,205,205,205,205,205,205,205,205,205,205,205,205,205,205,205,205,205,205,205,205,205,205,205,205,205,205,205,205,205,205,205,205,205,205,205,205,205,205,205,205,205,205,205,205,205,205,205,205,205,205,205,205,205,205,205,205,205,205,205,205,205,205,205,205
205,205,205,205,205,205,205,205,205,205,205,205,205,205,205,205,205,205,205,205,205,205,205,205,205,205,205,205,205,205,205,205,205,205,205,205,205,205,205,205,205,205,205,205,205,205,205,205,205,205,205,205,205,205,205,205,205,205,205,205,205,205,205,205,205,205,205,205,205,205,205,205,205,205,205,205,205,205,205,205,205,205,205,205,205,205,205,205,205,205,205,205,205,205,205,205,205,205,205,205,205,205,205,205,205,205,205,205,205,205,205,205,205,205,205,205,205,205,205,205,205,205,205,205,205,205,205,205,205,205,205,205,205,205,205,205,205,205,205,205,205,205,205,205,205,205,205,205,205,205,205,205,205,205,205,205,205,205,205,205,205,205,205,205,205,205,205,205,205,205,205,205,205,205,205,205,205,205,205,205,205,205,205,205,205,205,205,205,205,205,205,205,205,205,205,205,205,205,205,205,205,205,205,205,205,205,205,205,205,205,205,205,205,205,205,205,205,205,205,205,205,205,205,205,205,205,205,205,205,205,205,205,205,205,205,205,205,205,205,205,205,205,205,205,205,205,205,205,205,205,205,205,205,205,205,205
205,205,205,205,205,205,205,205,205,205,205,205,205,205,205,205,205,205,205,205,205,205,205,205,205,205,205,205,205,205,205,205,205,205,205,205,205,205,205,205,205,205,205,205,205,205,205,205,205,205,205,205,205,205,205,205,205,205,205,205,205,205,205,205,205,205,205,205,205,205,205,205,205,205,205,205,205,205,205,205,205,205,205,205,205,205,205,205,205,205,205,205,205,205,205,205,205,205,205,205,205,205,205,205,205,205,205,205,205,205,205,205,205,205,205,205,205,205,205,205,205,205,205,205,205,205,205,205,205,205,205,205,205,205,205,205,205,205,205,205,205,205,205,205,205,205,205,205,205,205,205,205,205,205,205,205,205,205,205,205,205,205,205,205,205,205,205,205,205,205,205,205,205,205,205,205,205,205,205,205,205,205,205,205,205,205,205,205,205,205,205,205,205,205,205,205,205,205,205,205,205,205,205,205,205,205,205,205,205,205,205,205,205,205,205,205,205,205,205,205,205,205,205,205,205,205,205,205,205,205,205,205,205,205,205,205,205,205,205,205,205,205,205,205,205,205,205,205,205,205,205,205,205,205,205,205
205,205,205,205,205,205,205,205,205,205,205,205,205,205,205,205,205,205,205,205,205,205,205,205,205,205,205,205,205,205,205,205,205,205,205,205,205,205,205,205,205,205,205,205,205,205,205,205,205,205,205,205,205,205,205,205,205,205,205,205,205,205,205,205,205,205,205,205,205,205,205,205,205,205,205,205,205,205,205,205,205,205,205,205,205,205,205,205,205,205,205,205,205,205,205,205,205,205,205,205,205,205,205,205,205,205,205,205,205,205,205,205,205,205,205,205,205,205,205,205,205,205,205,205,205,205,205,205,205,205,205,205,205,205,205,205,205,205,205,205,205,205,205,205,205,205,205,205,205,205,205,205,205,205,205,205,205,205,205,205,205,205,205,205,205,205,205,205,205,205,205,205,205,205,205,205,205,205,205,205,205,205,205,205,205,205,205,205,205,205,205,205,205,205,205,205,205,205,205,205,205,205,205,205,205,205,205,205,205,205,205,205,205,205,205,205,205,205,205,205,205,205,205,205,205,205,205,205,205,205,205,205,205,205,205,205,205,205,205,205,205,205,205,205,205,205,205,205,205,205,205,205,205,205,205,205
205,205,205,205,205,205,205,205,205,205,205,205,205,205,205,205,205,205,205,205,205,205,205,205,205,205,205,205,205,205,205,205,205,205,205,205,205,205,205,205,205,205,205,205,205,205,205,205,205,205,205,205,205,205,205,205,205,205,205,205,205,205,205,205,205,205,205,205,205,205,205,205,205,205,205,205,205,205,205,205,205,205,205,205,205,205,205,205,205,205,205,205,205,205,205,205,205,205,205,205,205,205,205,205,205,205,205,205,205,205,205,205,205,205,205,205,205,205,205,205,205,205,205,205,205,205,205,205,205,205,205,205,205,205,205,205,205,205,205,205,205,205,205,205,205,205,205,205,205,205,205,205,205,205,205,205,205,205,205,205,205,205,205,205,205,205,205,205,205,205,205,205,205,205,205,205,205,205,205,205,205,205,205,205,205,205,205,205,205,205,205,205,205,205,205,205,205,205,205,205,205,205,205,205,205,205,205,205,205,205,205,205,205,205,205,205,205,205,205,205,205,205,205,205,205,205,205,205,205,205,205,205,205,205,205,205,205,205,205,205,205,205,205,205,205,205,205,205,205,205,205,205,205,205,205,205
