0: (0, 0, 0)
1: (231, 41, 33)
2: (99, 41, 24)
3: (214, 123, 90)
4: (222, 173, 140)
5: (49, 198, 165)
6: (24, 140, 107)
7: (33, 74, 99)
8: (189, 198, 214)
9: (148, 156, 173)
10: (82, 99, 123)
11: (41, 49, 57)
12: (57, 132, 222)
13: (49, 107, 206)
14: (33, 66, 173)
15: (33, 49, 123)
16: (0, 0, 0)
17: (231, 41, 33)
18: (99, 41, 24)
19: (214, 123, 90)
20: (222, 173, 140)
21: (49, 198, 165)
22: (24, 140, 107)
23: (33, 74, 99)
24: (189, 198, 214)
25: (148, 156, 173)
26: (82, 99, 123)
27: (41, 49, 57)
28: (57, 132, 222)
29: (49, 107, 206)
30: (33, 66, 173)
31: (33, 49, 123)
32: (0, 0, 0)
33: (255, 239, 115)
34: (239, 198, 115)
35: (231, 148, 82)
36: (214, 115, 66)
37: (255, 255, 255)
38: (173, 239, 255)
39: (123, 214, 239)
40: (99, 173, 222)
41: (74, 148, 214)
42: (66, 123, 181)
43: (99, 173, 247)
44: (74, 132, 239)
45: (49, 90, 206)
46: (41, 74, 181)
47: (33, 57, 107)
48: (0, 0, 0)
49: (255, 239, 115)
50: (239, 198, 115)
51: (231, 148, 82)
52: (214, 115, 66)
53: (255, 255, 255)
54: (239, 255, 173)
55: (214, 239, 123)
56: (173, 222, 99)
57: (148, 214, 74)
58: (123, 181, 66)
59: (90, 239, 165)
60: (57, 222, 115)
61: (24, 165, 66)
62: (16, 115, 41)
63: (24, 99, 49)
64: (0, 0, 0)
65: (255, 255, 255)
66: (255, 255, 148)
67: (255, 255, 24)
68: (247, 222, 33)
69: (247, 181, 33)
70: (247, 123, 41)
71: (198, 90, 16)
72: (148, 57, 33)
73: (99, 24, 8)
74: (198, 198, 165)
75: (165, 165, 132)
76: (140, 140, 107)
77: (115, 115, 90)
78: (90, 90, 66)
79: (74, 74, 49)
80: (0, 0, 0)
81: (255, 255, 255)
82: (255, 255, 165)
83: (247, 239, 132)
84: (239, 222, 107)
85: (231, 206, 82)
86: (231, 189, 57)
87: (189, 123, 0)
88: (148, 74, 0)
89: (115, 24, 8)
90: (189, 189, 189)
91: (156, 156, 156)
92: (123, 123, 123)
93: (99, 99, 99)
94: (82, 82, 82)
95: (66, 66, 66)
96: (0, 0, 0)
97: (255, 255, 255)
98: (231, 231, 239)
99: (206, 206, 214)
100: (181, 181, 181)
101: (165, 165, 165)
102: (140, 140, 140)
103: (115, 115, 107)
104: (90, 90, 74)
105: (66, 66, 57)
106: (198, 198, 165)
107: (165, 165, 132)
108: (140, 140, 107)
109: (115, 115, 90)
110: (90, 90, 66)
111: (74, 74, 49)
112: (0, 0, 0)
113: (90, 255, 173)
114: (33, 206, 107)
115: (8, 140, 49)
116: (231, 239, 255)
117: (165, 165, 189)
118: (132, 132, 165)
119: (99, 107, 132)
120: (57, 66, 99)
121: (41, 49, 82)
122: (0, 0, 0)
123: (247, 247, 107)
124: (247, 181, 90)
125: (231, 132, 82)
126: (231, 99, 41)
127: (198, 24, 16)
128: (0, 0, 0)
129: (255, 198, 247)
130: (247, 156, 222)
131: (247, 123, 206)
132: (255, 57, 165)
133: (214, 41, 165)
134: (255, 255, 255)
135: (206, 214, 222)
136: (173, 189, 206)
137: (148, 156, 181)
138: (107, 123, 148)
139: (74, 99, 115)
140: (255, 255, 222)
141: (247, 247, 181)
142: (239, 239, 132)
143: (231, 231, 90)
144: (0, 0, 0)
145: (247, 181, 222)
146: (247, 247, 99)
147: (90, 255, 173)
148: (189, 231, 255)
149: (214, 8, 82)
150: (255, 255, 255)
151: (247, 247, 231)
152: (165, 206, 247)
153: (90, 165, 222)
154: (57, 123, 198)
155: (49, 74, 165)
156: (57, 74, 107)
157: (247, 123, 206)
158: (239, 66, 173)
159: (247, 8, 90)
160: (0, 0, 0)
161: (255, 247, 140)
162: (99, 107, 132)
163: (165, 206, 247)
164: (107, 173, 239)
165: (82, 132, 222)
166: (66, 90, 173)
167: (49, 74, 140)
168: (222, 231, 239)
169: (165, 181, 198)
170: (123, 132, 165)
171: (66, 74, 90)
172: (239, 173, 115)
173: (206, 115, 74)
174: (173, 66, 41)
175: (148, 16, 8)
176: (0, 0, 0)
177: (66, 107, 222)
178: (49, 198, 198)
179: (74, 222, 222)
180: (16, 173, 198)
181: (189, 222, 239)
182: (123, 231, 231)
183: (206, 239, 247)
184: (239, 247, 255)
185: (156, 198, 231)
186: (115, 165, 239)
187: (66, 140, 231)
188: (49, 107, 206)
189: (33, 66, 214)
190: (49, 74, 173)
191: (16, 33, 123)
192: (0, 0, 0)
193: (189, 231, 255)
194: (123, 231, 231)
195: (16, 173, 198)
196: (57, 66, 198)
197: (222, 255, 231)
198: (173, 206, 189)
199: (115, 140, 123)
200: (74, 90, 74)
201: (16, 49, 99)
202: (239, 198, 239)
203: (239, 156, 231)
204: (231, 123, 222)
205: (198, 66, 206)
206: (165, 24, 148)
207: (82, 0, 74)
208: (0, 0, 0)
209: (24, 66, 165)
210: (24, 66, 165)
211: (24, 66, 165)
212: (24, 66, 165)
213: (24, 66, 165)
214: (24, 66, 165)
215: (24, 66, 165)
216: (24, 66, 165)
217: (24, 66, 165)
218: (24, 66, 165)
219: (24, 66, 165)
220: (24, 66, 165)
221: (24, 66, 165)
222: (24, 66, 165)
223: (24, 66, 165)
224: (0, 0, 0)
225: (0, 41, 123)
226: (0, 41, 123)
227: (0, 41, 123)
228: (0, 41, 123)
229: (0, 41, 123)
230: (0, 41, 123)
231: (0, 41, 123)
232: (0, 41, 123)
233: (0, 41, 123)
234: (0, 41, 123)
235: (0, 41, 123)
236: (0, 41, 123)
237: (0, 41, 123)
238: (0, 41, 123)
239: (0, 41, 123)
240: (0, 0, 0)
241: (0, 16, 99)
242: (0, 16, 99)
243: (0, 16, 99)
244: (0, 16, 99)
245: (0, 16, 99)
246: (0, 16, 99)
247: (0, 16, 99)
248: (0, 16, 99)
249: (0, 16, 99)
250: (0, 16, 99)
251: (0, 16, 99)
252: (0, 16, 99)
253: (0, 16, 99)
254: (0, 16, 99)
255: (0, 16, 99)
256: (0, 0, 0)
257: (140, 222, 255)
258: (148, 222, 255)
259: (156, 222, 255)
260: (165, 222, 255)
261: (173, 231, 255)
262: (181, 231, 255)
263: (189, 231, 255)
264: (198, 231, 255)
265: (206, 239, 255)
266: (214, 239, 255)
267: (222, 239, 255)
268: (231, 247, 255)
269: (239, 247, 255)
270: (247, 247, 255)
271: (255, 255, 255)
272: (0, 0, 0)
273: (247, 247, 247)
274: (115, 247, 247)
275: (82, 214, 247)
276: (0, 181, 231)
277: (247, 165, 247)
278: (16, 115, 214)
279: (165, 0, 165)
280: (0, 49, 181)
281: (49, 49, 49)
282: (115, 0, 115)
283: (82, 0, 82)
284: (148, 148, 148)
285: (198, 198, 198)
286: (99, 99, 99)
287: (115, 247, 247)
288: (0, 0, 0)
289: (247, 247, 247)
290: (115, 247, 247)
291: (33, 99, 214)
292: (0, 0, 148)
293: (0, 247, 0)
294: (0, 148, 0)
295: (247, 247, 0)
296: (247, 165, 0)
297: (247, 115, 115)
298: (247, 0, 0)
299: (165, 0, 0)
300: (231, 148, 231)
301: (198, 82, 198)
302: (148, 0, 148)
303: (214, 99, 0)
304: (0, 0, 0)
305: (255, 239, 148)
306: (239, 140, 66)
307: (173, 99, 66)
308: (239, 49, 41)
309: (99, 41, 24)
310: (222, 231, 255)
311: (165, 173, 189)
312: (123, 140, 165)
313: (74, 90, 115)
314: (33, 49, 57)
315: (66, 247, 214)
316: (74, 156, 239)
317: (57, 123, 222)
318: (33, 74, 198)
319: (24, 41, 140)
320: (0, 0, 0)
321: (255, 239, 148)
322: (239, 140, 66)
323: (173, 99, 66)
324: (8, 198, 49)
325: (33, 74, 99)
326: (99, 99, 123)
327: (66, 82, 90)
328: (49, 66, 74)
329: (41, 57, 66)
330: (33, 49, 57)
331: (66, 247, 214)
332: (231, 66, 82)
333: (181, 33, 16)
334: (165, 49, 49)
335: (66, 8, 24)
336: (0, 0, 0)
337: (255, 255, 255)
338: (214, 214, 255)
339: (181, 173, 255)
340: (148, 132, 255)
341: (132, 107, 222)
342: (123, 82, 198)
343: (115, 66, 173)
344: (99, 49, 140)
345: (57, 33, 82)
346: (33, 16, 41)
347: (16, 8, 16)
348: (24, 74, 41)
349: (41, 123, 66)
350: (57, 181, 90)
351: (8, 33, 255)
352: (0, 0, 0)
353: (247, 247, 247)
354: (247, 247, 165)
355: (247, 247, 82)
356: (255, 255, 0)
357: (247, 222, 0)
358: (239, 189, 0)
359: (239, 156, 0)
360: (231, 123, 0)
361: (231, 90, 0)
362: (173, 57, 0)
363: (8, 8, 8)
364: (198, 123, 90)
365: (189, 189, 189)
366: (148, 148, 148)
367: (107, 107, 107)
368: (0, 0, 0)
369: (8, 8, 8)
370: (49, 49, 49)
371: (99, 99, 99)
372: (132, 132, 132)
373: (173, 173, 173)
374: (222, 222, 222)
375: (255, 255, 255)
376: (8, 66, 8)
377: (0, 115, 0)
378: (0, 165, 0)
379: (0, 222, 0)
380: (57, 231, 57)
381: (115, 239, 123)
382: (181, 255, 189)
383: (255, 255, 255)
384: (0, 0, 0)
385: (255, 255, 255)
386: (148, 231, 255)
387: (115, 156, 255)
388: (66, 90, 198)
389: (49, 66, 156)
390: (33, 41, 132)
391: (165, 165, 173)
392: (123, 123, 132)
393: (90, 90, 99)
394: (66, 66, 66)
395: (41, 41, 41)
396: (255, 239, 123)
397: (206, 181, 82)
398: (165, 132, 49)
399: (123, 82, 16)
400: (0, 0, 0)
401: (255, 255, 255)
402: (148, 255, 132)
403: (66, 255, 49)
404: (8, 247, 0)
405: (8, 222, 0)
406: (8, 198, 0)
407: (8, 173, 0)
408: (0, 148, 0)
409: (0, 123, 0)
410: (0, 99, 0)
411: (0, 0, 0)
412: (239, 107, 107)
413: (247, 16, 0)
414: (148, 0, 0)
415: (99, 0, 0)
416: (0, 0, 0)
417: (255, 255, 255)
418: (222, 239, 255)
419: (148, 165, 255)
420: (140, 99, 206)
421: (123, 74, 165)
422: (107, 49, 140)
423: (239, 173, 181)
424: (198, 132, 140)
425: (165, 99, 107)
426: (140, 74, 66)
427: (115, 49, 49)
428: (255, 247, 132)
429: (255, 189, 90)
430: (239, 140, 49)
431: (198, 90, 16)
432: (0, 0, 0)
433: (247, 247, 247)
434: (214, 214, 222)
435: (173, 173, 198)
436: (132, 132, 165)
437: (90, 90, 132)
438: (57, 57, 99)
439: (156, 222, 255)
440: (57, 206, 255)
441: (41, 165, 231)
442: (33, 123, 206)
443: (173, 140, 231)
444: (132, 99, 189)
445: (90, 66, 156)
446: (49, 33, 115)
447: (16, 0, 82)
448: (0, 0, 0)
449: (247, 247, 247)
450: (206, 222, 222)
451: (156, 173, 173)
452: (107, 123, 123)
453: (57, 74, 74)
454: (24, 24, 24)
455: (189, 231, 0)
456: (123, 181, 0)
457: (41, 99, 0)
458: (0, 49, 0)
459: (247, 181, 0)
460: (165, 115, 0)
461: (115, 66, 0)
462: (66, 231, 247)
463: (66, 41, 0)
464: (0, 0, 0)
465: (247, 247, 247)
466: (206, 198, 198)
467: (173, 165, 165)
468: (115, 107, 107)
469: (66, 57, 57)
470: (24, 16, 16)
471: (82, 82, 82)
472: (41, 41, 41)
473: (24, 24, 24)
474: (8, 8, 8)
475: (156, 57, 90)
476: (115, 16, 49)
477: (90, 0, 16)
478: (66, 231, 247)
479: (33, 0, 0)
480: (0, 0, 0)
481: (0, 0, 0)
482: (0, 0, 0)
483: (0, 0, 0)
484: (0, 0, 0)
485: (0, 0, 0)
486: (0, 0, 0)
487: (0, 0, 0)
488: (0, 0, 0)
489: (0, 0, 0)
490: (0, 0, 0)
491: (0, 0, 0)
492: (0, 0, 0)
493: (0, 0, 0)
494: (0, 0, 0)
495: (0, 0, 0)
496: (0, 0, 0)
497: (0, 0, 0)
498: (0, 0, 0)
499: (0, 0, 0)
500: (0, 0, 0)
501: (0, 0, 0)
502: (0, 0, 0)
503: (0, 0, 0)
504: (0, 0, 0)
505: (0, 0, 0)
506: (0, 0, 0)
507: (0, 0, 0)
508: (0, 0, 0)
509: (0, 0, 0)
510: (0, 0, 0)
511: (0, 0, 0)
512: (0, 0, 0)
513: (247, 247, 247)
514: (148, 165, 198)
515: (99, 115, 165)
516: (66, 82, 115)
517: (198, 214, 231)
518: (247, 165, 82)
519: (0, 247, 66)
520: (49, 33, 16)
521: (247, 214, 66)
522: (181, 0, 0)
523: (115, 82, 33)
524: (66, 132, 231)
525: (49, 82, 214)
526: (33, 66, 165)
527: (16, 49, 82)
528: (0, 0, 0)
529: (0, 0, 0)
530: (0, 0, 0)
531: (0, 0, 0)
532: (0, 0, 0)
533: (0, 0, 0)
534: (0, 0, 0)
535: (0, 0, 0)
536: (0, 0, 0)
537: (0, 0, 0)
538: (0, 0, 0)
539: (0, 0, 0)
540: (0, 0, 0)
541: (0, 0, 0)
542: (0, 0, 0)
543: (0, 0, 0)
544: (0, 0, 0)
545: (0, 0, 0)
546: (0, 0, 0)
547: (0, 0, 0)
548: (0, 0, 0)
549: (0, 0, 0)
550: (0, 0, 0)
551: (0, 0, 0)
552: (0, 0, 0)
553: (0, 0, 0)
554: (0, 0, 0)
555: (0, 0, 0)
556: (0, 0, 0)
557: (0, 0, 0)
558: (0, 0, 0)
559: (0, 0, 0)
560: (0, 0, 0)
561: (0, 0, 0)
562: (0, 0, 0)
563: (0, 0, 0)
564: (0, 0, 0)
565: (0, 0, 0)
566: (0, 0, 0)
567: (0, 0, 0)
568: (0, 0, 0)
569: (0, 0, 0)
570: (0, 0, 0)
571: (0, 0, 0)
572: (0, 0, 0)
573: (0, 0, 0)
574: (0, 0, 0)
575: (0, 0, 0)
576: (0, 0, 0)
577: (247, 247, 247)
578: (247, 214, 0)
579: (247, 132, 0)
580: (181, 99, 0)
581: (165, 66, 0)
582: (132, 66, 247)
583: (99, 33, 165)
584: (49, 16, 82)
585: (148, 0, 0)
586: (247, 0, 0)
587: (99, 66, 0)
588: (148, 165, 198)
589: (99, 115, 115)
590: (66, 82, 82)
591: (49, 49, 49)
592: (0, 0, 0)
593: (0, 0, 0)
594: (0, 0, 0)
595: (0, 0, 0)
596: (0, 0, 0)
597: (0, 0, 0)
598: (0, 0, 0)
599: (0, 0, 0)
600: (0, 0, 0)
601: (0, 0, 0)
602: (0, 0, 0)
603: (0, 0, 0)
604: (0, 0, 0)
605: (0, 0, 0)
606: (0, 0, 0)
607: (0, 0, 0)
608: (0, 0, 0)
609: (0, 0, 0)
610: (0, 0, 0)
611: (0, 0, 0)
612: (0, 0, 0)
613: (0, 0, 0)
614: (0, 0, 0)
615: (0, 0, 0)
616: (0, 0, 0)
617: (0, 0, 0)
618: (0, 0, 0)
619: (0, 0, 0)
620: (0, 0, 0)
621: (0, 0, 0)
622: (0, 0, 0)
623: (0, 0, 0)
624: (0, 0, 0)
625: (0, 0, 0)
626: (0, 0, 0)
627: (0, 0, 0)
628: (0, 0, 0)
629: (0, 0, 0)
630: (0, 0, 0)
631: (0, 0, 0)
632: (0, 0, 0)
633: (0, 0, 0)
634: (0, 0, 0)
635: (0, 0, 0)
636: (0, 0, 0)
637: (0, 0, 0)
638: (0, 0, 0)
639: (0, 0, 0)
640: (0, 0, 0)
641: (239, 206, 255)
642: (222, 181, 255)
643: (214, 165, 255)
644: (198, 148, 255)
645: (181, 123, 247)
646: (156, 99, 222)
647: (140, 82, 214)
648: (132, 74, 214)
649: (123, 66, 206)
650: (115, 49, 198)
651: (99, 41, 189)
652: (90, 33, 189)
653: (82, 16, 181)
654: (74, 8, 173)
655: (66, 0, 173)
656: (0, 0, 0)
657: (247, 189, 24)
658: (231, 123, 49)
659: (222, 66, 66)
660: (214, 0, 82)
661: (247, 247, 214)
662: (247, 247, 107)
663: (247, 247, 0)
664: (123, 189, 0)
665: (0, 132, 0)
666: (247, 247, 247)
667: (156, 239, 255)
668: (123, 189, 222)
669: (90, 140, 198)
670: (57, 90, 173)
671: (33, 49, 148)
672: (0, 0, 0)
673: (222, 173, 140)
674: (214, 123, 90)
675: (173, 99, 66)
676: (239, 49, 41)
677: (99, 41, 24)
678: (222, 231, 255)
679: (165, 173, 189)
680: (123, 140, 165)
681: (74, 90, 115)
682: (33, 49, 57)
683: (41, 49, 57)
684: (74, 156, 239)
685: (57, 123, 222)
686: (33, 74, 198)
687: (24, 41, 140)
688: (0, 0, 0)
689: (66, 198, 115)
690: (24, 123, 41)
691: (0, 132, 255)
692: (239, 107, 107)
693: (247, 16, 0)
694: (148, 0, 0)
695: (99, 0, 0)
696: (247, 247, 247)
697: (173, 181, 206)
698: (99, 107, 132)
699: (33, 41, 74)
700: (247, 198, 148)
701: (206, 132, 99)
702: (156, 90, 66)
703: (239, 206, 57)
704: (0, 0, 0)
705: (0, 0, 0)
706: (0, 0, 0)
707: (0, 0, 0)
708: (0, 0, 0)
709: (0, 0, 0)
710: (0, 0, 0)
711: (66, 0, 49)
712: (99, 0, 148)
713: (132, 8, 156)
714: (189, 16, 132)
715: (140, 49, 198)
716: (189, 90, 189)
717: (231, 148, 222)
718: (255, 198, 239)
719: (255, 255, 255)
720: (0, 0, 0)
721: (0, 0, 0)
722: (0, 0, 0)
723: (0, 0, 0)
724: (0, 0, 0)
725: (0, 0, 0)
726: (0, 0, 0)
727: (0, 0, 0)
728: (0, 0, 0)
729: (0, 0, 0)
730: (0, 0, 0)
731: (0, 0, 0)
732: (0, 0, 0)
733: (0, 0, 0)
734: (0, 0, 0)
735: (0, 0, 0)
736: (0, 0, 0)
737: (0, 0, 0)
738: (0, 0, 0)
739: (0, 0, 0)
740: (0, 0, 0)
741: (0, 0, 0)
742: (0, 0, 0)
743: (255, 255, 255)
744: (255, 255, 255)
745: (255, 255, 255)
746: (255, 255, 255)
747: (255, 255, 255)
748: (255, 255, 255)
749: (255, 255, 255)
750: (255, 255, 255)
751: (255, 255, 255)
752: (0, 0, 0)
753: (0, 0, 0)
754: (0, 0, 0)
755: (0, 0, 0)
756: (0, 0, 0)
757: (0, 0, 0)
758: (0, 0, 0)
759: (0, 0, 0)
760: (0, 0, 0)
761: (0, 0, 0)
762: (0, 0, 0)
763: (0, 0, 0)
764: (0, 0, 0)
765: (0, 0, 0)
766: (0, 0, 0)
767: (0, 0, 0)
768: (0, 0, 0)
769: (41, 41, 41)
770: (49, 49, 49)
771: (66, 66, 74)
772: (82, 82, 90)
773: (66, 99, 115)
774: (90, 90, 99)
775: (99, 107, 107)
776: (107, 107, 115)
777: (115, 115, 115)
778: (107, 132, 165)
779: (123, 132, 132)
780: (140, 140, 148)
781: (148, 148, 156)
782: (156, 165, 165)
783: (189, 189, 189)
784: (0, 0, 0)
785: (49, 49, 49)
786: (66, 74, 99)
787: (90, 90, 115)
788: (132, 132, 156)
789: (107, 123, 148)
790: (123, 132, 173)
791: (132, 148, 181)
792: (148, 156, 189)
793: (165, 173, 206)
794: (173, 189, 198)
795: (189, 206, 214)
796: (214, 231, 231)
797: (255, 148, 49)
798: (247, 181, 57)
799: (247, 222, 41)
800: (0, 0, 0)
801: (0, 0, 0)
802: (0, 0, 0)
803: (0, 0, 0)
804: (0, 0, 0)
805: (0, 0, 0)
806: (0, 0, 0)
807: (0, 0, 0)
808: (0, 0, 0)
809: (0, 0, 0)
810: (0, 0, 0)
811: (0, 0, 0)
812: (0, 0, 0)
813: (0, 0, 0)
814: (0, 0, 0)
815: (0, 0, 0)
816: (0, 0, 0)
817: (0, 0, 0)
818: (0, 0, 0)
819: (0, 0, 0)
820: (0, 0, 0)
821: (0, 0, 0)
822: (0, 0, 0)
823: (0, 0, 0)
824: (0, 0, 0)
825: (0, 0, 0)
826: (0, 0, 0)
827: (0, 0, 0)
828: (0, 0, 0)
829: (0, 0, 0)
830: (0, 0, 0)
831: (0, 0, 0)
832: (0, 0, 0)
833: (255, 0, 0)
834: (156, 33, 24)
835: (123, 66, 41)
836: (165, 99, 57)
837: (206, 132, 74)
838: (255, 165, 99)
839: (255, 206, 123)
840: (255, 255, 148)
841: (49, 49, 49)
842: (82, 82, 82)
843: (115, 115, 123)
844: (148, 148, 156)
845: (165, 173, 181)
846: (206, 214, 214)
847: (255, 255, 255)
848: (0, 0, 0)
849: (115, 0, 0)
850: (82, 33, 24)
851: (123, 66, 41)
852: (165, 99, 57)
853: (206, 132, 74)
854: (255, 165, 99)
855: (255, 206, 123)
856: (255, 255, 148)
857: (49, 49, 49)
858: (82, 82, 82)
859: (115, 115, 123)
860: (148, 148, 156)
861: (165, 173, 181)
862: (206, 214, 214)
863: (255, 255, 255)
864: (0, 0, 0)
865: (0, 0, 0)
866: (0, 0, 0)
867: (0, 0, 0)
868: (0, 0, 0)
869: (0, 0, 0)
870: (0, 0, 0)
871: (0, 0, 0)
872: (0, 0, 0)
873: (0, 0, 0)
874: (0, 0, 0)
875: (0, 0, 0)
876: (0, 0, 0)
877: (0, 0, 0)
878: (0, 0, 0)
879: (0, 0, 0)
880: (0, 0, 0)
881: (0, 0, 0)
882: (0, 0, 0)
883: (0, 0, 0)
884: (0, 0, 0)
885: (0, 0, 0)
886: (0, 0, 0)
887: (0, 0, 0)
888: (0, 0, 0)
889: (0, 0, 0)
890: (0, 0, 0)
891: (0, 0, 0)
892: (0, 0, 0)
893: (0, 0, 0)
894: (0, 0, 0)
895: (0, 0, 0)
896: (0, 0, 0)
897: (115, 49, 165)
898: (82, 33, 99)
899: (66, 0, 82)
900: (33, 0, 49)
901: (0, 247, 247)
902: (247, 165, 0)
903: (198, 115, 0)
904: (99, 49, 0)
905: (247, 247, 247)
906: (198, 198, 198)
907: (165, 165, 165)
908: (132, 132, 132)
909: (82, 82, 82)
910: (33, 49, 49)
911: (0, 16, 16)
912: (0, 0, 0)
913: (41, 132, 173)
914: (16, 90, 165)
915: (0, 49, 156)
916: (0, 24, 123)
917: (0, 255, 0)
918: (247, 165, 0)
919: (198, 115, 0)
920: (99, 49, 0)
921: (247, 247, 247)
922: (198, 198, 198)
923: (165, 165, 165)
924: (132, 132, 132)
925: (82, 82, 82)
926: (33, 49, 49)
927: (0, 16, 16)
928: (0, 0, 0)
929: (41, 165, 41)
930: (16, 123, 33)
931: (0, 82, 24)
932: (0, 41, 0)
933: (255, 255, 0)
934: (247, 165, 0)
935: (198, 115, 0)
936: (99, 49, 0)
937: (247, 247, 247)
938: (198, 198, 198)
939: (165, 165, 165)
940: (132, 132, 132)
941: (82, 82, 82)
942: (33, 49, 49)
943: (0, 16, 16)
944: (0, 0, 0)
945: (0, 0, 0)
946: (0, 0, 0)
947: (0, 0, 0)
948: (0, 0, 0)
949: (0, 0, 0)
950: (0, 0, 0)
951: (0, 0, 0)
952: (0, 0, 0)
953: (0, 0, 0)
954: (0, 0, 0)
955: (0, 0, 0)
956: (0, 0, 0)
957: (0, 0, 0)
958: (0, 0, 0)
959: (0, 0, 0)
960: (0, 0, 0)
961: (41, 49, 66)
962: (66, 82, 90)
963: (99, 115, 123)
964: (115, 132, 140)
965: (181, 0, 0)
966: (132, 148, 156)
967: (148, 165, 173)
968: (165, 181, 189)
969: (181, 198, 206)
970: (198, 214, 222)
971: (214, 222, 222)
972: (214, 231, 239)
973: (222, 231, 239)
974: (49, 57, 74)
975: (239, 247, 247)
976: (0, 0, 0)
977: (8, 8, 8)
978: (16, 16, 16)
979: (24, 33, 49)
980: (33, 41, 57)
981: (181, 0, 0)
982: (41, 49, 66)
983: (49, 57, 74)
984: (57, 66, 82)
985: (57, 74, 82)
986: (66, 82, 90)
987: (74, 90, 99)
988: (82, 99, 107)
989: (90, 107, 115)
990: (16, 16, 16)
991: (107, 123, 132)
992: (0, 0, 0)
993: (0, 0, 0)
994: (0, 0, 0)
995: (0, 0, 0)
996: (0, 0, 0)
997: (0, 0, 0)
998: (0, 0, 0)
999: (0, 0, 0)
1000: (0, 0, 0)
1001: (0, 0, 0)
1002: (0, 0, 0)
1003: (0, 0, 0)
1004: (0, 0, 0)
1005: (0, 0, 0)
1006: (0, 0, 0)
1007: (0, 0, 0)
1008: (0, 0, 0)
1009: (0, 0, 0)
1010: (0, 0, 0)
1011: (0, 0, 0)
1012: (0, 0, 0)
1013: (0, 0, 0)
1014: (0, 0, 0)
1015: (0, 0, 0)
1016: (0, 0, 0)
1017: (0, 0, 0)
1018: (0, 0, 0)
1019: (0, 0, 0)
1020: (0, 0, 0)
1021: (0, 0, 0)
1022: (0, 0, 0)
1023: (0, 0, 0)
1024: (0, 0, 0)
1025: (74, 82, 90)
1026: (99, 107, 115)
1027: (123, 132, 132)
1028: (140, 148, 148)
1029: (173, 173, 173)
1030: (57, 49, 33)
1031: (115, 90, 66)
1032: (99, 82, 66)
1033: (82, 66, 57)
1034: (57, 74, 74)
1035: (41, 57, 57)
1036: (41, 41, 49)
1037: (33, 33, 33)
1038: (173, 206, 255)
1039: (173, 206, 255)
1040: (0, 0, 0)
1041: (115, 123, 132)
1042: (107, 115, 123)
1043: (99, 107, 115)
1044: (90, 99, 107)
1045: (82, 90, 99)
1046: (74, 82, 90)
1047: (57, 74, 82)
1048: (41, 66, 74)
1049: (24, 57, 66)
1050: (8, 49, 66)
1051: (115, 107, 82)
1052: (90, 82, 66)
1053: (66, 66, 49)
1054: (49, 49, 33)
1055: (0, 132, 33)
1056: (0, 0, 0)
1057: (255, 0, 0)
1058: (255, 0, 0)
1059: (57, 90, 181)
1060: (74, 99, 181)
1061: (90, 115, 189)
1062: (107, 132, 198)
1063: (123, 140, 206)
1064: (140, 156, 206)
1065: (156, 173, 214)
1066: (173, 181, 222)
1067: (189, 198, 231)
1068: (206, 214, 231)
1069: (222, 222, 239)
1070: (239, 239, 247)
1071: (255, 255, 255)
1072: (0, 0, 0)
1073: (41, 41, 49)
1074: (49, 57, 66)
1075: (66, 74, 82)
1076: (74, 90, 99)
1077: (82, 99, 115)
1078: (90, 115, 123)
1079: (107, 132, 132)
1080: (132, 148, 148)
1081: (156, 165, 165)
1082: (173, 181, 181)
1083: (189, 198, 198)
1084: (214, 222, 222)
1085: (222, 148, 49)
1086: (239, 181, 57)
1087: (247, 214, 49)
1088: (0, 0, 0)
1089: (41, 57, 57)
1090: (0, 41, 74)
1091: (8, 49, 82)
1092: (74, 107, 132)
1093: (0, 66, 99)
1094: (82, 132, 156)
1095: (99, 148, 173)
1096: (33, 90, 115)
1097: (16, 156, 181)
1098: (74, 181, 189)
1099: (206, 255, 247)
1100: (214, 148, 0)
1101: (181, 82, 49)
1102: (123, 33, 16)
1103: (16, 24, 49)
1104: (0, 0, 0)
1105: (0, 24, 49)
1106: (74, 99, 123)
1107: (90, 115, 140)
1108: (107, 132, 156)
1109: (41, 74, 99)
1110: (57, 90, 115)
1111: (0, 41, 57)
1112: (16, 57, 74)
1113: (123, 148, 156)
1114: (140, 165, 173)
1115: (156, 181, 189)
1116: (0, 255, 132)
1117: (189, 49, 0)
1118: (132, 0, 0)
1119: (0, 0, 0)
1120: (0, 0, 0)
1121: (57, 49, 33)
1122: (33, 66, 0)
1123: (24, 90, 8)
1124: (8, 123, 24)
1125: (82, 66, 57)
1126: (99, 82, 66)
1127: (115, 90, 66)
1128: (33, 33, 41)
1129: (57, 57, 66)
1130: (82, 82, 90)
1131: (107, 107, 115)
1132: (132, 132, 140)
1133: (148, 148, 156)
1134: (148, 148, 165)
1135: (181, 181, 173)
1136: (33, 33, 33)
1137: (41, 41, 41)
1138: (57, 57, 57)
1139: (74, 66, 66)
1140: (90, 82, 82)
1141: (99, 90, 90)
1142: (115, 107, 107)
1143: (132, 115, 115)
1144: (148, 132, 132)
1145: (24, 33, 41)
1146: (41, 49, 57)
1147: (66, 66, 82)
1148: (82, 90, 107)
1149: (107, 107, 132)
1150: (123, 123, 156)
1151: (148, 148, 181)
1152: (0, 0, 0)
1153: (49, 66, 66)
1154: (57, 74, 74)
1155: (33, 41, 41)
1156: (74, 90, 90)
1157: (41, 49, 49)
1158: (99, 115, 115)
1159: (123, 140, 140)
1160: (148, 156, 156)
1161: (165, 173, 173)
1162: (189, 198, 198)
1163: (214, 222, 222)
1164: (74, 74, 49)
1165: (99, 90, 66)
1166: (0, 0, 0)
1167: (24, 24, 33)
1168: (82, 74, 66)
1169: (24, 24, 24)
1170: (41, 41, 33)
1171: (49, 49, 41)
1172: (57, 57, 49)
1173: (66, 66, 57)
1174: (82, 82, 74)
1175: (82, 90, 90)
1176: (99, 99, 90)
1177: (99, 99, 90)
1178: (107, 115, 115)
1179: (115, 115, 107)
1180: (123, 123, 115)
1181: (148, 148, 140)
1182: (165, 165, 148)
1183: (189, 189, 173)
1184: (0, 0, 0)
1185: (8, 0, 82)
1186: (16, 16, 16)
1187: (33, 33, 33)
1188: (41, 41, 41)
1189: (49, 49, 41)
1190: (57, 57, 57)
1191: (74, 66, 49)
1192: (57, 57, 115)
1193: (82, 74, 66)
1194: (99, 82, 66)
1195: (99, 90, 82)
1196: (132, 115, 99)
1197: (41, 41, 33)
1198: (57, 57, 49)
1199: (66, 66, 57)
1200: (33, 74, 165)
1201: (41, 90, 173)
1202: (49, 82, 206)
1203: (49, 99, 181)
1204: (57, 115, 198)
1205: (57, 107, 214)
1206: (66, 123, 214)
1207: (74, 140, 222)
1208: (99, 156, 231)
1209: (115, 181, 239)
1210: (140, 198, 247)
1211: (181, 222, 255)
1212: (206, 239, 247)
1213: (214, 239, 255)
1214: (231, 247, 255)
1215: (231, 239, 255)
1216: (41, 41, 49)
1217: (49, 57, 57)
1218: (66, 74, 82)
1219: (82, 90, 90)
1220: (74, 99, 123)
1221: (90, 90, 99)
1222: (99, 107, 115)
1223: (115, 123, 123)
1224: (107, 132, 173)
1225: (132, 132, 140)
1226: (148, 148, 156)
1227: (156, 156, 165)
1228: (165, 173, 173)
1229: (189, 189, 198)
1230: (222, 222, 222)
1231: (49, 41, 49)
1232: (0, 0, 0)
1233: (24, 24, 24)
1234: (33, 33, 24)
1235: (41, 41, 33)
1236: (49, 41, 49)
1237: (49, 49, 41)
1238: (57, 57, 49)
1239: (66, 66, 57)
1240: (74, 66, 57)
1241: (82, 74, 66)
1242: (90, 82, 74)
1243: (99, 90, 82)
1244: (115, 107, 90)
1245: (132, 123, 107)
1246: (49, 66, 66)
1247: (33, 41, 41)
1248: (0, 0, 0)
1249: (66, 66, 90)
1250: (74, 74, 99)
1251: (90, 90, 115)
1252: (99, 107, 132)
1253: (115, 123, 140)
1254: (132, 140, 156)
1255: (140, 148, 173)
1256: (156, 165, 189)
1257: (173, 181, 198)
1258: (181, 198, 214)
1259: (198, 214, 231)
1260: (214, 231, 247)
1261: (49, 99, 181)
1262: (57, 123, 189)
1263: (123, 181, 231)
1264: (0, 0, 0)
1265: (99, 33, 16)
1266: (255, 132, 0)
1267: (82, 90, 74)
1268: (82, 99, 57)
1269: (107, 123, 90)
1270: (132, 156, 115)
1271: (156, 181, 148)
1272: (66, 66, 66)
1273: (99, 99, 99)
1274: (132, 132, 132)
1275: (231, 231, 231)
1276: (189, 132, 0)
1277: (156, 140, 0)
1278: (214, 206, 49)
1279: (181, 181, 99)
1280: (0, 0, 0)
1281: (66, 16, 0)
1282: (99, 41, 16)
1283: (132, 66, 41)
1284: (165, 90, 66)
1285: (206, 123, 90)
1286: (255, 132, 0)
1287: (66, 66, 66)
1288: (82, 90, 74)
1289: (107, 123, 90)
1290: (132, 156, 115)
1291: (156, 181, 148)
1292: (231, 231, 231)
1293: (189, 132, 0)
1294: (156, 140, 0)
1295: (214, 206, 49)
1296: (0, 0, 0)
1297: (33, 0, 0)
1298: (49, 8, 0)
1299: (66, 16, 0)
1300: (99, 41, 16)
1301: (132, 66, 41)
1302: (165, 90, 66)
1303: (206, 123, 90)
1304: (181, 66, 0)
1305: (255, 132, 0)
1306: (255, 156, 41)
1307: (255, 189, 90)
1308: (189, 132, 0)
1309: (156, 140, 0)
1310: (214, 206, 49)
1311: (181, 181, 99)
1312: (0, 0, 0)
1313: (165, 24, 0)
1314: (90, 49, 24)
1315: (123, 66, 41)
1316: (165, 99, 57)
1317: (206, 132, 74)
1318: (239, 173, 99)
1319: (247, 198, 115)
1320: (255, 255, 148)
1321: (49, 49, 49)
1322: (82, 82, 82)
1323: (115, 115, 123)
1324: (148, 148, 156)
1325: (165, 173, 181)
1326: (206, 214, 214)
1327: (255, 255, 255)
1328: (0, 0, 0)
1329: (66, 74, 33)
1330: (90, 107, 66)
1331: (123, 140, 99)
1332: (148, 173, 140)
1333: (181, 206, 173)
1334: (214, 247, 214)
1335: (66, 66, 66)
1336: (99, 99, 99)
1337: (132, 132, 132)
1338: (165, 165, 165)
1339: (231, 231, 231)
1340: (189, 132, 0)
1341: (156, 140, 0)
1342: (214, 206, 49)
1343: (181, 181, 99)
1344: (0, 0, 0)
1345: (222, 239, 239)
1346: (99, 123, 123)
1347: (66, 99, 99)
1348: (33, 74, 66)
1349: (255, 206, 206)
1350: (231, 165, 165)
1351: (214, 123, 123)
1352: (189, 82, 82)
1353: (173, 41, 41)
1354: (156, 0, 0)
1355: (0, 0, 0)
1356: (0, 0, 0)
1357: (0, 0, 0)
1358: (0, 0, 0)
1359: (0, 0, 0)
1360: (0, 0, 0)
1361: (115, 214, 107)
1362: (255, 132, 82)
1363: (214, 90, 41)
1364: (181, 49, 24)
1365: (156, 24, 0)
1366: (156, 24, 0)
1367: (107, 8, 0)
1368: (74, 0, 0)
1369: (57, 0, 0)
1370: (41, 0, 0)
1371: (24, 0, 0)
1372: (99, 99, 99)
1373: (74, 74, 74)
1374: (49, 49, 49)
1375: (24, 24, 24)
1376: (0, 0, 0)
1377: (24, 33, 49)
1378: (33, 41, 57)
1379: (41, 49, 66)
1380: (49, 57, 74)
1381: (57, 66, 82)
1382: (66, 82, 90)
1383: (82, 99, 107)
1384: (99, 115, 123)
1385: (115, 132, 140)
1386: (132, 148, 156)
1387: (156, 173, 181)
1388: (181, 198, 206)
1389: (198, 214, 222)
1390: (214, 231, 239)
1391: (239, 247, 247)
1392: (0, 0, 0)
1393: (0, 24, 24)
1394: (16, 0, 0)
1395: (24, 0, 0)
1396: (33, 0, 0)
1397: (49, 8, 0)
1398: (57, 8, 0)
1399: (66, 8, 0)
1400: (82, 16, 0)
1401: (0, 0, 0)
1402: (123, 107, 74)
1403: (247, 214, 132)
1404: (0, 57, 0)
1405: (156, 206, 156)
1406: (0, 0, 107)
1407: (24, 24, 255)
1408: (0, 0, 0)
1409: (66, 66, 90)
1410: (74, 74, 99)
1411: (90, 90, 115)
1412: (99, 107, 132)
1413: (115, 123, 140)
1414: (132, 140, 156)
1415: (140, 148, 173)
1416: (49, 107, 206)
1417: (66, 123, 206)
1418: (74, 140, 214)
1419: (99, 156, 222)
1420: (107, 173, 231)
1421: (140, 189, 239)
1422: (173, 214, 247)
1423: (214, 231, 247)
1424: (0, 0, 0)
1425: (49, 49, 49)
1426: (57, 57, 57)
1427: (74, 82, 90)
1428: (99, 107, 115)
1429: (123, 132, 132)
1430: (140, 148, 148)
1431: (173, 173, 173)
1432: (24, 66, 0)
1433: (24, 82, 0)
1434: (8, 115, 24)
1435: (57, 49, 33)
1436: (82, 66, 57)
1437: (99, 82, 66)
1438: (115, 90, 66)
1439: (0, 74, 255)
1440: (0, 0, 0)
1441: (24, 24, 24)
1442: (33, 33, 33)
1443: (41, 41, 49)
1444: (41, 57, 57)
1445: (57, 74, 74)
1446: (74, 82, 90)
1447: (99, 107, 115)
1448: (123, 132, 132)
1449: (140, 148, 148)
1450: (173, 173, 173)
1451: (57, 49, 33)
1452: (82, 66, 57)
1453: (99, 82, 66)
1454: (115, 90, 66)
1455: (82, 57, 49)
1456: (0, 0, 0)
1457: (41, 57, 57)
1458: (57, 74, 74)
1459: (74, 90, 90)
1460: (115, 123, 123)
1461: (132, 148, 148)
1462: (156, 165, 165)
1463: (173, 181, 181)
1464: (189, 198, 198)
1465: (214, 222, 222)
1466: (222, 148, 49)
1467: (231, 165, 49)
1468: (239, 189, 49)
1469: (247, 214, 49)
1470: (255, 0, 0)
1471: (0, 8, 255)
1472: (0, 0, 0)
1473: (57, 49, 33)
1474: (33, 66, 0)
1475: (24, 90, 8)
1476: (8, 123, 24)
1477: (82, 66, 57)
1478: (99, 82, 66)
1479: (115, 90, 66)
1480: (33, 33, 41)
1481: (57, 57, 66)
1482: (82, 82, 90)
1483: (107, 107, 115)
1484: (132, 132, 140)
1485: (148, 148, 156)
1486: (148, 148, 165)
1487: (181, 181, 173)
1488: (90, 82, 66)
1489: (41, 41, 41)
1490: (49, 49, 57)
1491: (66, 74, 82)
1492: (82, 82, 90)
1493: (90, 107, 123)
1494: (90, 99, 99)
1495: (107, 115, 115)
1496: (115, 123, 123)
1497: (115, 132, 148)
1498: (123, 132, 140)
1499: (140, 148, 148)
1500: (156, 165, 173)
1501: (189, 198, 198)
1502: (57, 57, 49)
1503: (115, 115, 107)
1504: (0, 0, 0)
1505: (0, 41, 57)
1506: (8, 49, 66)
1507: (41, 57, 57)
1508: (57, 74, 74)
1509: (33, 41, 41)
1510: (74, 90, 90)
1511: (99, 115, 115)
1512: (115, 132, 132)
1513: (140, 148, 148)
1514: (156, 165, 165)
1515: (173, 181, 181)
1516: (189, 198, 198)
1517: (214, 222, 222)
1518: (90, 107, 99)
1519: (0, 0, 0)
1520: (0, 0, 0)
1521: (41, 41, 49)
1522: (49, 57, 66)
1523: (74, 82, 90)
1524: (66, 74, 82)
1525: (99, 107, 115)
1526: (140, 148, 148)
1527: (82, 57, 49)
1528: (173, 173, 173)
1529: (33, 33, 33)
1530: (24, 24, 24)
1531: (123, 99, 24)
1532: (123, 90, 16)
1533: (123, 82, 8)
1534: (123, 82, 0)
1535: (255, 255, 255)
1536: (0, 0, 0)
1537: (198, 198, 239)
1538: (173, 181, 214)
1539: (148, 165, 189)
1540: (132, 148, 173)
1541: (107, 132, 148)
1542: (90, 115, 132)
1543: (66, 99, 115)
1544: (49, 82, 99)
1545: (24, 66, 82)
1546: (8, 49, 66)
1547: (165, 156, 132)
1548: (140, 132, 115)
1549: (115, 107, 99)
1550: (99, 90, 82)
1551: (0, 255, 57)
1552: (173, 181, 214)
1553: (132, 148, 173)
1554: (148, 165, 189)
1555: (74, 82, 90)
1556: (82, 90, 99)
1557: (107, 115, 123)
1558: (90, 115, 132)
1559: (107, 132, 148)
1560: (49, 82, 99)
1561: (66, 99, 115)
1562: (57, 74, 82)
1563: (8, 49, 66)
1564: (24, 66, 82)
1565: (41, 66, 74)
1566: (24, 57, 66)
1567: (0, 0, 0)
1568: (0, 0, 0)
1569: (0, 0, 0)
1570: (0, 0, 0)
1571: (0, 0, 0)
1572: (0, 0, 0)
1573: (0, 0, 0)
1574: (0, 0, 0)
1575: (0, 0, 0)
1576: (0, 0, 0)
1577: (0, 0, 0)
1578: (0, 0, 0)
1579: (0, 0, 0)
1580: (0, 0, 0)
1581: (0, 0, 0)
1582: (0, 0, 0)
1583: (0, 0, 0)
1584: (0, 0, 0)
1585: (0, 0, 0)
1586: (0, 0, 0)
1587: (0, 0, 0)
1588: (0, 0, 0)
1589: (0, 0, 0)
1590: (0, 0, 0)
1591: (0, 0, 0)
1592: (0, 0, 0)
1593: (0, 0, 0)
1594: (0, 0, 0)
1595: (0, 0, 0)
1596: (0, 0, 0)
1597: (0, 0, 0)
1598: (0, 0, 0)
1599: (0, 0, 0)
1600: (0, 0, 0)
1601: (0, 0, 0)
1602: (0, 0, 0)
1603: (0, 0, 0)
1604: (0, 0, 0)
1605: (0, 0, 0)
1606: (0, 0, 0)
1607: (0, 0, 0)
1608: (0, 0, 0)
1609: (0, 0, 0)
1610: (0, 0, 0)
1611: (0, 0, 0)
1612: (0, 0, 0)
1613: (0, 0, 0)
1614: (0, 0, 0)
1615: (0, 0, 0)
1616: (0, 0, 0)
1617: (0, 0, 0)
1618: (0, 0, 0)
1619: (0, 0, 0)
1620: (0, 0, 0)
1621: (0, 0, 0)
1622: (0, 0, 0)
1623: (0, 0, 0)
1624: (0, 0, 0)
1625: (0, 0, 0)
1626: (0, 0, 0)
1627: (0, 0, 0)
1628: (0, 0, 0)
1629: (0, 0, 0)
1630: (0, 0, 0)
1631: (0, 0, 0)
1632: (0, 0, 0)
1633: (0, 0, 0)
1634: (0, 0, 0)
1635: (0, 0, 0)
1636: (0, 0, 0)
1637: (0, 0, 0)
1638: (0, 0, 0)
1639: (0, 0, 0)
1640: (0, 0, 0)
1641: (0, 0, 0)
1642: (0, 0, 0)
1643: (0, 0, 0)
1644: (0, 0, 0)
1645: (0, 0, 0)
1646: (0, 0, 0)
1647: (0, 0, 0)
1648: (0, 0, 0)
1649: (0, 0, 0)
1650: (0, 0, 0)
1651: (0, 0, 0)
1652: (0, 0, 0)
1653: (0, 0, 0)
1654: (0, 0, 0)
1655: (0, 0, 0)
1656: (0, 0, 0)
1657: (0, 0, 0)
1658: (0, 0, 0)
1659: (0, 0, 0)
1660: (0, 0, 0)
1661: (0, 0, 0)
1662: (0, 0, 0)
1663: (0, 0, 0)
1664: (0, 0, 0)
1665: (0, 0, 0)
1666: (0, 0, 0)
1667: (0, 0, 0)
1668: (0, 0, 0)
1669: (0, 0, 0)
1670: (0, 0, 0)
1671: (0, 0, 0)
1672: (0, 0, 0)
1673: (0, 0, 0)
1674: (0, 0, 0)
1675: (0, 0, 0)
1676: (0, 0, 0)
1677: (0, 0, 0)
1678: (0, 0, 0)
1679: (0, 0, 0)
1680: (0, 0, 0)
1681: (0, 0, 0)
1682: (0, 0, 0)
1683: (0, 0, 0)
1684: (0, 0, 0)
1685: (0, 0, 0)
1686: (0, 0, 0)
1687: (0, 0, 0)
1688: (0, 0, 0)
1689: (0, 0, 0)
1690: (0, 0, 0)
1691: (0, 0, 0)
1692: (0, 0, 0)
1693: (0, 0, 0)
1694: (0, 0, 0)
1695: (0, 0, 0)
1696: (0, 0, 0)
1697: (0, 0, 0)
1698: (0, 0, 0)
1699: (0, 0, 0)
1700: (0, 0, 0)
1701: (0, 0, 0)
1702: (0, 0, 0)
1703: (0, 0, 0)
1704: (0, 0, 0)
1705: (0, 0, 0)
1706: (0, 0, 0)
1707: (0, 0, 0)
1708: (0, 0, 0)
1709: (0, 0, 0)
1710: (0, 0, 0)
1711: (0, 0, 0)
1712: (0, 0, 0)
1713: (0, 0, 0)
1714: (0, 0, 0)
1715: (0, 0, 0)
1716: (0, 0, 0)
1717: (0, 0, 0)
1718: (0, 0, 0)
1719: (0, 0, 0)
1720: (0, 0, 0)
1721: (0, 0, 0)
1722: (0, 0, 0)
1723: (0, 0, 0)
1724: (0, 0, 0)
1725: (0, 0, 0)
1726: (0, 0, 0)
1727: (0, 0, 0)
1728: (0, 0, 0)
1729: (0, 0, 0)
1730: (0, 0, 0)
1731: (0, 0, 0)
1732: (0, 0, 0)
1733: (0, 0, 0)
1734: (0, 0, 0)
1735: (0, 0, 0)
1736: (0, 0, 0)
1737: (0, 0, 0)
1738: (0, 0, 0)
1739: (0, 0, 0)
1740: (0, 0, 0)
1741: (0, 0, 0)
1742: (0, 0, 0)
1743: (0, 0, 0)
1744: (0, 0, 0)
1745: (0, 0, 0)
1746: (0, 0, 0)
1747: (0, 0, 0)
1748: (0, 0, 0)
1749: (0, 0, 0)
1750: (0, 0, 0)
1751: (0, 0, 0)
1752: (0, 0, 0)
1753: (0, 0, 0)
1754: (0, 0, 0)
1755: (0, 0, 0)
1756: (0, 0, 0)
1757: (0, 0, 0)
1758: (0, 0, 0)
1759: (0, 0, 0)
1760: (0, 0, 0)
1761: (0, 0, 0)
1762: (0, 0, 0)
1763: (0, 0, 0)
1764: (0, 0, 0)
1765: (0, 0, 0)
1766: (0, 0, 0)
1767: (0, 0, 0)
1768: (0, 0, 0)
1769: (0, 0, 0)
1770: (0, 0, 0)
1771: (0, 0, 0)
1772: (0, 0, 0)
1773: (0, 0, 0)
1774: (0, 0, 0)
1775: (0, 0, 0)
1776: (0, 0, 0)
1777: (0, 0, 0)
1778: (0, 0, 0)
1779: (0, 0, 0)
1780: (0, 0, 0)
1781: (0, 0, 0)
1782: (0, 0, 0)
1783: (0, 0, 0)
1784: (0, 0, 0)
1785: (0, 0, 0)
1786: (0, 0, 0)
1787: (0, 0, 0)
1788: (0, 0, 0)
1789: (0, 0, 0)
1790: (0, 0, 0)
1791: (0, 0, 0)
1792: (33, 33, 33)
1793: (41, 49, 49)
1794: (49, 8, 8)
1795: (33, 41, 49)
1796: (66, 8, 8)
1797: (41, 41, 33)
1798: (41, 49, 57)
1799: (41, 49, 66)
1800: (33, 33, 49)
1801: (82, 16, 16)
1802: (41, 41, 49)
1803: (33, 49, 57)
1804: (33, 41, 66)
1805: (74, 33, 41)
1806: (41, 49, 74)
1807: (49, 49, 66)
1808: (66, 49, 41)
1809: (57, 49, 57)
1810: (49, 57, 74)
1811: (33, 57, 115)
1812: (66, 57, 66)
1813: (57, 66, 90)
1814: (74, 57, 57)
1815: (49, 66, 82)
1816: (66, 66, 74)
1817: (57, 66, 115)
1818: (66, 66, 99)
1819: (90, 66, 66)
1820: (49, 66, 148)
1821: (57, 74, 90)
1822: (49, 74, 123)
1823: (74, 74, 82)
1824: (74, 74, 107)
1825: (66, 74, 123)
1826: (57, 74, 156)
1827: (66, 82, 99)
1828: (41, 74, 165)
1829: (82, 74, 82)
1830: (74, 82, 115)
1831: (99, 74, 82)
1832: (82, 82, 99)
1833: (66, 90, 107)
1834: (57, 74, 156)
1835: (66, 90, 123)
1836: (82, 82, 107)
1837: (82, 82, 123)
1838: (90, 90, 90)
1839: (41, 90, 173)
1840: (57, 90, 181)
1841: (107, 82, 57)
1842: (99, 82, 90)
1843: (66, 82, 165)
1844: (115, 82, 90)
1845: (74, 99, 115)
1846: (90, 90, 99)
1847: (49, 82, 198)
1848: (90, 90, 115)
1849: (82, 90, 140)
1850: (74, 99, 123)
1851: (99, 90, 99)
1852: (49, 99, 181)
1853: (82, 99, 140)
1854: (82, 99, 115)
1855: (66, 90, 173)
1856: (123, 90, 82)
1857: (57, 115, 115)
1858: (99, 99, 123)
1859: (66, 90, 198)
1860: (123, 90, 115)
1861: (107, 99, 99)
1862: (82, 107, 132)
1863: (90, 99, 140)
1864: (82, 99, 173)
1865: (99, 99, 123)
1866: (123, 99, 82)
1867: (82, 107, 123)
1868: (57, 107, 189)
1869: (74, 99, 198)
1870: (107, 107, 132)
1871: (107, 107, 115)
1872: (132, 99, 115)
1873: (90, 115, 132)
1874: (99, 107, 148)
1875: (90, 107, 173)
1876: (107, 107, 140)
1877: (115, 107, 123)
1878: (140, 107, 82)
1879: (82, 107, 189)
1880: (90, 123, 140)
1881: (140, 99, 123)
1882: (99, 115, 156)
1883: (66, 123, 206)
1884: (66, 140, 132)
1885: (123, 115, 123)
1886: (115, 115, 140)
1887: (107, 115, 173)
1888: (99, 123, 148)
1889: (123, 123, 123)
1890: (132, 115, 132)
1891: (115, 123, 148)
1892: (148, 107, 140)
1893: (156, 115, 99)
1894: (99, 123, 189)
1895: (115, 123, 165)
1896: (123, 123, 156)
1897: (99, 132, 156)
1898: (115, 132, 148)
1899: (123, 123, 140)
1900: (74, 132, 214)
1901: (156, 115, 132)
1902: (107, 123, 198)
1903: (123, 132, 165)
1904: (107, 140, 165)
1905: (132, 132, 140)
1906: (123, 132, 148)
1907: (115, 123, 181)
1908: (156, 115, 140)
1909: (132, 132, 156)
1910: (140, 132, 140)
1911: (90, 156, 140)
1912: (123, 132, 181)
1913: (123, 140, 165)
1914: (107, 148, 173)
1915: (132, 132, 173)
1916: (115, 132, 206)
1917: (132, 140, 156)
1918: (165, 132, 123)
1919: (148, 140, 140)
1920: (165, 123, 156)
1921: (140, 140, 173)
1922: (132, 140, 173)
1923: (140, 148, 156)
1924: (123, 140, 214)
1925: (132, 140, 198)
1926: (132, 148, 181)
1927: (99, 156, 222)
1928: (107, 156, 181)
1929: (140, 140, 181)
1930: (156, 140, 140)
1931: (148, 148, 156)
1932: (140, 148, 181)
1933: (132, 148, 206)
1934: (148, 148, 165)
1935: (148, 148, 189)
1936: (123, 156, 189)
1937: (140, 156, 181)
1938: (181, 140, 173)
1939: (99, 181, 156)
1940: (165, 156, 132)
1941: (148, 156, 173)
1942: (165, 148, 165)
1943: (140, 148, 214)
1944: (8, 222, 181)
1945: (148, 156, 189)
1946: (156, 156, 173)
1947: (132, 165, 189)
1948: (165, 156, 140)
1949: (156, 156, 198)
1950: (181, 148, 165)
1951: (156, 165, 173)
1952: (165, 165, 165)
1953: (148, 156, 214)
1954: (107, 173, 231)
1955: (132, 173, 206)
1956: (148, 173, 181)
1957: (165, 165, 198)
1958: (165, 173, 181)
1959: (156, 165, 214)
1960: (173, 173, 148)
1961: (140, 173, 206)
1962: (189, 165, 165)
1963: (140, 173, 239)
1964: (165, 165, 206)
1965: (107, 206, 148)
1966: (165, 173, 181)
1967: (165, 165, 231)
1968: (173, 173, 173)
1969: (173, 173, 206)
1970: (66, 222, 239)
1971: (189, 173, 181)
1972: (148, 181, 206)
1973: (165, 189, 181)
1974: (140, 181, 239)
1975: (173, 181, 198)
1976: (181, 181, 173)
1977: (181, 173, 214)
1978: (173, 173, 231)
1979: (165, 189, 181)
1980: (156, 189, 206)
1981: (198, 181, 173)
1982: (165, 181, 231)
1983: (181, 189, 206)
1984: (123, 222, 165)
1985: (189, 189, 189)
1986: (181, 181, 222)
1987: (231, 181, 123)
1988: (173, 198, 198)
1989: (173, 189, 231)
1990: (156, 206, 239)
1991: (189, 189, 222)
1992: (206, 189, 181)
1993: (198, 198, 198)
1994: (189, 198, 222)
1995: (206, 198, 198)
1996: (181, 206, 222)
1997: (198, 198, 222)
1998: (198, 198, 239)
1999: (206, 206, 173)
2000: (173, 214, 255)
2001: (148, 231, 231)
2002: (222, 198, 198)
2003: (198, 206, 239)
2004: (255, 198, 132)
2005: (206, 206, 222)
2006: (214, 214, 181)
2007: (206, 206, 247)
2008: (189, 222, 222)
2009: (239, 206, 198)
2010: (214, 214, 239)
2011: (231, 214, 206)
2012: (255, 214, 156)
2013: (222, 222, 239)
2014: (206, 231, 239)
2015: (239, 222, 206)
2016: (222, 222, 239)
2017: (206, 239, 239)
2018: (231, 231, 239)
2019: (247, 231, 198)
2020: (231, 239, 247)
2021: (214, 247, 247)
2022: (255, 239, 222)
2023: (247, 247, 247)
2024: (231, 255, 255)
2025: (255, 247, 231)
2026: (33, 74, 165)
2027: (41, 90, 173)
2028: (49, 82, 206)
2029: (49, 99, 181)
2030: (57, 115, 198)
2031: (57, 107, 214)
2032: (66, 123, 214)
2033: (74, 140, 222)
2034: (99, 156, 231)
2035: (115, 181, 239)
2036: (140, 198, 247)
2037: (181, 222, 255)
2038: (206, 239, 247)
2039: (214, 239, 255)
2040: (231, 247, 255)
2041: (231, 239, 255)
2042: (255, 255, 255)
2043: (255, 255, 255)
2044: (255, 255, 255)
2045: (255, 255, 255)
2046: (255, 255, 255)
2047: (255, 255, 255)
2048: (0, 0, 0)
2049: (0, 239, 239)
2050: (0, 231, 231)
2051: (0, 222, 222)
2052: (0, 214, 214)
2053: (0, 206, 206)
2054: (0, 198, 198)
2055: (0, 189, 189)
2056: (0, 181, 181)
2057: (0, 173, 173)
2058: (0, 165, 165)
2059: (0, 156, 156)
2060: (0, 148, 148)
2061: (0, 140, 140)
2062: (0, 132, 132)
2063: (0, 123, 123)
2064: (0, 115, 115)
2065: (0, 107, 107)
2066: (0, 99, 99)
2067: (0, 0, 0)
2068: (0, 247, 247)
2069: (0, 0, 0)
2070: (0, 0, 0)
2071: (0, 0, 0)
2072: (0, 0, 0)
2073: (0, 0, 0)
2074: (0, 0, 0)
2075: (0, 0, 0)
2076: (0, 0, 0)
2077: (0, 0, 0)
2078: (0, 0, 0)
2079: (0, 0, 0)
2080: (0, 0, 0)
2081: (0, 0, 0)
2082: (0, 0, 0)
2083: (0, 0, 0)
2084: (0, 0, 0)
2085: (0, 0, 0)
2086: (0, 0, 0)
2087: (0, 0, 0)
2088: (0, 0, 0)
2089: (0, 0, 0)
2090: (0, 0, 0)
2091: (0, 0, 0)
2092: (0, 0, 0)
2093: (0, 0, 0)
2094: (0, 0, 0)
2095: (0, 0, 0)
2096: (0, 0, 0)
2097: (0, 0, 0)
2098: (0, 0, 0)
2099: (0, 0, 0)
2100: (0, 0, 0)
2101: (0, 0, 0)
2102: (0, 0, 0)
2103: (0, 0, 0)
2104: (0, 0, 0)
2105: (0, 0, 0)
2106: (0, 0, 0)
2107: (0, 0, 0)
2108: (0, 0, 0)
2109: (0, 0, 0)
2110: (0, 0, 0)
2111: (0, 0, 0)
2112: (0, 0, 0)
2113: (0, 0, 0)
2114: (0, 0, 0)
2115: (0, 0, 0)
2116: (0, 0, 0)
2117: (0, 0, 0)
2118: (0, 0, 0)
2119: (0, 0, 0)
2120: (0, 0, 0)
2121: (0, 0, 0)
2122: (0, 0, 0)
2123: (0, 0, 0)
2124: (0, 0, 0)
2125: (0, 0, 0)
2126: (0, 0, 0)
2127: (0, 0, 0)
2128: (0, 0, 0)
2129: (0, 0, 0)
2130: (0, 0, 0)
2131: (0, 0, 0)
2132: (0, 0, 0)
2133: (0, 0, 0)
2134: (0, 0, 0)
2135: (0, 0, 0)
2136: (0, 0, 0)
2137: (0, 0, 0)
2138: (0, 0, 0)
2139: (0, 0, 0)
2140: (0, 0, 0)
2141: (0, 0, 0)
2142: (0, 0, 0)
2143: (0, 0, 0)
2144: (0, 0, 0)
2145: (0, 0, 0)
2146: (0, 0, 0)
2147: (0, 0, 0)
2148: (0, 0, 0)
2149: (0, 0, 0)
2150: (0, 0, 0)
2151: (0, 0, 0)
2152: (0, 0, 0)
2153: (0, 0, 0)
2154: (0, 0, 0)
2155: (0, 0, 0)
2156: (0, 0, 0)
2157: (0, 0, 0)
2158: (0, 0, 0)
2159: (0, 0, 0)
2160: (0, 0, 0)
2161: (0, 0, 0)
2162: (0, 0, 0)
2163: (0, 0, 0)
2164: (0, 0, 0)
2165: (0, 0, 0)
2166: (0, 0, 0)
2167: (0, 0, 0)
2168: (0, 0, 0)
2169: (0, 0, 0)
2170: (0, 0, 0)
2171: (0, 0, 0)
2172: (0, 0, 0)
2173: (0, 0, 0)
2174: (0, 0, 0)
2175: (0, 0, 0)
2176: (0, 0, 0)
2177: (0, 0, 0)
2178: (0, 0, 0)
2179: (0, 0, 0)
2180: (0, 0, 0)
2181: (0, 0, 0)
2182: (0, 0, 0)
2183: (0, 0, 0)
2184: (0, 0, 0)
2185: (0, 0, 0)
2186: (0, 0, 0)
2187: (0, 0, 0)
2188: (0, 0, 0)
2189: (0, 0, 0)
2190: (0, 0, 0)
2191: (0, 0, 0)
2192: (0, 0, 0)
2193: (0, 0, 0)
2194: (0, 0, 0)
2195: (0, 0, 0)
2196: (0, 0, 0)
2197: (0, 0, 0)
2198: (0, 0, 0)
2199: (0, 0, 0)
2200: (0, 0, 0)
2201: (0, 0, 0)
2202: (0, 0, 0)
2203: (0, 0, 0)
2204: (0, 0, 0)
2205: (0, 0, 0)
2206: (0, 0, 0)
2207: (0, 0, 0)
2208: (0, 0, 0)
2209: (0, 0, 0)
2210: (0, 0, 0)
2211: (0, 0, 0)
2212: (0, 0, 0)
2213: (0, 0, 0)
2214: (0, 0, 0)
2215: (0, 0, 0)
2216: (0, 0, 0)
2217: (0, 0, 0)
2218: (0, 0, 0)
2219: (0, 0, 0)
2220: (0, 0, 0)
2221: (0, 0, 0)
2222: (0, 0, 0)
2223: (0, 0, 0)
2224: (0, 0, 0)
2225: (0, 0, 0)
2226: (0, 0, 0)
2227: (0, 0, 0)
2228: (0, 0, 0)
2229: (0, 0, 0)
2230: (0, 0, 0)
2231: (0, 0, 0)
2232: (0, 0, 0)
2233: (0, 0, 0)
2234: (0, 0, 0)
2235: (0, 0, 0)
2236: (0, 0, 0)
2237: (0, 0, 0)
2238: (0, 0, 0)
2239: (0, 0, 0)
2240: (0, 0, 0)
2241: (0, 0, 0)
2242: (0, 0, 0)
2243: (0, 0, 0)
2244: (0, 0, 0)
2245: (0, 0, 0)
2246: (0, 0, 0)
2247: (0, 0, 0)
2248: (0, 0, 0)
2249: (0, 0, 0)
2250: (0, 0, 0)
2251: (0, 0, 0)
2252: (0, 0, 0)
2253: (0, 0, 0)
2254: (0, 0, 0)
2255: (0, 0, 0)
2256: (0, 0, 0)
2257: (0, 0, 0)
2258: (0, 0, 0)
2259: (0, 0, 0)
2260: (0, 0, 0)
2261: (0, 0, 0)
2262: (0, 0, 0)
2263: (0, 0, 0)
2264: (0, 0, 0)
2265: (0, 0, 0)
2266: (0, 0, 0)
2267: (0, 0, 0)
2268: (0, 0, 0)
2269: (0, 0, 0)
2270: (0, 0, 0)
2271: (0, 0, 0)
2272: (0, 0, 0)
2273: (0, 0, 0)
2274: (0, 0, 0)
2275: (0, 0, 0)
2276: (0, 0, 0)
2277: (0, 0, 0)
2278: (0, 0, 0)
2279: (0, 0, 0)
2280: (0, 0, 0)
2281: (0, 0, 0)
2282: (0, 0, 0)
2283: (0, 0, 0)
2284: (0, 0, 0)
2285: (0, 0, 0)
2286: (0, 0, 0)
2287: (0, 0, 0)
2288: (0, 0, 0)
2289: (0, 0, 0)
2290: (0, 0, 0)
2291: (0, 0, 0)
2292: (0, 0, 0)
2293: (0, 0, 0)
2294: (0, 0, 0)
2295: (0, 0, 0)
2296: (0, 0, 0)
2297: (0, 0, 0)
2298: (0, 0, 0)
2299: (0, 0, 0)
2300: (0, 0, 0)
2301: (0, 0, 0)
2302: (0, 0, 0)
2303: (0, 0, 0)
2304: (0, 0, 0)
2305: (222, 239, 247)
2306: (231, 247, 247)
2307: (222, 247, 247)
2308: (231, 247, 247)
2309: (189, 231, 239)
2310: (214, 239, 247)
2311: (222, 239, 247)
2312: (214, 239, 247)
2313: (214, 239, 247)
2314: (222, 239, 247)
2315: (198, 231, 239)
2316: (206, 239, 239)
2317: (239, 247, 255)
2318: (247, 255, 255)
2319: (231, 247, 247)
2320: (231, 247, 247)
2321: (239, 247, 255)
2322: (239, 247, 255)
2323: (247, 255, 255)
2324: (239, 247, 255)
2325: (239, 247, 255)
2326: (231, 247, 247)
2327: (239, 247, 255)
2328: (231, 247, 247)
2329: (222, 247, 247)
2330: (222, 239, 247)
2331: (231, 247, 247)
2332: (222, 239, 247)
2333: (214, 239, 247)
2334: (214, 239, 247)
2335: (231, 247, 247)
2336: (214, 239, 247)
2337: (214, 239, 247)
2338: (231, 247, 247)
2339: (206, 231, 239)
2340: (222, 239, 247)
2341: (231, 247, 247)
2342: (206, 231, 239)
2343: (206, 231, 239)
2344: (214, 239, 247)
2345: (206, 231, 239)
2346: (198, 231, 239)
2347: (198, 231, 239)
2348: (239, 247, 255)
2349: (231, 247, 247)
2350: (198, 231, 239)
2351: (231, 247, 247)
2352: (189, 231, 239)
2353: (214, 239, 247)
2354: (181, 222, 231)
2355: (165, 214, 231)
2356: (239, 247, 255)
2357: (181, 222, 239)
2358: (156, 214, 222)
2359: (231, 247, 247)
2360: (231, 247, 247)
2361: (222, 247, 247)
2362: (214, 239, 247)
2363: (222, 239, 247)
2364: (214, 239, 247)
2365: (156, 214, 222)
2366: (206, 231, 239)
2367: (214, 239, 247)
2368: (206, 231, 239)
2369: (198, 231, 239)
2370: (198, 231, 239)
2371: (181, 222, 231)
2372: (165, 214, 231)
2373: (165, 214, 231)
2374: (231, 247, 247)
2375: (181, 222, 239)
2376: (189, 231, 239)
2377: (165, 214, 231)
2378: (214, 239, 247)
2379: (173, 222, 231)
2380: (173, 214, 231)
2381: (214, 239, 247)
2382: (198, 231, 239)
2383: (189, 231, 239)
2384: (181, 222, 239)
2385: (156, 214, 222)
2386: (239, 247, 255)
2387: (247, 255, 255)
2388: (189, 231, 239)
2389: (198, 231, 239)
2390: (181, 222, 231)
2391: (214, 239, 247)
2392: (231, 247, 247)
2393: (239, 247, 255)
2394: (198, 231, 239)
2395: (231, 247, 247)
2396: (189, 231, 239)
2397: (173, 222, 231)
2398: (173, 222, 231)
2399: (214, 239, 247)
2400: (214, 239, 247)
2401: (222, 239, 247)
2402: (222, 239, 247)
2403: (231, 247, 247)
2404: (206, 231, 239)
2405: (239, 247, 255)
2406: (206, 231, 239)
2407: (222, 239, 247)
2408: (239, 247, 255)
2409: (198, 231, 239)
2410: (247, 255, 255)
2411: (198, 231, 239)
2412: (206, 231, 239)
2413: (189, 231, 239)
2414: (231, 247, 247)
2415: (214, 239, 247)
2416: (222, 239, 247)
2417: (206, 231, 239)
2418: (214, 239, 247)
2419: (231, 247, 247)
2420: (206, 231, 239)
2421: (214, 239, 247)
2422: (231, 247, 247)
2423: (206, 239, 239)
2424: (231, 247, 247)
2425: (231, 247, 247)
2426: (247, 255, 255)
2427: (231, 247, 247)
2428: (222, 239, 247)
2429: (173, 222, 231)
2430: (206, 231, 239)
2431: (173, 222, 231)
2432: (247, 255, 255)
2433: (189, 222, 239)
2434: (173, 214, 231)
2435: (247, 255, 255)
2436: (231, 247, 247)
2437: (231, 247, 247)
2438: (173, 222, 231)
2439: (181, 222, 231)
2440: (239, 247, 255)
2441: (198, 231, 239)
2442: (181, 222, 231)
2443: (165, 214, 231)
2444: (165, 214, 231)
2445: (239, 247, 255)
2446: (222, 239, 247)
2447: (206, 231, 239)
2448: (222, 239, 247)
2449: (206, 231, 239)
2450: (189, 231, 239)
2451: (214, 239, 247)
2452: (181, 222, 239)
2453: (181, 222, 231)
2454: (189, 231, 239)
2455: (173, 222, 231)
2456: (198, 231, 239)
2457: (181, 222, 231)
2458: (181, 222, 239)
2459: (181, 222, 231)
2460: (198, 231, 239)
2461: (181, 222, 231)
2462: (173, 222, 231)
2463: (206, 231, 239)
2464: (181, 222, 231)
2465: (214, 239, 247)
2466: (206, 231, 239)
2467: (206, 231, 239)
2468: (206, 239, 239)
2469: (198, 231, 239)
2470: (231, 247, 247)
2471: (222, 239, 247)
2472: (189, 231, 239)
2473: (189, 222, 239)
2474: (231, 247, 247)
2475: (198, 231, 239)
2476: (198, 231, 239)
2477: (189, 231, 239)
2478: (214, 239, 247)
2479: (189, 231, 239)
2480: (181, 222, 231)
2481: (173, 222, 231)
2482: (206, 231, 239)
2483: (222, 247, 247)
2484: (189, 222, 239)
2485: (222, 239, 247)
2486: (198, 231, 239)
2487: (214, 239, 247)
2488: (198, 231, 239)
2489: (214, 239, 247)
2490: (206, 231, 239)
2491: (214, 239, 247)
2492: (239, 247, 255)
2493: (198, 231, 239)
2494: (214, 239, 247)
2495: (206, 231, 239)
2496: (206, 231, 239)
2497: (206, 239, 239)
2498: (189, 231, 239)
2499: (214, 239, 247)
2500: (239, 247, 255)
2501: (181, 222, 231)
2502: (222, 239, 247)
2503: (214, 239, 247)
2504: (231, 247, 247)
2505: (247, 255, 255)
2506: (222, 239, 247)
2507: (231, 247, 247)
2508: (255, 255, 255)
2509: (231, 247, 247)
2510: (222, 239, 247)
2511: (247, 255, 255)
2512: (222, 247, 247)
2513: (214, 239, 247)
2514: (206, 231, 239)
2515: (214, 239, 247)
2516: (222, 239, 247)
2517: (222, 239, 247)
2518: (231, 247, 247)
2519: (231, 247, 247)
2520: (231, 247, 247)
2521: (239, 247, 255)
2522: (239, 247, 255)
2523: (247, 255, 255)
2524: (247, 255, 255)
2525: (255, 255, 255)
2526: (255, 255, 255)
2527: (255, 255, 255)
2528: (231, 247, 247)
2529: (148, 206, 222)
2530: (148, 206, 222)
2531: (148, 206, 222)
2532: (148, 206, 222)
2533: (148, 206, 222)
2534: (148, 206, 222)
2535: (148, 206, 222)
2536: (148, 206, 222)
2537: (148, 206, 222)
2538: (148, 206, 222)
2539: (148, 206, 222)
2540: (148, 206, 222)
2541: (148, 206, 222)
2542: (148, 206, 222)
2543: (148, 206, 222)
2544: (148, 206, 222)
2545: (148, 206, 222)
2546: (148, 206, 222)
2547: (148, 206, 222)
2548: (148, 206, 222)
2549: (148, 206, 222)
2550: (148, 206, 222)
2551: (148, 206, 222)
2552: (148, 206, 222)
2553: (148, 206, 222)
2554: (148, 206, 222)
2555: (148, 206, 222)
2556: (148, 206, 222)
2557: (148, 206, 222)
2558: (148, 206, 222)
2559: (148, 206, 222)
2560: (0, 0, 0)
2561: (140, 24, 33)
2562: (123, 16, 24)
2563: (132, 24, 33)
2564: (57, 74, 82)
2565: (57, 247, 247)
2566: (90, 123, 123)
2567: (74, 99, 99)
2568: (82, 107, 107)
2569: (90, 115, 115)
2570: (74, 90, 90)
2571: (66, 214, 206)
2572: (57, 173, 156)
2573: (41, 66, 57)
2574: (16, 33, 24)
2575: (41, 74, 57)
2576: (49, 82, 66)
2577: (24, 57, 41)
2578: (33, 66, 49)
2579: (24, 41, 33)
2580: (33, 49, 41)
2581: (41, 57, 49)
2582: (33, 90, 57)
2583: (24, 82, 49)
2584: (49, 90, 66)
2585: (66, 90, 74)
2586: (66, 99, 74)
2587: (33, 107, 49)
2588: (57, 115, 66)
2589: (74, 123, 74)
2590: (82, 132, 82)
2591: (49, 74, 49)
2592: (90, 123, 90)
2593: (82, 107, 82)
2594: (66, 82, 66)
2595: (107, 132, 107)
2596: (82, 99, 82)
2597: (66, 74, 66)
2598: (115, 123, 115)
2599: (107, 148, 99)
2600: (99, 132, 90)
2601: (123, 148, 107)
2602: (140, 165, 123)
2603: (132, 156, 115)
2604: (49, 66, 33)
2605: (57, 82, 33)
2606: (148, 173, 123)
2607: (74, 90, 49)
2608: (165, 181, 132)
2609: (99, 107, 82)
2610: (247, 247, 123)
2611: (247, 247, 189)
2612: (57, 57, 49)
2613: (181, 181, 156)
2614: (247, 247, 214)
2615: (66, 66, 57)
2616: (74, 74, 66)
2617: (82, 82, 74)
2618: (99, 99, 90)
2619: (90, 90, 82)
2620: (107, 107, 99)
2621: (247, 247, 231)
2622: (132, 132, 123)
2623: (115, 115, 107)
2624: (123, 123, 115)
2625: (140, 140, 132)
2626: (148, 148, 140)
2627: (247, 239, 99)
2628: (247, 239, 181)
2629: (239, 231, 189)
2630: (107, 90, 24)
2631: (247, 214, 90)
2632: (247, 206, 74)
2633: (247, 231, 173)
2634: (123, 115, 90)
2635: (222, 206, 165)
2636: (247, 222, 165)
2637: (107, 99, 82)
2638: (148, 140, 123)
2639: (173, 165, 148)
2640: (181, 173, 156)
2641: (247, 239, 222)
2642: (82, 57, 8)
2643: (57, 41, 8)
2644: (247, 189, 74)
2645: (165, 148, 115)
2646: (198, 189, 173)
2647: (189, 123, 8)
2648: (123, 82, 8)
2649: (99, 66, 8)
2650: (247, 173, 33)
2651: (107, 74, 16)
2652: (247, 181, 57)
2653: (247, 214, 156)
2654: (206, 198, 181)
2655: (206, 132, 8)
2656: (181, 115, 8)
2657: (165, 107, 8)
2658: (156, 99, 8)
2659: (140, 90, 8)
2660: (231, 148, 16)
2661: (90, 57, 8)
2662: (239, 156, 24)
2663: (148, 99, 16)
2664: (74, 49, 8)
2665: (247, 165, 33)
2666: (49, 33, 8)
2667: (222, 156, 49)
2668: (206, 148, 49)
2669: (239, 173, 66)
2670: (90, 66, 24)
2671: (198, 123, 8)
2672: (173, 107, 8)
2673: (222, 140, 16)
2674: (156, 107, 33)
2675: (107, 74, 24)
2676: (189, 132, 49)
2677: (173, 123, 49)
2678: (115, 82, 33)
2679: (214, 132, 16)
2680: (107, 66, 8)
2681: (132, 82, 16)
2682: (66, 41, 8)
2683: (115, 74, 16)
2684: (132, 90, 33)
2685: (247, 206, 148)
2686: (156, 132, 99)
2687: (247, 206, 156)
2688: (33, 24, 16)
2689: (173, 165, 156)
2690: (214, 206, 198)
2691: (41, 24, 8)
2692: (74, 57, 41)
2693: (82, 66, 49)
2694: (247, 198, 148)
2695: (222, 181, 140)
2696: (49, 41, 33)
2697: (156, 148, 140)
2698: (189, 181, 173)
2699: (222, 214, 206)
2700: (231, 222, 214)
2701: (74, 49, 24)
2702: (115, 90, 66)
2703: (148, 123, 99)
2704: (107, 90, 74)
2705: (132, 123, 115)
2706: (165, 156, 148)
2707: (140, 99, 66)
2708: (222, 165, 115)
2709: (231, 173, 123)
2710: (198, 148, 107)
2711: (247, 189, 140)
2712: (173, 132, 99)
2713: (231, 181, 140)
2714: (206, 165, 132)
2715: (214, 173, 140)
2716: (189, 132, 90)
2717: (239, 173, 123)
2718: (247, 181, 132)
2719: (165, 123, 90)
2720: (222, 165, 123)
2721: (140, 107, 82)
2722: (148, 115, 90)
2723: (181, 123, 82)
2724: (156, 107, 74)
2725: (198, 140, 99)
2726: (82, 57, 41)
2727: (115, 82, 57)
2728: (206, 148, 107)
2729: (214, 156, 115)
2730: (90, 66, 49)
2731: (181, 132, 99)
2732: (189, 140, 107)
2733: (198, 148, 115)
2734: (123, 99, 82)
2735: (206, 140, 99)
2736: (231, 165, 123)
2737: (239, 173, 132)
2738: (156, 115, 90)
2739: (99, 74, 57)
2740: (206, 156, 123)
2741: (107, 82, 66)
2742: (181, 123, 90)
2743: (132, 90, 66)
2744: (189, 132, 99)
2745: (148, 99, 74)
2746: (165, 115, 90)
2747: (132, 99, 82)
2748: (57, 41, 33)
2749: (173, 123, 99)
2750: (123, 90, 74)
2751: (181, 99, 66)
2752: (165, 107, 82)
2753: (165, 82, 57)
2754: (222, 115, 90)
2755: (148, 66, 49)
2756: (74, 24, 16)
2757: (247, 140, 123)
2758: (132, 57, 49)
2759: (165, 49, 41)
2760: (107, 8, 8)
2761: (57, 8, 8)
2762: (148, 33, 33)
2763: (90, 24, 24)
2764: (24, 8, 8)
2765: (107, 41, 41)
2766: (115, 49, 49)
2767: (41, 33, 33)
2768: (82, 74, 74)
2769: (99, 90, 90)
2770: (123, 115, 115)
2771: (99, 99, 99)
2772: (90, 90, 90)
2773: (82, 82, 82)
2774: (74, 74, 74)
2775: (66, 66, 66)
2776: (57, 57, 57)
2777: (49, 49, 49)
2778: (41, 41, 41)
2779: (33, 33, 33)
2780: (24, 24, 24)
2781: (16, 16, 16)
2782: (8, 8, 8)
2783: (0, 0, 0)
2784: (132, 8, 16)
2785: (0, 0, 0)
2786: (0, 0, 0)
2787: (0, 0, 0)
2788: (0, 0, 0)
2789: (0, 0, 0)
2790: (0, 0, 0)
2791: (0, 0, 0)
2792: (0, 0, 0)
2793: (0, 0, 0)
2794: (0, 0, 0)
2795: (0, 0, 0)
2796: (0, 0, 0)
2797: (0, 0, 0)
2798: (0, 0, 0)
2799: (0, 0, 0)
2800: (0, 0, 0)
2801: (0, 0, 0)
2802: (0, 0, 0)
2803: (0, 0, 0)
2804: (0, 0, 0)
2805: (0, 0, 0)
2806: (0, 0, 0)
2807: (0, 0, 0)
2808: (0, 0, 0)
2809: (0, 0, 0)
2810: (0, 0, 0)
2811: (0, 0, 0)
2812: (0, 0, 0)
2813: (0, 0, 0)
2814: (0, 0, 0)
2815: (0, 0, 0)
2816: (0, 0, 0)
2817: (239, 247, 247)
2818: (231, 239, 239)
2819: (222, 231, 239)
2820: (214, 231, 239)
2821: (214, 222, 222)
2822: (198, 214, 222)
2823: (189, 206, 214)
2824: (181, 198, 206)
2825: (173, 189, 198)
2826: (165, 181, 189)
2827: (156, 173, 181)
2828: (148, 165, 173)
2829: (140, 156, 165)
2830: (132, 148, 156)
2831: (123, 140, 148)
2832: (115, 132, 140)
2833: (107, 123, 132)
2834: (99, 115, 123)
2835: (90, 107, 115)
2836: (82, 99, 107)
2837: (74, 90, 99)
2838: (66, 82, 90)
2839: (57, 74, 82)
2840: (57, 66, 82)
2841: (49, 57, 74)
2842: (41, 49, 66)
2843: (33, 41, 57)
2844: (24, 33, 49)
2845: (24, 33, 49)
2846: (16, 16, 16)
2847: (0, 0, 0)
2848: (0, 0, 0)
2849: (41, 33, 33)
2850: (49, 41, 33)
2851: (66, 57, 41)
2852: (82, 66, 49)
2853: (99, 82, 57)
2854: (107, 90, 66)
2855: (123, 107, 74)
2856: (140, 123, 82)
2857: (156, 132, 82)
2858: (173, 148, 90)
2859: (181, 156, 99)
2860: (198, 173, 107)
2861: (214, 181, 115)
2862: (231, 198, 123)
2863: (247, 214, 132)
2864: (255, 231, 140)
2865: (255, 247, 148)
2866: (214, 189, 148)
2867: (181, 165, 140)
2868: (99, 90, 74)
2869: (107, 107, 99)
2870: (123, 123, 115)
2871: (148, 140, 123)
2872: (156, 156, 156)
2873: (173, 173, 173)
2874: (181, 181, 181)
2875: (189, 189, 189)
2876: (49, 8, 0)
2877: (74, 16, 8)
2878: (123, 33, 24)
2879: (173, 66, 57)
2880: (8, 8, 8)
2881: (0, 0, 41)
2882: (0, 0, 74)
2883: (0, 0, 107)
2884: (0, 0, 148)
2885: (0, 0, 181)
2886: (0, 0, 214)
2887: (0, 0, 255)
2888: (24, 24, 255)
2889: (57, 57, 255)
2890: (90, 90, 255)
2891: (123, 123, 255)
2892: (156, 156, 255)
2893: (189, 189, 255)
2894: (222, 222, 255)
2895: (255, 255, 255)
2896: (8, 8, 8)
2897: (41, 0, 0)
2898: (74, 0, 0)
2899: (107, 0, 0)
2900: (148, 0, 0)
2901: (181, 0, 0)
2902: (214, 0, 0)
2903: (255, 0, 0)
2904: (255, 24, 24)
2905: (255, 57, 57)
2906: (255, 90, 90)
2907: (255, 123, 123)
2908: (255, 156, 156)
2909: (255, 189, 189)
2910: (255, 222, 222)
2911: (255, 255, 255)
2912: (8, 8, 8)
2913: (0, 24, 24)
2914: (0, 41, 0)
2915: (0, 57, 0)
2916: (0, 74, 0)
2917: (0, 90, 0)
2918: (0, 107, 0)
2919: (0, 132, 0)
2920: (24, 140, 24)
2921: (57, 156, 57)
2922: (90, 173, 90)
2923: (123, 189, 123)
2924: (156, 206, 156)
2925: (189, 222, 189)
2926: (222, 239, 222)
2927: (255, 255, 255)
2928: (33, 0, 0)
2929: (41, 0, 0)
2930: (49, 0, 0)
2931: (57, 8, 8)
2932: (66, 8, 8)
2933: (74, 16, 8)
2934: (82, 16, 16)
2935: (90, 24, 16)
2936: (107, 24, 16)
2937: (115, 33, 24)
2938: (123, 33, 24)
2939: (132, 41, 24)
2940: (140, 41, 33)
2941: (148, 49, 33)
2942: (156, 49, 33)
2943: (173, 57, 41)
2944: (173, 57, 41)
2945: (173, 57, 41)
2946: (181, 66, 49)
2947: (189, 74, 57)
2948: (189, 74, 57)
2949: (198, 82, 66)
2950: (206, 90, 74)
2951: (206, 90, 74)
2952: (214, 99, 82)
2953: (222, 107, 90)
2954: (222, 107, 90)
2955: (231, 115, 99)
2956: (239, 123, 107)
2957: (239, 123, 107)
2958: (247, 132, 115)
2959: (255, 140, 123)
2960: (0, 0, 0)
2961: (0, 0, 0)
2962: (0, 0, 0)
2963: (0, 0, 0)
2964: (0, 0, 0)
2965: (0, 0, 0)
2966: (0, 0, 0)
2967: (0, 0, 0)
2968: (0, 0, 0)
2969: (0, 0, 0)
2970: (0, 0, 0)
2971: (0, 0, 0)
2972: (0, 0, 0)
2973: (0, 0, 0)
2974: (0, 0, 0)
2975: (0, 0, 0)
2976: (0, 0, 0)
2977: (0, 0, 0)
2978: (0, 0, 0)
2979: (0, 0, 0)
2980: (0, 0, 0)
2981: (0, 0, 0)
2982: (0, 0, 0)
2983: (0, 0, 0)
2984: (0, 0, 0)
2985: (0, 0, 0)
2986: (0, 0, 0)
2987: (0, 0, 0)
2988: (0, 0, 0)
2989: (0, 0, 0)
2990: (0, 0, 0)
2991: (0, 0, 0)
2992: (0, 0, 0)
2993: (0, 0, 0)
2994: (0, 0, 0)
2995: (0, 0, 0)
2996: (0, 0, 0)
2997: (0, 0, 0)
2998: (0, 0, 0)
2999: (0, 0, 0)
3000: (0, 0, 0)
3001: (0, 0, 0)
3002: (0, 0, 0)
3003: (0, 0, 0)
3004: (0, 0, 0)
3005: (0, 0, 0)
3006: (0, 0, 0)
3007: (0, 0, 0)
3008: (0, 0, 0)
3009: (0, 0, 0)
3010: (0, 0, 0)
3011: (0, 0, 0)
3012: (0, 0, 0)
3013: (0, 0, 0)
3014: (0, 0, 0)
3015: (0, 0, 0)
3016: (0, 0, 0)
3017: (0, 0, 0)
3018: (0, 0, 0)
3019: (0, 0, 0)
3020: (0, 0, 0)
3021: (0, 0, 0)
3022: (0, 0, 0)
3023: (0, 0, 0)
3024: (0, 0, 0)
3025: (0, 0, 0)
3026: (0, 0, 0)
3027: (0, 0, 0)
3028: (0, 0, 0)
3029: (0, 0, 0)
3030: (0, 0, 0)
3031: (0, 0, 0)
3032: (0, 0, 0)
3033: (0, 0, 0)
3034: (0, 0, 0)
3035: (0, 0, 0)
3036: (0, 0, 0)
3037: (0, 0, 0)
3038: (0, 0, 0)
3039: (0, 0, 0)
3040: (0, 0, 0)
3041: (0, 0, 0)
3042: (0, 0, 0)
3043: (0, 0, 0)
3044: (0, 0, 0)
3045: (0, 0, 0)
3046: (0, 0, 0)
3047: (0, 0, 0)
3048: (0, 0, 0)
3049: (0, 0, 0)
3050: (0, 0, 0)
3051: (0, 0, 0)
3052: (0, 0, 0)
3053: (0, 0, 0)
3054: (0, 0, 0)
3055: (0, 0, 0)
3056: (0, 0, 0)
3057: (0, 0, 0)
3058: (0, 0, 0)
3059: (0, 0, 0)
3060: (0, 0, 0)
3061: (0, 0, 0)
3062: (0, 0, 0)
3063: (0, 0, 0)
3064: (0, 0, 0)
3065: (0, 0, 0)
3066: (0, 0, 0)
3067: (0, 0, 0)
3068: (0, 0, 0)
3069: (0, 0, 0)
3070: (0, 0, 0)
3071: (0, 0, 0)
3072: (214, 206, 214)
3073: (24, 16, 66)
3074: (24, 16, 74)
3075: (24, 24, 33)
3076: (33, 33, 41)
3077: (41, 41, 49)
3078: (74, 74, 82)
3079: (173, 173, 206)
3080: (16, 24, 49)
3081: (148, 165, 189)
3082: (8, 24, 57)
3083: (24, 33, 49)
3084: (49, 57, 74)
3085: (140, 148, 173)
3086: (132, 140, 165)
3087: (123, 132, 148)
3088: (0, 16, 41)
3089: (16, 33, 57)
3090: (0, 24, 49)
3091: (0, 16, 33)
3092: (8, 24, 41)
3093: (16, 33, 49)
3094: (24, 41, 57)
3095: (33, 49, 66)
3096: (74, 99, 123)
3097: (24, 33, 41)
3098: (90, 115, 140)
3099: (33, 41, 49)
3100: (107, 132, 156)
3101: (82, 99, 115)
3102: (41, 49, 57)
3103: (49, 57, 66)
3104: (57, 66, 74)
3105: (66, 74, 82)
3106: (140, 156, 173)
3107: (82, 90, 99)
3108: (90, 99, 107)
3109: (99, 107, 115)
3110: (107, 115, 123)
3111: (115, 123, 132)
3112: (123, 132, 140)
3113: (132, 140, 148)
3114: (140, 148, 156)
3115: (156, 165, 173)
3116: (165, 173, 181)
3117: (107, 123, 132)
3118: (24, 74, 115)
3119: (99, 107, 123)
3120: (0, 41, 74)
3121: (8, 49, 82)
3122: (41, 74, 99)
3123: (57, 90, 115)
3124: (74, 107, 132)
3125: (82, 90, 107)
3126: (8, 33, 49)
3127: (24, 49, 66)
3128: (33, 57, 74)
3129: (41, 66, 82)
3130: (57, 82, 99)
3131: (115, 140, 156)
3132: (16, 57, 82)
3133: (0, 66, 99)
3134: (0, 33, 49)
3135: (8, 41, 57)
3136: (16, 49, 66)
3137: (24, 57, 74)
3138: (33, 66, 82)
3139: (16, 33, 41)
3140: (24, 41, 49)
3141: (57, 90, 107)
3142: (99, 148, 173)
3143: (66, 99, 115)
3144: (33, 49, 57)
3145: (41, 57, 66)
3146: (49, 66, 74)
3147: (115, 132, 140)
3148: (123, 140, 148)
3149: (132, 148, 156)
3150: (140, 156, 165)
3151: (189, 206, 214)
3152: (0, 57, 82)
3153: (0, 41, 57)
3154: (8, 49, 66)
3155: (16, 57, 74)
3156: (33, 90, 115)
3157: (24, 66, 82)
3158: (41, 74, 90)
3159: (24, 57, 74)
3160: (33, 57, 66)
3161: (41, 66, 74)
3162: (49, 74, 82)
3163: (57, 82, 90)
3164: (66, 90, 99)
3165: (74, 99, 107)
3166: (99, 123, 132)
3167: (107, 132, 140)
3168: (115, 140, 148)
3169: (123, 148, 156)
3170: (132, 156, 165)
3171: (140, 165, 173)
3172: (156, 181, 189)
3173: (16, 49, 57)
3174: (24, 57, 66)
3175: (41, 74, 82)
3176: (74, 107, 115)
3177: (90, 123, 132)
3178: (24, 66, 74)
3179: (41, 82, 90)
3180: (0, 49, 57)
3181: (8, 57, 66)
3182: (16, 66, 74)
3183: (8, 66, 74)
3184: (82, 115, 115)
3185: (41, 57, 57)
3186: (66, 90, 90)
3187: (74, 99, 99)
3188: (49, 66, 66)
3189: (107, 140, 140)
3190: (57, 74, 74)
3191: (90, 115, 115)
3192: (33, 41, 41)
3193: (74, 90, 90)
3194: (123, 148, 148)
3195: (82, 99, 99)
3196: (41, 49, 49)
3197: (90, 107, 107)
3198: (99, 115, 115)
3199: (49, 57, 57)
3200: (107, 123, 123)
3201: (115, 132, 132)
3202: (123, 140, 140)
3203: (132, 148, 148)
3204: (66, 74, 74)
3205: (140, 156, 156)
3206: (74, 82, 82)
3207: (156, 173, 173)
3208: (82, 90, 90)
3209: (90, 99, 99)
3210: (189, 206, 206)
3211: (99, 107, 107)
3212: (107, 115, 115)
3213: (115, 123, 123)
3214: (132, 140, 140)
3215: (123, 132, 132)
3216: (140, 148, 148)
3217: (148, 156, 156)
3218: (165, 173, 173)
3219: (156, 165, 165)
3220: (173, 181, 181)
3221: (198, 206, 206)
3222: (189, 198, 198)
3223: (214, 222, 222)
3224: (206, 255, 247)
3225: (99, 132, 123)
3226: (82, 107, 99)
3227: (0, 255, 132)
3228: (90, 107, 99)
3229: (24, 66, 0)
3230: (74, 74, 49)
3231: (49, 49, 33)
3232: (74, 74, 57)
3233: (148, 140, 115)
3234: (107, 99, 82)
3235: (132, 123, 99)
3236: (74, 66, 49)
3237: (90, 82, 66)
3238: (115, 90, 66)
3239: (99, 82, 66)
3240: (82, 66, 57)
3241: (189, 49, 0)
3242: (74, 49, 41)
3243: (82, 57, 49)
3244: (132, 0, 0)
3245: (173, 173, 173)
3246: (33, 33, 33)
3247: (24, 24, 24)
3248: (0, 0, 0)
3249: (0, 0, 0)
3250: (0, 0, 0)
3251: (0, 0, 0)
3252: (0, 0, 0)
3253: (0, 0, 0)
3254: (0, 0, 0)
3255: (0, 0, 0)
3256: (0, 0, 0)
3257: (0, 0, 0)
3258: (0, 0, 0)
3259: (0, 0, 0)
3260: (0, 0, 0)
3261: (0, 0, 0)
3262: (0, 0, 0)
3263: (0, 0, 0)
3264: (0, 0, 0)
3265: (0, 0, 0)
3266: (0, 0, 0)
3267: (0, 0, 0)
3268: (0, 0, 0)
3269: (0, 0, 0)
3270: (0, 0, 0)
3271: (0, 0, 0)
3272: (0, 0, 0)
3273: (0, 0, 0)
3274: (0, 0, 0)
3275: (0, 0, 0)
3276: (0, 0, 0)
3277: (0, 0, 0)
3278: (0, 0, 0)
3279: (0, 0, 0)
3280: (0, 0, 0)
3281: (0, 0, 0)
3282: (0, 0, 0)
3283: (0, 0, 0)
3284: (0, 0, 0)
3285: (0, 0, 0)
3286: (0, 0, 0)
3287: (0, 0, 0)
3288: (0, 0, 0)
3289: (0, 0, 0)
3290: (0, 0, 0)
3291: (0, 0, 0)
3292: (0, 0, 0)
3293: (0, 0, 0)
3294: (0, 0, 0)
3295: (0, 0, 0)
3296: (0, 0, 0)
3297: (0, 0, 0)
3298: (0, 0, 0)
3299: (0, 0, 0)
3300: (0, 0, 0)
3301: (0, 0, 0)
3302: (0, 0, 0)
3303: (0, 0, 0)
3304: (0, 0, 0)
3305: (0, 0, 0)
3306: (0, 0, 0)
3307: (0, 0, 0)
3308: (0, 0, 0)
3309: (0, 0, 0)
3310: (0, 0, 0)
3311: (0, 0, 0)
3312: (0, 0, 0)
3313: (0, 0, 0)
3314: (0, 0, 0)
3315: (0, 0, 0)
3316: (0, 0, 0)
3317: (0, 0, 0)
3318: (0, 0, 0)
3319: (0, 0, 0)
3320: (0, 0, 0)
3321: (0, 0, 0)
3322: (0, 0, 0)
3323: (0, 0, 0)
3324: (0, 0, 0)
3325: (0, 0, 0)
3326: (0, 0, 0)
3327: (0, 0, 0)
3328: (0, 0, 0)
3329: (0, 0, 0)
3330: (0, 0, 0)
3331: (0, 0, 0)
3332: (0, 0, 0)
3333: (0, 0, 0)
3334: (0, 0, 0)
3335: (0, 0, 0)
3336: (0, 0, 0)
3337: (0, 0, 0)
3338: (0, 0, 0)
3339: (0, 0, 0)
3340: (0, 0, 0)
3341: (0, 0, 0)
3342: (0, 0, 0)
3343: (0, 0, 0)
3344: (0, 0, 0)
3345: (0, 0, 0)
3346: (0, 0, 0)
3347: (0, 0, 0)
3348: (0, 0, 0)
3349: (0, 0, 0)
3350: (0, 0, 0)
3351: (0, 0, 0)
3352: (0, 0, 0)
3353: (0, 0, 0)
3354: (0, 0, 0)
3355: (0, 0, 0)
3356: (0, 0, 0)
3357: (0, 0, 0)
3358: (0, 0, 0)
3359: (0, 0, 0)
3360: (0, 0, 0)
3361: (0, 0, 0)
3362: (0, 0, 0)
3363: (0, 0, 0)
3364: (0, 0, 0)
3365: (0, 0, 0)
3366: (0, 0, 0)
3367: (0, 0, 0)
3368: (0, 0, 0)
3369: (0, 0, 0)
3370: (0, 0, 0)
3371: (0, 0, 0)
3372: (0, 0, 0)
3373: (0, 0, 0)
3374: (0, 0, 0)
3375: (0, 0, 0)
3376: (0, 0, 0)
3377: (0, 0, 0)
3378: (0, 0, 0)
3379: (0, 0, 0)
3380: (0, 0, 0)
3381: (0, 0, 0)
3382: (0, 0, 0)
3383: (0, 0, 0)
3384: (0, 0, 0)
3385: (0, 0, 0)
3386: (0, 0, 0)
3387: (0, 0, 0)
3388: (0, 0, 0)
3389: (0, 0, 0)
3390: (0, 0, 0)
3391: (0, 0, 0)
3392: (0, 0, 0)
3393: (0, 0, 0)
3394: (0, 0, 0)
3395: (0, 0, 0)
3396: (0, 0, 0)
3397: (0, 0, 0)
3398: (0, 0, 0)
3399: (0, 0, 0)
3400: (0, 0, 0)
3401: (0, 0, 0)
3402: (0, 0, 0)
3403: (0, 0, 0)
3404: (0, 0, 0)
3405: (0, 0, 0)
3406: (0, 0, 0)
3407: (0, 0, 0)
3408: (0, 0, 0)
3409: (0, 0, 0)
3410: (0, 0, 0)
3411: (0, 0, 0)
3412: (0, 0, 0)
3413: (0, 0, 0)
3414: (0, 0, 0)
3415: (0, 0, 0)
3416: (0, 0, 0)
3417: (0, 0, 0)
3418: (0, 0, 0)
3419: (0, 0, 0)
3420: (0, 0, 0)
3421: (0, 0, 0)
3422: (0, 0, 0)
3423: (0, 0, 0)
3424: (0, 0, 0)
3425: (0, 0, 0)
3426: (0, 0, 0)
3427: (0, 0, 0)
3428: (0, 0, 0)
3429: (0, 0, 0)
3430: (0, 0, 0)
3431: (0, 0, 0)
3432: (0, 0, 0)
3433: (0, 0, 0)
3434: (0, 0, 0)
3435: (0, 0, 0)
3436: (0, 0, 0)
3437: (0, 0, 0)
3438: (0, 0, 0)
3439: (0, 0, 0)
3440: (0, 0, 0)
3441: (0, 0, 0)
3442: (0, 0, 0)
3443: (0, 0, 0)
3444: (0, 0, 0)
3445: (0, 0, 0)
3446: (0, 0, 0)
3447: (0, 0, 0)
3448: (0, 0, 0)
3449: (0, 0, 0)
3450: (0, 0, 0)
3451: (0, 0, 0)
3452: (0, 0, 0)
3453: (0, 0, 0)
3454: (0, 0, 0)
3455: (0, 0, 0)
3456: (0, 0, 0)
3457: (0, 0, 0)
3458: (0, 0, 0)
3459: (0, 0, 0)
3460: (0, 0, 0)
3461: (0, 0, 0)
3462: (0, 0, 0)
3463: (0, 0, 0)
3464: (0, 0, 0)
3465: (0, 0, 0)
3466: (0, 0, 0)
3467: (0, 0, 0)
3468: (0, 0, 0)
3469: (0, 0, 0)
3470: (0, 0, 0)
3471: (0, 0, 0)
3472: (0, 0, 0)
3473: (0, 0, 0)
3474: (0, 0, 0)
3475: (0, 0, 0)
3476: (0, 0, 0)
3477: (0, 0, 0)
3478: (0, 0, 0)
3479: (0, 0, 0)
3480: (0, 0, 0)
3481: (0, 0, 0)
3482: (0, 0, 0)
3483: (0, 0, 0)
3484: (0, 0, 0)
3485: (0, 0, 0)
3486: (0, 0, 0)
3487: (0, 0, 0)
3488: (0, 0, 0)
3489: (0, 0, 0)
3490: (0, 0, 0)
3491: (0, 0, 0)
3492: (0, 0, 0)
3493: (0, 0, 0)
3494: (0, 0, 0)
3495: (0, 0, 0)
3496: (0, 0, 0)
3497: (0, 0, 0)
3498: (0, 0, 0)
3499: (0, 0, 0)
3500: (0, 0, 0)
3501: (0, 0, 0)
3502: (0, 0, 0)
3503: (0, 0, 0)
3504: (0, 0, 0)
3505: (0, 0, 0)
3506: (0, 0, 0)
3507: (0, 0, 0)
3508: (0, 0, 0)
3509: (0, 0, 0)
3510: (0, 0, 0)
3511: (0, 0, 0)
3512: (0, 0, 0)
3513: (0, 0, 0)
3514: (0, 0, 0)
3515: (0, 0, 0)
3516: (0, 0, 0)
3517: (0, 0, 0)
3518: (0, 0, 0)
3519: (0, 0, 0)
3520: (0, 0, 0)
3521: (0, 0, 0)
3522: (0, 0, 0)
3523: (0, 0, 0)
3524: (0, 0, 0)
3525: (0, 0, 0)
3526: (0, 0, 0)
3527: (0, 0, 0)
3528: (0, 0, 0)
3529: (0, 0, 0)
3530: (0, 0, 0)
3531: (0, 0, 0)
3532: (0, 0, 0)
3533: (0, 0, 0)
3534: (0, 0, 0)
3535: (0, 0, 0)
3536: (0, 0, 0)
3537: (0, 0, 0)
3538: (0, 0, 0)
3539: (0, 0, 0)
3540: (0, 0, 0)
3541: (0, 0, 0)
3542: (0, 0, 0)
3543: (0, 0, 0)
3544: (0, 0, 0)
3545: (0, 0, 0)
3546: (0, 0, 0)
3547: (0, 0, 0)
3548: (0, 0, 0)
3549: (0, 0, 0)
3550: (0, 0, 0)
3551: (0, 0, 0)
3552: (0, 0, 0)
3553: (0, 0, 0)
3554: (0, 0, 0)
3555: (0, 0, 0)
3556: (0, 0, 0)
3557: (0, 0, 0)
3558: (0, 0, 0)
3559: (0, 0, 0)
3560: (0, 0, 0)
3561: (0, 0, 0)
3562: (0, 0, 0)
3563: (0, 0, 0)
3564: (0, 0, 0)
3565: (0, 0, 0)
3566: (0, 0, 0)
3567: (0, 0, 0)
3568: (0, 0, 0)
3569: (0, 0, 0)
3570: (0, 0, 0)
3571: (0, 0, 0)
3572: (0, 0, 0)
3573: (0, 0, 0)
3574: (0, 0, 0)
3575: (0, 0, 0)
3576: (0, 0, 0)
3577: (0, 0, 0)
3578: (0, 0, 0)
3579: (0, 0, 0)
3580: (0, 0, 0)
3581: (0, 0, 0)
3582: (0, 0, 0)
3583: (0, 0, 0)
3584: (0, 0, 0)
3585: (0, 0, 0)
3586: (0, 0, 0)
3587: (0, 0, 0)
3588: (0, 0, 0)
3589: (0, 0, 0)
3590: (0, 0, 0)
3591: (0, 0, 0)
3592: (0, 0, 0)
3593: (0, 0, 0)
3594: (0, 0, 0)
3595: (0, 0, 0)
3596: (0, 0, 0)
3597: (0, 0, 0)
3598: (0, 0, 0)
3599: (0, 0, 0)
3600: (0, 0, 0)
3601: (0, 0, 0)
3602: (0, 0, 0)
3603: (0, 0, 0)
3604: (0, 0, 0)
3605: (0, 0, 0)
3606: (0, 0, 0)
3607: (0, 0, 0)
3608: (0, 0, 0)
3609: (0, 0, 0)
3610: (0, 0, 0)
3611: (0, 0, 0)
3612: (0, 0, 0)
3613: (0, 0, 0)
3614: (0, 0, 0)
3615: (0, 0, 0)
3616: (0, 0, 0)
3617: (0, 0, 0)
3618: (0, 0, 0)
3619: (0, 0, 0)
3620: (0, 0, 0)
3621: (0, 0, 0)
3622: (0, 0, 0)
3623: (0, 0, 0)
3624: (0, 0, 0)
3625: (0, 0, 0)
3626: (0, 0, 0)
3627: (0, 0, 0)
3628: (0, 0, 0)
3629: (0, 0, 0)
3630: (0, 0, 0)
3631: (0, 0, 0)
3632: (0, 0, 0)
3633: (0, 0, 0)
3634: (0, 0, 0)
3635: (0, 0, 0)
3636: (0, 0, 0)
3637: (0, 0, 0)
3638: (0, 0, 0)
3639: (0, 0, 0)
3640: (0, 0, 0)
3641: (0, 0, 0)
3642: (0, 0, 0)
3643: (0, 0, 0)
3644: (0, 0, 0)
3645: (0, 0, 0)
3646: (0, 0, 0)
3647: (0, 0, 0)
3648: (0, 0, 0)
3649: (0, 0, 0)
3650: (0, 0, 0)
3651: (0, 0, 0)
3652: (0, 0, 0)
3653: (0, 0, 0)
3654: (0, 0, 0)
3655: (0, 0, 0)
3656: (0, 0, 0)
3657: (0, 0, 0)
3658: (0, 0, 0)
3659: (0, 0, 0)
3660: (0, 0, 0)
3661: (0, 0, 0)
3662: (0, 0, 0)
3663: (0, 0, 0)
3664: (0, 0, 0)
3665: (0, 0, 0)
3666: (0, 0, 0)
3667: (0, 0, 0)
3668: (0, 0, 0)
3669: (0, 0, 0)
3670: (0, 0, 0)
3671: (0, 0, 0)
3672: (0, 0, 0)
3673: (0, 0, 0)
3674: (0, 0, 0)
3675: (0, 0, 0)
3676: (0, 0, 0)
3677: (0, 0, 0)
3678: (0, 0, 0)
3679: (0, 0, 0)
3680: (0, 0, 0)
3681: (0, 0, 0)
3682: (0, 0, 0)
3683: (0, 0, 0)
3684: (0, 0, 0)
3685: (0, 0, 0)
3686: (0, 0, 0)
3687: (0, 0, 0)
3688: (0, 0, 0)
3689: (0, 0, 0)
3690: (0, 0, 0)
3691: (0, 0, 0)
3692: (0, 0, 0)
3693: (0, 0, 0)
3694: (0, 0, 0)
3695: (0, 0, 0)
3696: (0, 0, 0)
3697: (0, 0, 0)
3698: (0, 0, 0)
3699: (0, 0, 0)
3700: (0, 0, 0)
3701: (0, 0, 0)
3702: (0, 0, 0)
3703: (0, 0, 0)
3704: (0, 0, 0)
3705: (0, 0, 0)
3706: (0, 0, 0)
3707: (0, 0, 0)
3708: (0, 0, 0)
3709: (0, 0, 0)
3710: (0, 0, 0)
3711: (0, 0, 0)
3712: (0, 0, 0)
3713: (0, 0, 0)
3714: (0, 0, 0)
3715: (0, 0, 0)
3716: (0, 0, 0)
3717: (0, 0, 0)
3718: (0, 0, 0)
3719: (0, 0, 0)
3720: (0, 0, 0)
3721: (0, 0, 0)
3722: (0, 0, 0)
3723: (0, 0, 0)
3724: (0, 0, 0)
3725: (0, 0, 0)
3726: (0, 0, 0)
3727: (0, 0, 0)
3728: (0, 0, 0)
3729: (0, 0, 0)
3730: (0, 0, 0)
3731: (0, 0, 0)
3732: (0, 0, 0)
3733: (0, 0, 0)
3734: (0, 0, 0)
3735: (0, 0, 0)
3736: (0, 0, 0)
3737: (0, 0, 0)
3738: (0, 0, 0)
3739: (0, 0, 0)
3740: (0, 0, 0)
3741: (0, 0, 0)
3742: (0, 0, 0)
3743: (0, 0, 0)
3744: (0, 0, 0)
3745: (0, 0, 0)
3746: (0, 0, 0)
3747: (0, 0, 0)
3748: (0, 0, 0)
3749: (0, 0, 0)
3750: (0, 0, 0)
3751: (0, 0, 0)
3752: (0, 0, 0)
3753: (0, 0, 0)
3754: (0, 0, 0)
3755: (0, 0, 0)
3756: (0, 0, 0)
3757: (0, 0, 0)
3758: (0, 0, 0)
3759: (0, 0, 0)
3760: (0, 0, 0)
3761: (0, 0, 0)
3762: (0, 0, 0)
3763: (0, 0, 0)
3764: (0, 0, 0)
3765: (0, 0, 0)
3766: (0, 0, 0)
3767: (0, 0, 0)
3768: (0, 0, 0)
3769: (0, 0, 0)
3770: (0, 0, 0)
3771: (0, 0, 0)
3772: (0, 0, 0)
3773: (0, 0, 0)
3774: (0, 0, 0)
3775: (0, 0, 0)
3776: (0, 0, 0)
3777: (0, 0, 0)
3778: (0, 0, 0)
3779: (0, 0, 0)
3780: (0, 0, 0)
3781: (0, 0, 0)
3782: (0, 0, 0)
3783: (0, 0, 0)
3784: (0, 0, 0)
3785: (0, 0, 0)
3786: (0, 0, 0)
3787: (0, 0, 0)
3788: (0, 0, 0)
3789: (0, 0, 0)
3790: (0, 0, 0)
3791: (0, 0, 0)
3792: (0, 0, 0)
3793: (0, 0, 0)
3794: (0, 0, 0)
3795: (0, 0, 0)
3796: (0, 0, 0)
3797: (0, 0, 0)
3798: (0, 0, 0)
3799: (0, 0, 0)
3800: (0, 0, 0)
3801: (0, 0, 0)
3802: (0, 0, 0)
3803: (0, 0, 0)
3804: (0, 0, 0)
3805: (0, 0, 0)
3806: (0, 0, 0)
3807: (0, 0, 0)
3808: (0, 0, 0)
3809: (0, 0, 0)
3810: (0, 0, 0)
3811: (0, 0, 0)
3812: (0, 0, 0)
3813: (0, 0, 0)
3814: (0, 0, 0)
3815: (0, 0, 0)
3816: (0, 0, 0)
3817: (0, 0, 0)
3818: (0, 0, 0)
3819: (0, 0, 0)
3820: (0, 0, 0)
3821: (0, 0, 0)
3822: (0, 0, 0)
3823: (0, 0, 0)
3824: (0, 0, 0)
3825: (0, 0, 0)
3826: (0, 0, 0)
3827: (0, 0, 0)
3828: (0, 0, 0)
3829: (0, 0, 0)
3830: (0, 0, 0)
3831: (0, 0, 0)
3832: (0, 0, 0)
3833: (0, 0, 0)
3834: (0, 0, 0)
3835: (0, 0, 0)
3836: (0, 0, 0)
3837: (0, 0, 0)
3838: (0, 0, 0)
3839: (0, 0, 0)
3840: (0, 0, 0)
3841: (0, 0, 0)
3842: (0, 0, 0)
3843: (0, 0, 0)
3844: (0, 0, 0)
3845: (0, 0, 0)
3846: (0, 0, 0)
3847: (0, 0, 0)
3848: (0, 0, 0)
3849: (0, 0, 0)
3850: (0, 0, 0)
3851: (0, 0, 0)
3852: (0, 0, 0)
3853: (0, 0, 0)
3854: (0, 0, 0)
3855: (0, 0, 0)
3856: (0, 0, 0)
3857: (0, 0, 0)
3858: (0, 0, 0)
3859: (0, 0, 0)
3860: (0, 0, 0)
3861: (0, 0, 0)
3862: (0, 0, 0)
3863: (0, 0, 0)
3864: (0, 0, 0)
3865: (0, 0, 0)
3866: (0, 0, 0)
3867: (0, 0, 0)
3868: (0, 0, 0)
3869: (0, 0, 0)
3870: (0, 0, 0)
3871: (0, 0, 0)
3872: (0, 0, 0)
3873: (0, 0, 0)
3874: (0, 0, 0)
3875: (0, 0, 0)
3876: (0, 0, 0)
3877: (0, 0, 0)
3878: (0, 0, 0)
3879: (0, 0, 0)
3880: (0, 0, 0)
3881: (0, 0, 0)
3882: (0, 0, 0)
3883: (0, 0, 0)
3884: (0, 0, 0)
3885: (0, 0, 0)
3886: (0, 0, 0)
3887: (0, 0, 0)
3888: (0, 0, 0)
3889: (0, 0, 0)
3890: (0, 0, 0)
3891: (0, 0, 0)
3892: (0, 0, 0)
3893: (0, 0, 0)
3894: (0, 0, 0)
3895: (0, 0, 0)
3896: (0, 0, 0)
3897: (0, 0, 0)
3898: (0, 0, 0)
3899: (0, 0, 0)
3900: (0, 0, 0)
3901: (0, 0, 0)
3902: (0, 0, 0)
3903: (0, 0, 0)
3904: (0, 0, 0)
3905: (0, 0, 0)
3906: (0, 0, 0)
3907: (0, 0, 0)
3908: (0, 0, 0)
3909: (0, 0, 0)
3910: (0, 0, 0)
3911: (0, 0, 0)
3912: (0, 0, 0)
3913: (0, 0, 0)
3914: (0, 0, 0)
3915: (0, 0, 0)
3916: (0, 0, 0)
3917: (0, 0, 0)
3918: (0, 0, 0)
3919: (0, 0, 0)
3920: (0, 0, 0)
3921: (0, 0, 0)
3922: (0, 0, 0)
3923: (0, 0, 0)
3924: (0, 0, 0)
3925: (0, 0, 0)
3926: (0, 0, 0)
3927: (0, 0, 0)
3928: (0, 0, 0)
3929: (0, 0, 0)
3930: (0, 0, 0)
3931: (0, 0, 0)
3932: (0, 0, 0)
3933: (0, 0, 0)
3934: (0, 0, 0)
3935: (0, 0, 0)
3936: (0, 0, 0)
3937: (0, 0, 0)
3938: (0, 0, 0)
3939: (0, 0, 0)
3940: (0, 0, 0)
3941: (0, 0, 0)
3942: (0, 0, 0)
3943: (0, 0, 0)
3944: (0, 0, 0)
3945: (0, 0, 0)
3946: (0, 0, 0)
3947: (0, 0, 0)
3948: (0, 0, 0)
3949: (0, 0, 0)
3950: (0, 0, 0)
3951: (0, 0, 0)
3952: (0, 0, 0)
3953: (0, 0, 0)
3954: (0, 0, 0)
3955: (0, 0, 0)
3956: (0, 0, 0)
3957: (0, 0, 0)
3958: (0, 0, 0)
3959: (0, 0, 0)
3960: (0, 0, 0)
3961: (0, 0, 0)
3962: (0, 0, 0)
3963: (0, 0, 0)
3964: (0, 0, 0)
3965: (0, 0, 0)
3966: (0, 0, 0)
3967: (0, 0, 0)
3968: (0, 0, 0)
3969: (0, 0, 0)
3970: (0, 0, 0)
3971: (0, 0, 0)
3972: (0, 0, 0)
3973: (0, 0, 0)
3974: (0, 0, 0)
3975: (0, 0, 0)
3976: (0, 0, 0)
3977: (0, 0, 0)
3978: (0, 0, 0)
3979: (0, 0, 0)
3980: (0, 0, 0)
3981: (0, 0, 0)
3982: (0, 0, 0)
3983: (0, 0, 0)
3984: (0, 0, 0)
3985: (0, 0, 0)
3986: (0, 0, 0)
3987: (0, 0, 0)
3988: (0, 0, 0)
3989: (0, 0, 0)
3990: (0, 0, 0)
3991: (0, 0, 0)
3992: (0, 0, 0)
3993: (0, 0, 0)
3994: (0, 0, 0)
3995: (0, 0, 0)
3996: (0, 0, 0)
3997: (0, 0, 0)
3998: (0, 0, 0)
3999: (0, 0, 0)
4000: (0, 0, 0)
4001: (0, 0, 0)
4002: (0, 0, 0)
4003: (0, 0, 0)
4004: (0, 0, 0)
4005: (0, 0, 0)
4006: (0, 0, 0)
4007: (0, 0, 0)
4008: (0, 0, 0)
4009: (0, 0, 0)
4010: (0, 0, 0)
4011: (0, 0, 0)
4012: (0, 0, 0)
4013: (0, 0, 0)
4014: (0, 0, 0)
4015: (0, 0, 0)
4016: (0, 0, 0)
4017: (0, 0, 0)
4018: (0, 0, 0)
4019: (0, 0, 0)
4020: (0, 0, 0)
4021: (0, 0, 0)
4022: (0, 0, 0)
4023: (0, 0, 0)
4024: (0, 0, 0)
4025: (0, 0, 0)
4026: (0, 0, 0)
4027: (0, 0, 0)
4028: (0, 0, 0)
4029: (0, 0, 0)
4030: (0, 0, 0)
4031: (0, 0, 0)
4032: (0, 0, 0)
4033: (0, 0, 0)
4034: (0, 0, 0)
4035: (0, 0, 0)
4036: (0, 0, 0)
4037: (0, 0, 0)
4038: (0, 0, 0)
4039: (0, 0, 0)
4040: (0, 0, 0)
4041: (0, 0, 0)
4042: (0, 0, 0)
4043: (0, 0, 0)
4044: (0, 0, 0)
4045: (0, 0, 0)
4046: (0, 0, 0)
4047: (0, 0, 0)
4048: (0, 0, 0)
4049: (0, 0, 0)
4050: (0, 0, 0)
4051: (0, 0, 0)
4052: (0, 0, 0)
4053: (0, 0, 0)
4054: (0, 0, 0)
4055: (0, 0, 0)
4056: (0, 0, 0)
4057: (0, 0, 0)
4058: (0, 0, 0)
4059: (0, 0, 0)
4060: (0, 0, 0)
4061: (0, 0, 0)
4062: (0, 0, 0)
4063: (0, 0, 0)
4064: (0, 0, 0)
4065: (0, 0, 0)
4066: (0, 0, 0)
4067: (0, 0, 0)
4068: (0, 0, 0)
4069: (0, 0, 0)
4070: (0, 0, 0)
4071: (0, 0, 0)
4072: (0, 0, 0)
4073: (0, 0, 0)
4074: (0, 0, 0)
4075: (0, 0, 0)
4076: (0, 0, 0)
4077: (0, 0, 0)
4078: (0, 0, 0)
4079: (0, 0, 0)
4080: (0, 0, 0)
4081: (0, 0, 0)
4082: (0, 0, 0)
4083: (0, 0, 0)
4084: (0, 0, 0)
4085: (0, 0, 0)
4086: (0, 0, 0)
4087: (0, 0, 0)
4088: (0, 0, 0)
4089: (0, 0, 0)
4090: (0, 0, 0)
4091: (0, 0, 0)
4092: (0, 0, 0)
4093: (0, 0, 0)
4094: (0, 0, 0)
4095: (0, 0, 0)
4096: (0, 0, 0)
4097: (0, 0, 0)
4098: (0, 0, 0)
4099: (0, 0, 0)
4100: (0, 0, 0)
4101: (0, 0, 0)
4102: (0, 0, 0)
4103: (0, 0, 0)
4104: (0, 0, 0)
4105: (0, 0, 0)
4106: (0, 0, 0)
4107: (0, 0, 0)
4108: (0, 0, 0)
4109: (0, 0, 0)
4110: (0, 0, 0)
4111: (0, 0, 0)
4112: (0, 0, 0)
4113: (0, 0, 0)
4114: (0, 0, 0)
4115: (0, 0, 0)
4116: (0, 0, 0)
4117: (0, 0, 0)
4118: (0, 0, 0)
4119: (0, 0, 0)
4120: (0, 0, 0)
4121: (0, 0, 0)
4122: (0, 0, 0)
4123: (0, 0, 0)
4124: (0, 0, 0)
4125: (0, 0, 0)
4126: (0, 0, 0)
4127: (0, 0, 0)
4128: (0, 0, 0)
4129: (0, 0, 0)
4130: (0, 0, 0)
4131: (0, 0, 0)
4132: (0, 0, 0)
4133: (0, 0, 0)
4134: (0, 0, 0)
4135: (0, 0, 0)
4136: (0, 0, 0)
4137: (0, 0, 0)
4138: (0, 0, 0)
4139: (0, 0, 0)
4140: (0, 0, 0)
4141: (0, 0, 0)
4142: (0, 0, 0)
4143: (0, 0, 0)
4144: (0, 0, 0)
4145: (0, 0, 0)
4146: (0, 0, 0)
4147: (0, 0, 0)
4148: (0, 0, 0)
4149: (0, 0, 0)
4150: (0, 0, 0)
4151: (0, 0, 0)
4152: (0, 0, 0)
4153: (0, 0, 0)
4154: (0, 0, 0)
4155: (0, 0, 0)
4156: (0, 0, 0)
4157: (0, 0, 0)
4158: (0, 0, 0)
4159: (0, 0, 0)
4160: (0, 0, 0)
4161: (0, 0, 0)
4162: (0, 0, 0)
4163: (0, 0, 0)
4164: (0, 0, 0)
4165: (0, 0, 0)
4166: (0, 0, 0)
4167: (0, 0, 0)
4168: (0, 0, 0)
4169: (0, 0, 0)
4170: (0, 0, 0)
4171: (0, 0, 0)
4172: (0, 0, 0)
4173: (0, 0, 0)
4174: (0, 0, 0)
4175: (0, 0, 0)
4176: (0, 0, 0)
4177: (0, 0, 0)
4178: (0, 0, 0)
4179: (0, 0, 0)
4180: (0, 0, 0)
4181: (0, 0, 0)
4182: (0, 0, 0)
4183: (0, 0, 0)
4184: (0, 0, 0)
4185: (0, 0, 0)
4186: (0, 0, 0)
4187: (0, 0, 0)
4188: (0, 0, 0)
4189: (0, 0, 0)
4190: (0, 0, 0)
4191: (0, 0, 0)
4192: (0, 0, 0)
4193: (0, 0, 0)
4194: (0, 0, 0)
4195: (0, 0, 0)
4196: (0, 0, 0)
4197: (0, 0, 0)
4198: (0, 0, 0)
4199: (0, 0, 0)
4200: (0, 0, 0)
4201: (0, 0, 0)
4202: (0, 0, 0)
4203: (0, 0, 0)
4204: (0, 0, 0)
4205: (0, 0, 0)
4206: (0, 0, 0)
4207: (0, 0, 0)
4208: (0, 0, 0)
4209: (0, 0, 0)
4210: (0, 0, 0)
4211: (0, 0, 0)
4212: (0, 0, 0)
4213: (0, 0, 0)
4214: (0, 0, 0)
4215: (0, 0, 0)
4216: (0, 0, 0)
4217: (0, 0, 0)
4218: (0, 0, 0)
4219: (0, 0, 0)
4220: (0, 0, 0)
4221: (0, 0, 0)
4222: (0, 0, 0)
4223: (0, 0, 0)
4224: (0, 0, 0)
4225: (0, 0, 0)
4226: (0, 0, 0)
4227: (0, 0, 0)
4228: (0, 0, 0)
4229: (0, 0, 0)
4230: (0, 0, 0)
4231: (0, 0, 0)
4232: (0, 0, 0)
4233: (0, 0, 0)
4234: (0, 0, 0)
4235: (0, 0, 0)
4236: (0, 0, 0)
4237: (0, 0, 0)
4238: (0, 0, 0)
4239: (0, 0, 0)
4240: (0, 0, 0)
4241: (0, 0, 0)
4242: (0, 0, 0)
4243: (0, 0, 0)
4244: (0, 0, 0)
4245: (0, 0, 0)
4246: (0, 0, 0)
4247: (0, 0, 0)
4248: (0, 0, 0)
4249: (0, 0, 0)
4250: (0, 0, 0)
4251: (0, 0, 0)
4252: (0, 0, 0)
4253: (0, 0, 0)
4254: (0, 0, 0)
4255: (0, 0, 0)
4256: (0, 0, 0)
4257: (0, 0, 0)
4258: (0, 0, 0)
4259: (0, 0, 0)
4260: (0, 0, 0)
4261: (0, 0, 0)
4262: (0, 0, 0)
4263: (0, 0, 0)
4264: (0, 0, 0)
4265: (0, 0, 0)
4266: (0, 0, 0)
4267: (0, 0, 0)
4268: (0, 0, 0)
4269: (0, 0, 0)
4270: (0, 0, 0)
4271: (0, 0, 0)
4272: (0, 0, 0)
4273: (0, 0, 0)
4274: (0, 0, 0)
4275: (0, 0, 0)
4276: (0, 0, 0)
4277: (0, 0, 0)
4278: (0, 0, 0)
4279: (0, 0, 0)
4280: (0, 0, 0)
4281: (0, 0, 0)
4282: (0, 0, 0)
4283: (0, 0, 0)
4284: (0, 0, 0)
4285: (0, 0, 0)
4286: (0, 0, 0)
4287: (0, 0, 0)
4288: (0, 0, 0)
4289: (0, 0, 0)
4290: (0, 0, 0)
4291: (0, 0, 0)
4292: (0, 0, 0)
4293: (0, 0, 0)
4294: (0, 0, 0)
4295: (0, 0, 0)
4296: (0, 0, 0)
4297: (0, 0, 0)
4298: (0, 0, 0)
4299: (0, 0, 0)
4300: (0, 0, 0)
4301: (0, 0, 0)
4302: (0, 0, 0)
4303: (0, 0, 0)
4304: (0, 0, 0)
4305: (0, 0, 0)
4306: (0, 0, 0)
4307: (0, 0, 0)
4308: (0, 0, 0)
4309: (0, 0, 0)
4310: (0, 0, 0)
4311: (0, 0, 0)
4312: (0, 0, 0)
4313: (0, 0, 0)
4314: (0, 0, 0)
4315: (0, 0, 0)
4316: (0, 0, 0)
4317: (0, 0, 0)
4318: (0, 0, 0)
4319: (0, 0, 0)
4320: (0, 0, 0)
4321: (0, 0, 0)
4322: (0, 0, 0)
4323: (0, 0, 0)
4324: (0, 0, 0)
4325: (0, 0, 0)
4326: (0, 0, 0)
4327: (0, 0, 0)
4328: (0, 0, 0)
4329: (0, 0, 0)
4330: (0, 0, 0)
4331: (0, 0, 0)
4332: (0, 0, 0)
4333: (0, 0, 0)
4334: (0, 0, 0)
4335: (0, 0, 0)
4336: (0, 0, 0)
4337: (0, 0, 0)
4338: (0, 0, 0)
4339: (0, 0, 0)
4340: (0, 0, 0)
4341: (0, 0, 0)
4342: (0, 0, 0)
4343: (0, 0, 0)
4344: (0, 0, 0)
4345: (0, 0, 0)
4346: (0, 0, 0)
4347: (0, 0, 0)
4348: (0, 0, 0)
4349: (0, 0, 0)
4350: (0, 0, 0)
4351: (0, 0, 0)
4352: (0, 0, 0)
4353: (0, 0, 0)
4354: (0, 0, 0)
4355: (0, 0, 0)
4356: (0, 0, 0)
4357: (0, 0, 0)
4358: (0, 0, 0)
4359: (0, 0, 0)
4360: (0, 0, 0)
4361: (0, 0, 0)
4362: (0, 0, 0)
4363: (0, 0, 0)
4364: (0, 0, 0)
4365: (0, 0, 0)
4366: (0, 0, 0)
4367: (0, 0, 0)
4368: (0, 0, 0)
4369: (0, 0, 0)
4370: (0, 0, 0)
4371: (0, 0, 0)
4372: (0, 0, 0)
4373: (0, 0, 0)
4374: (0, 0, 0)
4375: (0, 0, 0)
4376: (0, 0, 0)
4377: (0, 0, 0)
4378: (0, 0, 0)
4379: (0, 0, 0)
4380: (0, 0, 0)
4381: (0, 0, 0)
4382: (0, 0, 0)
4383: (0, 0, 0)
4384: (0, 0, 0)
4385: (0, 0, 0)
4386: (0, 0, 0)
4387: (0, 0, 0)
4388: (0, 0, 0)
4389: (0, 0, 0)
4390: (0, 0, 0)
4391: (0, 0, 0)
4392: (0, 0, 0)
4393: (0, 0, 0)
4394: (0, 0, 0)
4395: (0, 0, 0)
4396: (0, 0, 0)
4397: (0, 0, 0)
4398: (0, 0, 0)
4399: (0, 0, 0)
4400: (0, 0, 0)
4401: (0, 0, 0)
4402: (0, 0, 0)
4403: (0, 0, 0)
4404: (0, 0, 0)
4405: (0, 0, 0)
4406: (0, 0, 0)
4407: (0, 0, 0)
4408: (0, 0, 0)
4409: (0, 0, 0)
4410: (0, 0, 0)
4411: (0, 0, 0)
4412: (0, 0, 0)
4413: (0, 0, 0)
4414: (0, 0, 0)
4415: (0, 0, 0)
4416: (0, 0, 0)
4417: (0, 0, 0)
4418: (0, 0, 0)
4419: (0, 0, 0)
4420: (0, 0, 0)
4421: (0, 0, 0)
4422: (0, 0, 0)
4423: (0, 0, 0)
4424: (0, 0, 0)
4425: (0, 0, 0)
4426: (0, 0, 0)
4427: (0, 0, 0)
4428: (0, 0, 0)
4429: (0, 0, 0)
4430: (0, 0, 0)
4431: (0, 0, 0)
4432: (0, 0, 0)
4433: (0, 0, 0)
4434: (0, 0, 0)
4435: (0, 0, 0)
4436: (0, 0, 0)
4437: (0, 0, 0)
4438: (0, 0, 0)
4439: (0, 0, 0)
4440: (0, 0, 0)
4441: (0, 0, 0)
4442: (0, 0, 0)
4443: (0, 0, 0)
4444: (0, 0, 0)
4445: (0, 0, 0)
4446: (0, 0, 0)
4447: (0, 0, 0)
4448: (0, 0, 0)
4449: (0, 0, 0)
4450: (0, 0, 0)
4451: (0, 0, 0)
4452: (0, 0, 0)
4453: (0, 0, 0)
4454: (0, 0, 0)
4455: (0, 0, 0)
4456: (0, 0, 0)
4457: (0, 0, 0)
4458: (0, 0, 0)
4459: (0, 0, 0)
4460: (0, 0, 0)
4461: (0, 0, 0)
4462: (0, 0, 0)
4463: (0, 0, 0)
4464: (0, 0, 0)
4465: (0, 0, 0)
4466: (0, 0, 0)
4467: (0, 0, 0)
4468: (0, 0, 0)
4469: (0, 0, 0)
4470: (0, 0, 0)
4471: (0, 0, 0)
4472: (0, 0, 0)
4473: (0, 0, 0)
4474: (0, 0, 0)
4475: (0, 0, 0)
4476: (0, 0, 0)
4477: (0, 0, 0)
4478: (0, 0, 0)
4479: (0, 0, 0)
4480: (0, 0, 0)
4481: (0, 0, 0)
4482: (0, 0, 0)
4483: (0, 0, 0)
4484: (0, 0, 0)
4485: (0, 0, 0)
4486: (0, 0, 0)
4487: (0, 0, 0)
4488: (0, 0, 0)
4489: (0, 0, 0)
4490: (0, 0, 0)
4491: (0, 0, 0)
4492: (0, 0, 0)
4493: (0, 0, 0)
4494: (0, 0, 0)
4495: (0, 0, 0)
4496: (0, 0, 0)
4497: (0, 0, 0)
4498: (0, 0, 0)
4499: (0, 0, 0)
4500: (0, 0, 0)
4501: (0, 0, 0)
4502: (0, 0, 0)
4503: (0, 0, 0)
4504: (0, 0, 0)
4505: (0, 0, 0)
4506: (0, 0, 0)
4507: (0, 0, 0)
4508: (0, 0, 0)
4509: (0, 0, 0)
4510: (0, 0, 0)
4511: (0, 0, 0)
4512: (0, 0, 0)
4513: (0, 0, 0)
4514: (0, 0, 0)
4515: (0, 0, 0)
4516: (0, 0, 0)
4517: (0, 0, 0)
4518: (0, 0, 0)
4519: (0, 0, 0)
4520: (0, 0, 0)
4521: (0, 0, 0)
4522: (0, 0, 0)
4523: (0, 0, 0)
4524: (0, 0, 0)
4525: (0, 0, 0)
4526: (0, 0, 0)
4527: (0, 0, 0)
4528: (0, 0, 0)
4529: (0, 0, 0)
4530: (0, 0, 0)
4531: (0, 0, 0)
4532: (0, 0, 0)
4533: (0, 0, 0)
4534: (0, 0, 0)
4535: (0, 0, 0)
4536: (0, 0, 0)
4537: (0, 0, 0)
4538: (0, 0, 0)
4539: (0, 0, 0)
4540: (0, 0, 0)
4541: (0, 0, 0)
4542: (0, 0, 0)
4543: (0, 0, 0)
4544: (0, 0, 0)
4545: (0, 0, 0)
4546: (0, 0, 0)
4547: (0, 0, 0)
4548: (0, 0, 0)
4549: (0, 0, 0)
4550: (0, 0, 0)
4551: (0, 0, 0)
4552: (0, 0, 0)
4553: (0, 0, 0)
4554: (0, 0, 0)
4555: (0, 0, 0)
4556: (0, 0, 0)
4557: (0, 0, 0)
4558: (0, 0, 0)
4559: (0, 0, 0)
4560: (0, 0, 0)
4561: (0, 0, 0)
4562: (0, 0, 0)
4563: (0, 0, 0)
4564: (0, 0, 0)
4565: (0, 0, 0)
4566: (0, 0, 0)
4567: (0, 0, 0)
4568: (0, 0, 0)
4569: (0, 0, 0)
4570: (0, 0, 0)
4571: (0, 0, 0)
4572: (0, 0, 0)
4573: (0, 0, 0)
4574: (0, 0, 0)
4575: (0, 0, 0)
4576: (0, 0, 0)
4577: (0, 0, 0)
4578: (0, 0, 0)
4579: (0, 0, 0)
4580: (0, 0, 0)
4581: (0, 0, 0)
4582: (0, 0, 0)
4583: (0, 0, 0)
4584: (0, 0, 0)
4585: (0, 0, 0)
4586: (0, 0, 0)
4587: (0, 0, 0)
4588: (0, 0, 0)
4589: (0, 0, 0)
4590: (0, 0, 0)
4591: (0, 0, 0)
4592: (0, 0, 0)
4593: (0, 0, 0)
4594: (0, 0, 0)
4595: (0, 0, 0)
4596: (0, 0, 0)
4597: (0, 0, 0)
4598: (0, 0, 0)
4599: (0, 0, 0)
4600: (0, 0, 0)
4601: (0, 0, 0)
4602: (0, 0, 0)
4603: (0, 0, 0)
4604: (0, 0, 0)
4605: (0, 0, 0)
4606: (0, 0, 0)
4607: (0, 0, 0)
4608: (0, 0, 0)
4609: (0, 0, 0)
4610: (0, 0, 0)
4611: (0, 0, 0)
4612: (0, 0, 0)
4613: (0, 0, 0)
4614: (0, 0, 0)
4615: (0, 0, 0)
4616: (0, 0, 0)
4617: (0, 0, 0)
4618: (0, 0, 0)
4619: (0, 0, 0)
4620: (0, 0, 0)
4621: (0, 0, 0)
4622: (0, 0, 0)
4623: (0, 0, 0)
4624: (0, 0, 0)
4625: (0, 0, 0)
4626: (0, 0, 0)
4627: (0, 0, 0)
4628: (0, 0, 0)
4629: (0, 0, 0)
4630: (0, 0, 0)
4631: (0, 0, 0)
4632: (0, 0, 0)
4633: (0, 0, 0)
4634: (0, 0, 0)
4635: (0, 0, 0)
4636: (0, 0, 0)
4637: (0, 0, 0)
4638: (0, 0, 0)
4639: (0, 0, 0)
4640: (0, 0, 0)
4641: (0, 0, 0)
4642: (0, 0, 0)
4643: (0, 0, 0)
4644: (0, 0, 0)
4645: (0, 0, 0)
4646: (0, 0, 0)
4647: (0, 0, 0)
4648: (0, 0, 0)
4649: (0, 0, 0)
4650: (0, 0, 0)
4651: (0, 0, 0)
4652: (0, 0, 0)
4653: (0, 0, 0)
4654: (0, 0, 0)
4655: (0, 0, 0)
4656: (0, 0, 0)
4657: (0, 0, 0)
4658: (0, 0, 0)
4659: (0, 0, 0)
4660: (0, 0, 0)
4661: (0, 0, 0)
4662: (0, 0, 0)
4663: (0, 0, 0)
4664: (0, 0, 0)
4665: (0, 0, 0)
4666: (0, 0, 0)
4667: (0, 0, 0)
4668: (0, 0, 0)
4669: (0, 0, 0)
4670: (0, 0, 0)
4671: (0, 0, 0)
4672: (0, 0, 0)
4673: (0, 0, 0)
4674: (0, 0, 0)
4675: (0, 0, 0)
4676: (0, 0, 0)
4677: (0, 0, 0)
4678: (0, 0, 0)
4679: (0, 0, 0)
4680: (0, 0, 0)
4681: (0, 0, 0)
4682: (0, 0, 0)
4683: (0, 0, 0)
4684: (0, 0, 0)
4685: (0, 0, 0)
4686: (0, 0, 0)
4687: (0, 0, 0)
4688: (0, 0, 0)
4689: (0, 0, 0)
4690: (0, 0, 0)
4691: (0, 0, 0)
4692: (0, 0, 0)
4693: (0, 0, 0)
4694: (0, 0, 0)
4695: (0, 0, 0)
4696: (0, 0, 0)
4697: (0, 0, 0)
4698: (0, 0, 0)
4699: (0, 0, 0)
4700: (0, 0, 0)
4701: (0, 0, 0)
4702: (0, 0, 0)
4703: (0, 0, 0)
4704: (0, 0, 0)
4705: (0, 0, 0)
4706: (0, 0, 0)
4707: (0, 0, 0)
4708: (0, 0, 0)
4709: (0, 0, 0)
4710: (0, 0, 0)
4711: (0, 0, 0)
4712: (0, 0, 0)
4713: (0, 0, 0)
4714: (0, 0, 0)
4715: (0, 0, 0)
4716: (0, 0, 0)
4717: (0, 0, 0)
4718: (0, 0, 0)
4719: (0, 0, 0)
4720: (0, 0, 0)
4721: (0, 0, 0)
4722: (0, 0, 0)
4723: (0, 0, 0)
4724: (0, 0, 0)
4725: (0, 0, 0)
4726: (0, 0, 0)
4727: (0, 0, 0)
4728: (0, 0, 0)
4729: (0, 0, 0)
4730: (0, 0, 0)
4731: (0, 0, 0)
4732: (0, 0, 0)
4733: (0, 0, 0)
4734: (0, 0, 0)
4735: (0, 0, 0)
4736: (0, 0, 0)
4737: (0, 0, 0)
4738: (0, 0, 0)
4739: (0, 0, 0)
4740: (0, 0, 0)
4741: (0, 0, 0)
4742: (0, 0, 0)
4743: (0, 0, 0)
4744: (0, 0, 0)
4745: (0, 0, 0)
4746: (0, 0, 0)
4747: (0, 0, 0)
4748: (0, 0, 0)
4749: (0, 0, 0)
4750: (0, 0, 0)
4751: (0, 0, 0)
4752: (0, 0, 0)
4753: (0, 0, 0)
4754: (0, 0, 0)
4755: (0, 0, 0)
4756: (0, 0, 0)
4757: (0, 0, 0)
4758: (0, 0, 0)
4759: (0, 0, 0)
4760: (0, 0, 0)
4761: (0, 0, 0)
4762: (0, 0, 0)
4763: (0, 0, 0)
4764: (0, 0, 0)
4765: (0, 0, 0)
4766: (0, 0, 0)
4767: (0, 0, 0)
4768: (0, 0, 0)
4769: (0, 0, 0)
4770: (0, 0, 0)
4771: (0, 0, 0)
4772: (0, 0, 0)
4773: (0, 0, 0)
4774: (0, 0, 0)
4775: (0, 0, 0)
4776: (0, 0, 0)
4777: (0, 0, 0)
4778: (0, 0, 0)
4779: (0, 0, 0)
4780: (0, 0, 0)
4781: (0, 0, 0)
4782: (0, 0, 0)
4783: (0, 0, 0)
4784: (0, 0, 0)
4785: (0, 0, 0)
4786: (0, 0, 0)
4787: (0, 0, 0)
4788: (0, 0, 0)
4789: (0, 0, 0)
4790: (0, 0, 0)
4791: (0, 0, 0)
4792: (0, 0, 0)
4793: (0, 0, 0)
4794: (0, 0, 0)
4795: (0, 0, 0)
4796: (0, 0, 0)
4797: (0, 0, 0)
4798: (0, 0, 0)
4799: (0, 0, 0)
4800: (0, 0, 0)
4801: (0, 0, 0)
4802: (0, 0, 0)
4803: (0, 0, 0)
4804: (0, 0, 0)
4805: (0, 0, 0)
4806: (0, 0, 0)
4807: (0, 0, 0)
4808: (0, 0, 0)
4809: (0, 0, 0)
4810: (0, 0, 0)
4811: (0, 0, 0)
4812: (0, 0, 0)
4813: (0, 0, 0)
4814: (0, 0, 0)
4815: (0, 0, 0)
4816: (0, 0, 0)
4817: (0, 0, 0)
4818: (0, 0, 0)
4819: (0, 0, 0)
4820: (0, 0, 0)
4821: (0, 0, 0)
4822: (0, 0, 0)
4823: (0, 0, 0)
4824: (0, 0, 0)
4825: (0, 0, 0)
4826: (0, 0, 0)
4827: (0, 0, 0)
4828: (0, 0, 0)
4829: (0, 0, 0)
4830: (0, 0, 0)
4831: (0, 0, 0)
4832: (0, 0, 0)
4833: (0, 0, 0)
4834: (0, 0, 0)
4835: (0, 0, 0)
4836: (0, 0, 0)
4837: (0, 0, 0)
4838: (0, 0, 0)
4839: (0, 0, 0)
4840: (0, 0, 0)
4841: (0, 0, 0)
4842: (0, 0, 0)
4843: (0, 0, 0)
4844: (0, 0, 0)
4845: (0, 0, 0)
4846: (0, 0, 0)
4847: (0, 0, 0)
4848: (0, 0, 0)
4849: (0, 0, 0)
4850: (0, 0, 0)
4851: (0, 0, 0)
4852: (0, 0, 0)
4853: (0, 0, 0)
4854: (0, 0, 0)
4855: (0, 0, 0)
4856: (0, 0, 0)
4857: (0, 0, 0)
4858: (0, 0, 0)
4859: (0, 0, 0)
4860: (0, 0, 0)
4861: (0, 0, 0)
4862: (0, 0, 0)
4863: (0, 0, 0)
4864: (0, 0, 0)
4865: (0, 0, 0)
4866: (0, 0, 0)
4867: (0, 0, 0)
4868: (0, 0, 0)
4869: (0, 0, 0)
4870: (0, 0, 0)
4871: (0, 0, 0)
4872: (0, 0, 0)
4873: (0, 0, 0)
4874: (0, 0, 0)
4875: (0, 0, 0)
4876: (0, 0, 0)
4877: (0, 0, 0)
4878: (0, 0, 0)
4879: (0, 0, 0)
4880: (0, 0, 0)
4881: (0, 0, 0)
4882: (0, 0, 0)
4883: (0, 0, 0)
4884: (0, 0, 0)
4885: (0, 0, 0)
4886: (0, 0, 0)
4887: (0, 0, 0)
4888: (0, 0, 0)
4889: (0, 0, 0)
4890: (0, 0, 0)
4891: (0, 0, 0)
4892: (0, 0, 0)
4893: (0, 0, 0)
4894: (0, 0, 0)
4895: (0, 0, 0)
4896: (0, 0, 0)
4897: (0, 0, 0)
4898: (0, 0, 0)
4899: (0, 0, 0)
4900: (0, 0, 0)
4901: (0, 0, 0)
4902: (0, 0, 0)
4903: (0, 0, 0)
4904: (0, 0, 0)
4905: (0, 0, 0)
4906: (0, 0, 0)
4907: (0, 0, 0)
4908: (0, 0, 0)
4909: (0, 0, 0)
4910: (0, 0, 0)
4911: (0, 0, 0)
4912: (0, 0, 0)
4913: (0, 0, 0)
4914: (0, 0, 0)
4915: (0, 0, 0)
4916: (0, 0, 0)
4917: (0, 0, 0)
4918: (0, 0, 0)
4919: (0, 0, 0)
4920: (0, 0, 0)
4921: (0, 0, 0)
4922: (0, 0, 0)
4923: (0, 0, 0)
4924: (0, 0, 0)
4925: (0, 0, 0)
4926: (0, 0, 0)
4927: (0, 0, 0)
4928: (0, 0, 0)
4929: (0, 0, 0)
4930: (0, 0, 0)
4931: (0, 0, 0)
4932: (0, 0, 0)
4933: (0, 0, 0)
4934: (0, 0, 0)
4935: (0, 0, 0)
4936: (0, 0, 0)
4937: (0, 0, 0)
4938: (0, 0, 0)
4939: (0, 0, 0)
4940: (0, 0, 0)
4941: (0, 0, 0)
4942: (0, 0, 0)
4943: (0, 0, 0)
4944: (0, 0, 0)
4945: (0, 0, 0)
4946: (0, 0, 0)
4947: (0, 0, 0)
4948: (0, 0, 0)
4949: (0, 0, 0)
4950: (0, 0, 0)
4951: (0, 0, 0)
4952: (0, 0, 0)
4953: (0, 0, 0)
4954: (0, 0, 0)
4955: (0, 0, 0)
4956: (0, 0, 0)
4957: (0, 0, 0)
4958: (0, 0, 0)
4959: (0, 0, 0)
4960: (0, 0, 0)
4961: (0, 0, 0)
4962: (0, 0, 0)
4963: (0, 0, 0)
4964: (0, 0, 0)
4965: (0, 0, 0)
4966: (0, 0, 0)
4967: (0, 0, 0)
4968: (0, 0, 0)
4969: (0, 0, 0)
4970: (0, 0, 0)
4971: (0, 0, 0)
4972: (0, 0, 0)
4973: (0, 0, 0)
4974: (0, 0, 0)
4975: (0, 0, 0)
4976: (0, 0, 0)
4977: (0, 0, 0)
4978: (0, 0, 0)
4979: (0, 0, 0)
4980: (0, 0, 0)
4981: (0, 0, 0)
4982: (0, 0, 0)
4983: (0, 0, 0)
4984: (0, 0, 0)
4985: (0, 0, 0)
4986: (0, 0, 0)
4987: (0, 0, 0)
4988: (0, 0, 0)
4989: (0, 0, 0)
4990: (0, 0, 0)
4991: (0, 0, 0)
4992: (0, 0, 0)
4993: (0, 0, 0)
4994: (0, 0, 0)
4995: (0, 0, 0)
4996: (0, 0, 0)
4997: (0, 0, 0)
4998: (0, 0, 0)
4999: (0, 0, 0)
5000: (0, 0, 0)
5001: (0, 0, 0)
5002: (0, 0, 0)
5003: (0, 0, 0)
5004: (0, 0, 0)
5005: (0, 0, 0)
5006: (0, 0, 0)
5007: (0, 0, 0)
5008: (0, 0, 0)
5009: (0, 0, 0)
5010: (0, 0, 0)
5011: (0, 0, 0)
5012: (0, 0, 0)
5013: (0, 0, 0)
5014: (0, 0, 0)
5015: (0, 0, 0)
5016: (0, 0, 0)
5017: (0, 0, 0)
5018: (0, 0, 0)
5019: (0, 0, 0)
5020: (0, 0, 0)
5021: (0, 0, 0)
5022: (0, 0, 0)
5023: (0, 0, 0)
5024: (0, 0, 0)
5025: (0, 0, 0)
5026: (0, 0, 0)
5027: (0, 0, 0)
5028: (0, 0, 0)
5029: (0, 0, 0)
5030: (0, 0, 0)
5031: (0, 0, 0)
5032: (0, 0, 0)
5033: (0, 0, 0)
5034: (0, 0, 0)
5035: (0, 0, 0)
5036: (0, 0, 0)
5037: (0, 0, 0)
5038: (0, 0, 0)
5039: (0, 0, 0)
5040: (0, 0, 0)
5041: (0, 0, 0)
5042: (0, 0, 0)
5043: (0, 0, 0)
5044: (0, 0, 0)
5045: (0, 0, 0)
5046: (0, 0, 0)
5047: (0, 0, 0)
5048: (0, 0, 0)
5049: (0, 0, 0)
5050: (0, 0, 0)
5051: (0, 0, 0)
5052: (0, 0, 0)
5053: (0, 0, 0)
5054: (0, 0, 0)
5055: (0, 0, 0)
5056: (0, 0, 0)
5057: (0, 0, 0)
5058: (0, 0, 0)
5059: (0, 0, 0)
5060: (0, 0, 0)
5061: (0, 0, 0)
5062: (0, 0, 0)
5063: (0, 0, 0)
5064: (0, 0, 0)
5065: (0, 0, 0)
5066: (0, 0, 0)
5067: (0, 0, 0)
5068: (0, 0, 0)
5069: (0, 0, 0)
5070: (0, 0, 0)
5071: (0, 0, 0)
5072: (0, 0, 0)
5073: (0, 0, 0)
5074: (0, 0, 0)
5075: (0, 0, 0)
5076: (0, 0, 0)
5077: (0, 0, 0)
5078: (0, 0, 0)
5079: (0, 0, 0)
5080: (0, 0, 0)
5081: (0, 0, 0)
5082: (0, 0, 0)
5083: (0, 0, 0)
5084: (0, 0, 0)
5085: (0, 0, 0)
5086: (0, 0, 0)
5087: (0, 0, 0)
5088: (0, 0, 0)
5089: (0, 0, 0)
5090: (0, 0, 0)
5091: (0, 0, 0)
5092: (0, 0, 0)
5093: (0, 0, 0)
5094: (0, 0, 0)
5095: (0, 0, 0)
5096: (0, 0, 0)
5097: (0, 0, 0)
5098: (0, 0, 0)
5099: (0, 0, 0)
5100: (0, 0, 0)
5101: (0, 0, 0)
5102: (0, 0, 0)
5103: (0, 0, 0)
5104: (0, 0, 0)
5105: (0, 0, 0)
5106: (0, 0, 0)
5107: (0, 0, 0)
5108: (0, 0, 0)
5109: (0, 0, 0)
5110: (0, 0, 0)
5111: (0, 0, 0)
5112: (0, 0, 0)
5113: (0, 0, 0)
5114: (0, 0, 0)
5115: (0, 0, 0)
5116: (0, 0, 0)
5117: (0, 0, 0)
5118: (0, 0, 0)
5119: (0, 0, 0)
5120: (0, 0, 0)
5121: (0, 0, 0)
5122: (0, 0, 0)
5123: (0, 0, 0)
5124: (0, 0, 0)
5125: (0, 0, 0)
5126: (0, 0, 0)
5127: (0, 0, 0)
5128: (0, 0, 0)
5129: (0, 0, 0)
5130: (0, 0, 0)
5131: (0, 0, 0)
5132: (0, 0, 0)
5133: (0, 0, 0)
5134: (0, 0, 0)
5135: (0, 0, 0)
5136: (0, 0, 0)
5137: (0, 0, 0)
5138: (0, 0, 0)
5139: (0, 0, 0)
5140: (0, 0, 0)
5141: (0, 0, 0)
5142: (0, 0, 0)
5143: (0, 0, 0)
5144: (0, 0, 0)
5145: (0, 0, 0)
5146: (0, 0, 0)
5147: (0, 0, 0)
5148: (0, 0, 0)
5149: (0, 0, 0)
5150: (0, 0, 0)
5151: (0, 0, 0)
5152: (0, 0, 0)
5153: (0, 0, 0)
5154: (0, 0, 0)
5155: (0, 0, 0)
5156: (0, 0, 0)
5157: (0, 0, 0)
5158: (0, 0, 0)
5159: (0, 0, 0)
5160: (0, 0, 0)
5161: (0, 0, 0)
5162: (0, 0, 0)
5163: (0, 0, 0)
5164: (0, 0, 0)
5165: (0, 0, 0)
5166: (0, 0, 0)
5167: (0, 0, 0)
5168: (0, 0, 0)
5169: (0, 0, 0)
5170: (0, 0, 0)
5171: (0, 0, 0)
5172: (0, 0, 0)
5173: (0, 0, 0)
5174: (0, 0, 0)
5175: (0, 0, 0)
5176: (0, 0, 0)
5177: (0, 0, 0)
5178: (0, 0, 0)
5179: (0, 0, 0)
5180: (0, 0, 0)
5181: (0, 0, 0)
5182: (0, 0, 0)
5183: (0, 0, 0)
5184: (0, 0, 0)
5185: (0, 0, 0)
5186: (0, 0, 0)
5187: (0, 0, 0)
5188: (0, 0, 0)
5189: (0, 0, 0)
5190: (0, 0, 0)
5191: (0, 0, 0)
5192: (0, 0, 0)
5193: (0, 0, 0)
5194: (0, 0, 0)
5195: (0, 0, 0)
5196: (0, 0, 0)
5197: (0, 0, 0)
5198: (0, 0, 0)
5199: (0, 0, 0)
5200: (0, 0, 0)
5201: (0, 0, 0)
5202: (0, 0, 0)
5203: (0, 0, 0)
5204: (0, 0, 0)
5205: (0, 0, 0)
5206: (0, 0, 0)
5207: (0, 0, 0)
5208: (0, 0, 0)
5209: (0, 0, 0)
5210: (0, 0, 0)
5211: (0, 0, 0)
5212: (0, 0, 0)
5213: (0, 0, 0)
5214: (0, 0, 0)
5215: (0, 0, 0)
5216: (0, 0, 0)
5217: (0, 0, 0)
5218: (0, 0, 0)
5219: (0, 0, 0)
5220: (0, 0, 0)
5221: (0, 0, 0)
5222: (0, 0, 0)
5223: (0, 0, 0)
5224: (0, 0, 0)
5225: (0, 0, 0)
5226: (0, 0, 0)
5227: (0, 0, 0)
5228: (0, 0, 0)
5229: (0, 0, 0)
5230: (0, 0, 0)
5231: (0, 0, 0)
5232: (0, 0, 0)
5233: (0, 0, 0)
5234: (0, 0, 0)
5235: (0, 0, 0)
5236: (0, 0, 0)
5237: (0, 0, 0)
5238: (0, 0, 0)
5239: (0, 0, 0)
5240: (0, 0, 0)
5241: (0, 0, 0)
5242: (0, 0, 0)
5243: (0, 0, 0)
5244: (0, 0, 0)
5245: (0, 0, 0)
5246: (0, 0, 0)
5247: (0, 0, 0)
5248: (0, 0, 0)
5249: (0, 0, 0)
5250: (0, 0, 0)
5251: (0, 0, 0)
5252: (0, 0, 0)
5253: (0, 0, 0)
5254: (0, 0, 0)
5255: (0, 0, 0)
5256: (0, 0, 0)
5257: (0, 0, 0)
5258: (0, 0, 0)
5259: (0, 0, 0)
5260: (0, 0, 0)
5261: (0, 0, 0)
5262: (0, 0, 0)
5263: (0, 0, 0)
5264: (0, 0, 0)
5265: (0, 0, 0)
5266: (0, 0, 0)
5267: (0, 0, 0)
5268: (0, 0, 0)
5269: (0, 0, 0)
5270: (0, 0, 0)
5271: (0, 0, 0)
5272: (0, 0, 0)
5273: (0, 0, 0)
5274: (0, 0, 0)
5275: (0, 0, 0)
5276: (0, 0, 0)
5277: (0, 0, 0)
5278: (0, 0, 0)
5279: (0, 0, 0)
5280: (0, 0, 0)
5281: (0, 0, 0)
5282: (0, 0, 0)
5283: (0, 0, 0)
5284: (0, 0, 0)
5285: (0, 0, 0)
5286: (0, 0, 0)
5287: (0, 0, 0)
5288: (0, 0, 0)
5289: (0, 0, 0)
5290: (0, 0, 0)
5291: (0, 0, 0)
5292: (0, 0, 0)
5293: (0, 0, 0)
5294: (0, 0, 0)
5295: (0, 0, 0)
5296: (0, 0, 0)
5297: (0, 0, 0)
5298: (0, 0, 0)
5299: (0, 0, 0)
5300: (0, 0, 0)
5301: (0, 0, 0)
5302: (0, 0, 0)
5303: (0, 0, 0)
5304: (0, 0, 0)
5305: (0, 0, 0)
5306: (0, 0, 0)
5307: (0, 0, 0)
5308: (0, 0, 0)
5309: (0, 0, 0)
5310: (0, 0, 0)
5311: (0, 0, 0)
5312: (0, 0, 0)
5313: (0, 0, 0)
5314: (0, 0, 0)
5315: (0, 0, 0)
5316: (0, 0, 0)
5317: (0, 0, 0)
5318: (0, 0, 0)
5319: (0, 0, 0)
5320: (0, 0, 0)
5321: (0, 0, 0)
5322: (0, 0, 0)
5323: (0, 0, 0)
5324: (0, 0, 0)
5325: (0, 0, 0)
5326: (0, 0, 0)
5327: (0, 0, 0)
5328: (0, 0, 0)
5329: (0, 0, 0)
5330: (0, 0, 0)
5331: (0, 0, 0)
5332: (0, 0, 0)
5333: (0, 0, 0)
5334: (0, 0, 0)
5335: (0, 0, 0)
5336: (0, 0, 0)
5337: (0, 0, 0)
5338: (0, 0, 0)
5339: (0, 0, 0)
5340: (0, 0, 0)
5341: (0, 0, 0)
5342: (0, 0, 0)
5343: (0, 0, 0)
5344: (0, 0, 0)
5345: (0, 0, 0)
5346: (0, 0, 0)
5347: (0, 0, 0)
5348: (0, 0, 0)
5349: (0, 0, 0)
5350: (0, 0, 0)
5351: (0, 0, 0)
5352: (0, 0, 0)
5353: (0, 0, 0)
5354: (0, 0, 0)
5355: (0, 0, 0)
5356: (0, 0, 0)
5357: (0, 0, 0)
5358: (0, 0, 0)
5359: (0, 0, 0)
5360: (0, 0, 0)
5361: (0, 0, 0)
5362: (0, 0, 0)
5363: (0, 0, 0)
5364: (0, 0, 0)
5365: (0, 0, 0)
5366: (0, 0, 0)
5367: (0, 0, 0)
5368: (0, 0, 0)
5369: (0, 0, 0)
5370: (0, 0, 0)
5371: (0, 0, 0)
5372: (0, 0, 0)
5373: (0, 0, 0)
5374: (0, 0, 0)
5375: (0, 0, 0)
5376: (0, 0, 0)
5377: (0, 0, 0)
5378: (0, 0, 0)
5379: (0, 0, 0)
5380: (0, 0, 0)
5381: (0, 0, 0)
5382: (0, 0, 0)
5383: (0, 0, 0)
5384: (0, 0, 0)
5385: (0, 0, 0)
5386: (0, 0, 0)
5387: (0, 0, 0)
5388: (0, 0, 0)
5389: (0, 0, 0)
5390: (0, 0, 0)
5391: (0, 0, 0)
5392: (0, 0, 0)
5393: (0, 0, 0)
5394: (0, 0, 0)
5395: (0, 0, 0)
5396: (0, 0, 0)
5397: (0, 0, 0)
5398: (0, 0, 0)
5399: (0, 0, 0)
5400: (0, 0, 0)
5401: (0, 0, 0)
5402: (0, 0, 0)
5403: (0, 0, 0)
5404: (0, 0, 0)
5405: (0, 0, 0)
5406: (0, 0, 0)
5407: (0, 0, 0)
5408: (0, 0, 0)
5409: (0, 0, 0)
5410: (0, 0, 0)
5411: (0, 0, 0)
5412: (0, 0, 0)
5413: (0, 0, 0)
5414: (0, 0, 0)
5415: (0, 0, 0)
5416: (0, 0, 0)
5417: (0, 0, 0)
5418: (0, 0, 0)
5419: (0, 0, 0)
5420: (0, 0, 0)
5421: (0, 0, 0)
5422: (0, 0, 0)
5423: (0, 0, 0)
5424: (0, 0, 0)
5425: (0, 0, 0)
5426: (0, 0, 0)
5427: (0, 0, 0)
5428: (0, 0, 0)
5429: (0, 0, 0)
5430: (0, 0, 0)
5431: (0, 0, 0)
5432: (0, 0, 0)
5433: (0, 0, 0)
5434: (0, 0, 0)
5435: (0, 0, 0)
5436: (0, 0, 0)
5437: (0, 0, 0)
5438: (0, 0, 0)
5439: (0, 0, 0)
5440: (0, 0, 0)
5441: (0, 0, 0)
5442: (0, 0, 0)
5443: (0, 0, 0)
5444: (0, 0, 0)
5445: (0, 0, 0)
5446: (0, 0, 0)
5447: (0, 0, 0)
5448: (0, 0, 0)
5449: (0, 0, 0)
5450: (0, 0, 0)
5451: (0, 0, 0)
5452: (0, 0, 0)
5453: (0, 0, 0)
5454: (0, 0, 0)
5455: (0, 0, 0)
5456: (0, 0, 0)
5457: (0, 0, 0)
5458: (0, 0, 0)
5459: (0, 0, 0)
5460: (0, 0, 0)
5461: (0, 0, 0)
5462: (0, 0, 0)
5463: (0, 0, 0)
5464: (0, 0, 0)
5465: (0, 0, 0)
5466: (0, 0, 0)
5467: (0, 0, 0)
5468: (0, 0, 0)
5469: (0, 0, 0)
5470: (0, 0, 0)
5471: (0, 0, 0)
5472: (0, 0, 0)
5473: (0, 0, 0)
5474: (0, 0, 0)
5475: (0, 0, 0)
5476: (0, 0, 0)
5477: (0, 0, 0)
5478: (0, 0, 0)
5479: (0, 0, 0)
5480: (0, 0, 0)
5481: (0, 0, 0)
5482: (0, 0, 0)
5483: (0, 0, 0)
5484: (0, 0, 0)
5485: (0, 0, 0)
5486: (0, 0, 0)
5487: (0, 0, 0)
5488: (0, 0, 0)
5489: (0, 0, 0)
5490: (0, 0, 0)
5491: (0, 0, 0)
5492: (0, 0, 0)
5493: (0, 0, 0)
5494: (0, 0, 0)
5495: (0, 0, 0)
5496: (0, 0, 0)
5497: (0, 0, 0)
5498: (0, 0, 0)
5499: (0, 0, 0)
5500: (0, 0, 0)
5501: (0, 0, 0)
5502: (0, 0, 0)
5503: (0, 0, 0)
5504: (0, 0, 0)
5505: (0, 0, 0)
5506: (0, 0, 0)
5507: (0, 0, 0)
5508: (0, 0, 0)
5509: (0, 0, 0)
5510: (0, 0, 0)
5511: (0, 0, 0)
5512: (0, 0, 0)
5513: (0, 0, 0)
5514: (0, 0, 0)
5515: (0, 0, 0)
5516: (0, 0, 0)
5517: (0, 0, 0)
5518: (0, 0, 0)
5519: (0, 0, 0)
5520: (0, 0, 0)
5521: (0, 0, 0)
5522: (0, 0, 0)
5523: (0, 0, 0)
5524: (0, 0, 0)
5525: (0, 0, 0)
5526: (0, 0, 0)
5527: (0, 0, 0)
5528: (0, 0, 0)
5529: (0, 0, 0)
5530: (0, 0, 0)
5531: (0, 0, 0)
5532: (0, 0, 0)
5533: (0, 0, 0)
5534: (0, 0, 0)
5535: (0, 0, 0)
5536: (0, 0, 0)
5537: (0, 0, 0)
5538: (0, 0, 0)
5539: (0, 0, 0)
5540: (0, 0, 0)
5541: (0, 0, 0)
5542: (0, 0, 0)
5543: (0, 0, 0)
5544: (0, 0, 0)
5545: (0, 0, 0)
5546: (0, 0, 0)
5547: (0, 0, 0)
5548: (0, 0, 0)
5549: (0, 0, 0)
5550: (0, 0, 0)
5551: (0, 0, 0)
5552: (0, 0, 0)
5553: (0, 0, 0)
5554: (0, 0, 0)
5555: (0, 0, 0)
5556: (0, 0, 0)
5557: (0, 0, 0)
5558: (0, 0, 0)
5559: (0, 0, 0)
5560: (0, 0, 0)
5561: (0, 0, 0)
5562: (0, 0, 0)
5563: (0, 0, 0)
5564: (0, 0, 0)
5565: (0, 0, 0)
5566: (0, 0, 0)
5567: (0, 0, 0)
5568: (0, 0, 0)
5569: (0, 0, 0)
5570: (0, 0, 0)
5571: (0, 0, 0)
5572: (0, 0, 0)
5573: (0, 0, 0)
5574: (0, 0, 0)
5575: (0, 0, 0)
5576: (0, 0, 0)
5577: (0, 0, 0)
5578: (0, 0, 0)
5579: (0, 0, 0)
5580: (0, 0, 0)
5581: (0, 0, 0)
5582: (0, 0, 0)
5583: (0, 0, 0)
5584: (0, 0, 0)
5585: (0, 0, 0)
5586: (0, 0, 0)
5587: (0, 0, 0)
5588: (0, 0, 0)
5589: (0, 0, 0)
5590: (0, 0, 0)
5591: (0, 0, 0)
5592: (0, 0, 0)
5593: (0, 0, 0)
5594: (0, 0, 0)
5595: (0, 0, 0)
5596: (0, 0, 0)
5597: (0, 0, 0)
5598: (0, 0, 0)
5599: (0, 0, 0)
5600: (0, 0, 0)
5601: (0, 0, 0)
5602: (0, 0, 0)
5603: (0, 0, 0)
5604: (0, 0, 0)
5605: (0, 0, 0)
5606: (0, 0, 0)
5607: (0, 0, 0)
5608: (0, 0, 0)
5609: (0, 0, 0)
5610: (0, 0, 0)
5611: (0, 0, 0)
5612: (0, 0, 0)
5613: (0, 0, 0)
5614: (0, 0, 0)
5615: (0, 0, 0)
5616: (0, 0, 0)
5617: (0, 0, 0)
5618: (0, 0, 0)
5619: (0, 0, 0)
5620: (0, 0, 0)
5621: (0, 0, 0)
5622: (0, 0, 0)
5623: (0, 0, 0)
5624: (0, 0, 0)
5625: (0, 0, 0)
5626: (0, 0, 0)
5627: (0, 0, 0)
5628: (0, 0, 0)
5629: (0, 0, 0)
5630: (0, 0, 0)
5631: (0, 0, 0)
5632: (0, 0, 0)
5633: (0, 0, 0)
5634: (0, 0, 0)
5635: (0, 0, 0)
5636: (0, 0, 0)
5637: (0, 0, 0)
5638: (0, 0, 0)
5639: (0, 0, 0)
5640: (0, 0, 0)
5641: (0, 0, 0)
5642: (0, 0, 0)
5643: (0, 0, 0)
5644: (0, 0, 0)
5645: (0, 0, 0)
5646: (0, 0, 0)
5647: (0, 0, 0)
5648: (0, 0, 0)
5649: (0, 0, 0)
5650: (0, 0, 0)
5651: (0, 0, 0)
5652: (0, 0, 0)
5653: (0, 0, 0)
5654: (0, 0, 0)
5655: (0, 0, 0)
5656: (0, 0, 0)
5657: (0, 0, 0)
5658: (0, 0, 0)
5659: (0, 0, 0)
5660: (0, 0, 0)
5661: (0, 0, 0)
5662: (0, 0, 0)
5663: (0, 0, 0)
5664: (0, 0, 0)
5665: (0, 0, 0)
5666: (0, 0, 0)
5667: (0, 0, 0)
5668: (0, 0, 0)
5669: (0, 0, 0)
5670: (0, 0, 0)
5671: (0, 0, 0)
5672: (0, 0, 0)
5673: (0, 0, 0)
5674: (0, 0, 0)
5675: (0, 0, 0)
5676: (0, 0, 0)
5677: (0, 0, 0)
5678: (0, 0, 0)
5679: (0, 0, 0)
5680: (0, 0, 0)
5681: (0, 0, 0)
5682: (0, 0, 0)
5683: (0, 0, 0)
5684: (0, 0, 0)
5685: (0, 0, 0)
5686: (0, 0, 0)
5687: (0, 0, 0)
5688: (0, 0, 0)
5689: (0, 0, 0)
5690: (0, 0, 0)
5691: (0, 0, 0)
5692: (0, 0, 0)
5693: (0, 0, 0)
5694: (0, 0, 0)
5695: (0, 0, 0)
5696: (0, 0, 0)
5697: (0, 0, 0)
5698: (0, 0, 0)
5699: (0, 0, 0)
5700: (0, 0, 0)
5701: (0, 0, 0)
5702: (0, 0, 0)
5703: (0, 0, 0)
5704: (0, 0, 0)
5705: (0, 0, 0)
5706: (0, 0, 0)
5707: (0, 0, 0)
5708: (0, 0, 0)
5709: (0, 0, 0)
5710: (0, 0, 0)
5711: (0, 0, 0)
5712: (0, 0, 0)
5713: (0, 0, 0)
5714: (0, 0, 0)
5715: (0, 0, 0)
5716: (0, 0, 0)
5717: (0, 0, 0)
5718: (0, 0, 0)
5719: (0, 0, 0)
5720: (0, 0, 0)
5721: (0, 0, 0)
5722: (0, 0, 0)
5723: (0, 0, 0)
5724: (0, 0, 0)
5725: (0, 0, 0)
5726: (0, 0, 0)
5727: (0, 0, 0)
5728: (0, 0, 0)
5729: (0, 0, 0)
5730: (0, 0, 0)
5731: (0, 0, 0)
5732: (0, 0, 0)
5733: (0, 0, 0)
5734: (0, 0, 0)
5735: (0, 0, 0)
5736: (0, 0, 0)
5737: (0, 0, 0)
5738: (0, 0, 0)
5739: (0, 0, 0)
5740: (0, 0, 0)
5741: (0, 0, 0)
5742: (0, 0, 0)
5743: (0, 0, 0)
5744: (0, 0, 0)
5745: (0, 0, 0)
5746: (0, 0, 0)
5747: (0, 0, 0)
5748: (0, 0, 0)
5749: (0, 0, 0)
5750: (0, 0, 0)
5751: (0, 0, 0)
5752: (0, 0, 0)
5753: (0, 0, 0)
5754: (0, 0, 0)
5755: (0, 0, 0)
5756: (0, 0, 0)
5757: (0, 0, 0)
5758: (0, 0, 0)
5759: (0, 0, 0)
5760: (0, 0, 0)
5761: (0, 0, 0)
5762: (0, 0, 0)
5763: (0, 0, 0)
5764: (0, 0, 0)
5765: (0, 0, 0)
5766: (0, 0, 0)
5767: (0, 0, 0)
5768: (0, 0, 0)
5769: (0, 0, 0)
5770: (0, 0, 0)
5771: (0, 0, 0)
5772: (0, 0, 0)
5773: (0, 0, 0)
5774: (0, 0, 0)
5775: (0, 0, 0)
5776: (0, 0, 0)
5777: (0, 0, 0)
5778: (0, 0, 0)
5779: (0, 0, 0)
5780: (0, 0, 0)
5781: (0, 0, 0)
5782: (0, 0, 0)
5783: (0, 0, 0)
5784: (0, 0, 0)
5785: (0, 0, 0)
5786: (0, 0, 0)
5787: (0, 0, 0)
5788: (0, 0, 0)
5789: (0, 0, 0)
5790: (0, 0, 0)
5791: (0, 0, 0)
5792: (0, 0, 0)
5793: (0, 0, 0)
5794: (0, 0, 0)
5795: (0, 0, 0)
5796: (0, 0, 0)
5797: (0, 0, 0)
5798: (0, 0, 0)
5799: (0, 0, 0)
5800: (0, 0, 0)
5801: (0, 0, 0)
5802: (0, 0, 0)
5803: (0, 0, 0)
5804: (0, 0, 0)
5805: (0, 0, 0)
5806: (0, 0, 0)
5807: (0, 0, 0)
5808: (0, 0, 0)
5809: (0, 0, 0)
5810: (0, 0, 0)
5811: (0, 0, 0)
5812: (0, 0, 0)
5813: (0, 0, 0)
5814: (0, 0, 0)
5815: (0, 0, 0)
5816: (0, 0, 0)
5817: (0, 0, 0)
5818: (0, 0, 0)
5819: (0, 0, 0)
5820: (0, 0, 0)
5821: (0, 0, 0)
5822: (0, 0, 0)
5823: (0, 0, 0)
5824: (0, 0, 0)
5825: (0, 0, 0)
5826: (0, 0, 0)
5827: (0, 0, 0)
5828: (0, 0, 0)
5829: (0, 0, 0)
5830: (0, 0, 0)
5831: (0, 0, 0)
5832: (0, 0, 0)
5833: (0, 0, 0)
5834: (0, 0, 0)
5835: (0, 0, 0)
5836: (0, 0, 0)
5837: (0, 0, 0)
5838: (0, 0, 0)
5839: (0, 0, 0)
5840: (0, 0, 0)
5841: (0, 0, 0)
5842: (0, 0, 0)
5843: (0, 0, 0)
5844: (0, 0, 0)
5845: (0, 0, 0)
5846: (0, 0, 0)
5847: (0, 0, 0)
5848: (0, 0, 0)
5849: (0, 0, 0)
5850: (0, 0, 0)
5851: (0, 0, 0)
5852: (0, 0, 0)
5853: (0, 0, 0)
5854: (0, 0, 0)
5855: (0, 0, 0)
5856: (0, 0, 0)
5857: (0, 0, 0)
5858: (0, 0, 0)
5859: (0, 0, 0)
5860: (0, 0, 0)
5861: (0, 0, 0)
5862: (0, 0, 0)
5863: (0, 0, 0)
5864: (0, 0, 0)
5865: (0, 0, 0)
5866: (0, 0, 0)
5867: (0, 0, 0)
5868: (0, 0, 0)
5869: (0, 0, 0)
5870: (0, 0, 0)
5871: (0, 0, 0)
5872: (0, 0, 0)
5873: (0, 0, 0)
5874: (0, 0, 0)
5875: (0, 0, 0)
5876: (0, 0, 0)
5877: (0, 0, 0)
5878: (0, 0, 0)
5879: (0, 0, 0)
5880: (0, 0, 0)
5881: (0, 0, 0)
5882: (0, 0, 0)
5883: (0, 0, 0)
5884: (0, 0, 0)
5885: (0, 0, 0)
5886: (0, 0, 0)
5887: (0, 0, 0)
5888: (0, 0, 0)
5889: (0, 0, 0)
5890: (0, 0, 0)
5891: (0, 0, 0)
5892: (0, 0, 0)
5893: (0, 0, 0)
5894: (0, 0, 0)
5895: (0, 0, 0)
5896: (0, 0, 0)
5897: (0, 0, 0)
5898: (0, 0, 0)
5899: (0, 0, 0)
5900: (0, 0, 0)
5901: (0, 0, 0)
5902: (0, 0, 0)
5903: (0, 0, 0)
5904: (0, 0, 0)
5905: (0, 0, 0)
5906: (0, 0, 0)
5907: (0, 0, 0)
5908: (0, 0, 0)
5909: (0, 0, 0)
5910: (0, 0, 0)
5911: (0, 0, 0)
5912: (0, 0, 0)
5913: (0, 0, 0)
5914: (0, 0, 0)
5915: (0, 0, 0)
5916: (0, 0, 0)
5917: (0, 0, 0)
5918: (0, 0, 0)
5919: (0, 0, 0)
5920: (0, 0, 0)
5921: (0, 0, 0)
5922: (0, 0, 0)
5923: (0, 0, 0)
5924: (0, 0, 0)
5925: (0, 0, 0)
5926: (0, 0, 0)
5927: (0, 0, 0)
5928: (0, 0, 0)
5929: (0, 0, 0)
5930: (0, 0, 0)
5931: (0, 0, 0)
5932: (0, 0, 0)
5933: (0, 0, 0)
5934: (0, 0, 0)
5935: (0, 0, 0)
5936: (0, 0, 0)
5937: (0, 0, 0)
5938: (0, 0, 0)
5939: (0, 0, 0)
5940: (0, 0, 0)
5941: (0, 0, 0)
5942: (0, 0, 0)
5943: (0, 0, 0)
5944: (0, 0, 0)
5945: (0, 0, 0)
5946: (0, 0, 0)
5947: (0, 0, 0)
5948: (0, 0, 0)
5949: (0, 0, 0)
5950: (0, 0, 0)
5951: (0, 0, 0)
5952: (0, 0, 0)
5953: (0, 0, 0)
5954: (0, 0, 0)
5955: (0, 0, 0)
5956: (0, 0, 0)
5957: (0, 0, 0)
5958: (0, 0, 0)
5959: (0, 0, 0)
5960: (0, 0, 0)
5961: (0, 0, 0)
5962: (0, 0, 0)
5963: (0, 0, 0)
5964: (0, 0, 0)
5965: (0, 0, 0)
5966: (0, 0, 0)
5967: (0, 0, 0)
5968: (0, 0, 0)
5969: (0, 0, 0)
5970: (0, 0, 0)
5971: (0, 0, 0)
5972: (0, 0, 0)
5973: (0, 0, 0)
5974: (0, 0, 0)
5975: (0, 0, 0)
5976: (0, 0, 0)
5977: (0, 0, 0)
5978: (0, 0, 0)
5979: (0, 0, 0)
5980: (0, 0, 0)
5981: (0, 0, 0)
5982: (0, 0, 0)
5983: (0, 0, 0)
5984: (0, 0, 0)
5985: (0, 0, 0)
5986: (0, 0, 0)
5987: (0, 0, 0)
5988: (0, 0, 0)
5989: (0, 0, 0)
5990: (0, 0, 0)
5991: (0, 0, 0)
5992: (0, 0, 0)
5993: (0, 0, 0)
5994: (0, 0, 0)
5995: (0, 0, 0)
5996: (0, 0, 0)
5997: (0, 0, 0)
5998: (0, 0, 0)
5999: (0, 0, 0)
6000: (0, 0, 0)
6001: (0, 0, 0)
6002: (0, 0, 0)
6003: (0, 0, 0)
6004: (0, 0, 0)
6005: (0, 0, 0)
6006: (0, 0, 0)
6007: (0, 0, 0)
6008: (0, 0, 0)
6009: (0, 0, 0)
6010: (0, 0, 0)
6011: (0, 0, 0)
6012: (0, 0, 0)
6013: (0, 0, 0)
6014: (0, 0, 0)
6015: (0, 0, 0)
6016: (0, 0, 0)
6017: (0, 0, 0)
6018: (0, 0, 0)
6019: (0, 0, 0)
6020: (0, 0, 0)
6021: (0, 0, 0)
6022: (0, 0, 0)
6023: (0, 0, 0)
6024: (0, 0, 0)
6025: (0, 0, 0)
6026: (0, 0, 0)
6027: (0, 0, 0)
6028: (0, 0, 0)
6029: (0, 0, 0)
6030: (0, 0, 0)
6031: (0, 0, 0)
6032: (0, 0, 0)
6033: (0, 0, 0)
6034: (0, 0, 0)
6035: (0, 0, 0)
6036: (0, 0, 0)
6037: (0, 0, 0)
6038: (0, 0, 0)
6039: (0, 0, 0)
6040: (0, 0, 0)
6041: (0, 0, 0)
6042: (0, 0, 0)
6043: (0, 0, 0)
6044: (0, 0, 0)
6045: (0, 0, 0)
6046: (0, 0, 0)
6047: (0, 0, 0)
6048: (0, 0, 0)
6049: (0, 0, 0)
6050: (0, 0, 0)
6051: (0, 0, 0)
6052: (0, 0, 0)
6053: (0, 0, 0)
6054: (0, 0, 0)
6055: (0, 0, 0)
6056: (0, 0, 0)
6057: (0, 0, 0)
6058: (0, 0, 0)
6059: (0, 0, 0)
6060: (0, 0, 0)
6061: (0, 0, 0)
6062: (0, 0, 0)
6063: (0, 0, 0)
6064: (0, 0, 0)
6065: (0, 0, 0)
6066: (0, 0, 0)
6067: (0, 0, 0)
6068: (0, 0, 0)
6069: (0, 0, 0)
6070: (0, 0, 0)
6071: (0, 0, 0)
6072: (0, 0, 0)
6073: (0, 0, 0)
6074: (0, 0, 0)
6075: (0, 0, 0)
6076: (0, 0, 0)
6077: (0, 0, 0)
6078: (0, 0, 0)
6079: (0, 0, 0)
6080: (0, 0, 0)
6081: (0, 0, 0)
6082: (0, 0, 0)
6083: (0, 0, 0)
6084: (0, 0, 0)
6085: (0, 0, 0)
6086: (0, 0, 0)
6087: (0, 0, 0)
6088: (0, 0, 0)
6089: (0, 0, 0)
6090: (0, 0, 0)
6091: (0, 0, 0)
6092: (0, 0, 0)
6093: (0, 0, 0)
6094: (0, 0, 0)
6095: (0, 0, 0)
6096: (0, 0, 0)
6097: (0, 0, 0)
6098: (0, 0, 0)
6099: (0, 0, 0)
6100: (0, 0, 0)
6101: (0, 0, 0)
6102: (0, 0, 0)
6103: (0, 0, 0)
6104: (0, 0, 0)
6105: (0, 0, 0)
6106: (0, 0, 0)
6107: (0, 0, 0)
6108: (0, 0, 0)
6109: (0, 0, 0)
6110: (0, 0, 0)
6111: (0, 0, 0)
6112: (0, 0, 0)
6113: (0, 0, 0)
6114: (0, 0, 0)
6115: (0, 0, 0)
6116: (0, 0, 0)
6117: (0, 0, 0)
6118: (0, 0, 0)
6119: (0, 0, 0)
6120: (0, 0, 0)
6121: (0, 0, 0)
6122: (0, 0, 0)
6123: (0, 0, 0)
6124: (0, 0, 0)
6125: (0, 0, 0)
6126: (0, 0, 0)
6127: (0, 0, 0)
6128: (0, 0, 0)
6129: (0, 0, 0)
6130: (0, 0, 0)
6131: (0, 0, 0)
6132: (0, 0, 0)
6133: (0, 0, 0)
6134: (0, 0, 0)
6135: (0, 0, 0)
6136: (0, 0, 0)
6137: (0, 0, 0)
6138: (0, 0, 0)
6139: (0, 0, 0)
6140: (0, 0, 0)
6141: (0, 0, 0)
6142: (0, 0, 0)
6143: (0, 0, 0)
6144: (0, 0, 0)
6145: (0, 0, 0)
6146: (0, 0, 0)
6147: (0, 0, 0)
6148: (0, 0, 0)
6149: (0, 0, 0)
6150: (0, 0, 0)
6151: (0, 0, 0)
6152: (0, 0, 0)
6153: (0, 0, 0)
6154: (0, 0, 0)
6155: (0, 0, 0)
6156: (0, 0, 0)
6157: (0, 0, 0)
6158: (0, 0, 0)
6159: (0, 0, 0)
6160: (0, 0, 0)
6161: (0, 0, 0)
6162: (0, 0, 0)
6163: (0, 0, 0)
6164: (0, 0, 0)
6165: (0, 0, 0)
6166: (0, 0, 0)
6167: (0, 0, 0)
6168: (0, 0, 0)
6169: (0, 0, 0)
6170: (0, 0, 0)
6171: (0, 0, 0)
6172: (0, 0, 0)
6173: (0, 0, 0)
6174: (0, 0, 0)
6175: (0, 0, 0)
6176: (0, 0, 0)
6177: (0, 0, 0)
6178: (0, 0, 0)
6179: (0, 0, 0)
6180: (0, 0, 0)
6181: (0, 0, 0)
6182: (0, 0, 0)
6183: (0, 0, 0)
6184: (0, 0, 0)
6185: (0, 0, 0)
6186: (0, 0, 0)
6187: (0, 0, 0)
6188: (0, 0, 0)
6189: (0, 0, 0)
6190: (0, 0, 0)
6191: (0, 0, 0)
6192: (0, 0, 0)
6193: (0, 0, 0)
6194: (0, 0, 0)
6195: (0, 0, 0)
6196: (0, 0, 0)
6197: (0, 0, 0)
6198: (0, 0, 0)
6199: (0, 0, 0)
6200: (0, 0, 0)
6201: (0, 0, 0)
6202: (0, 0, 0)
6203: (0, 0, 0)
6204: (0, 0, 0)
6205: (0, 0, 0)
6206: (0, 0, 0)
6207: (0, 0, 0)
6208: (0, 0, 0)
6209: (0, 0, 0)
6210: (0, 0, 0)
6211: (0, 0, 0)
6212: (0, 0, 0)
6213: (0, 0, 0)
6214: (0, 0, 0)
6215: (0, 0, 0)
6216: (0, 0, 0)
6217: (0, 0, 0)
6218: (0, 0, 0)
6219: (0, 0, 0)
6220: (0, 0, 0)
6221: (0, 0, 0)
6222: (0, 0, 0)
6223: (0, 0, 0)
6224: (0, 0, 0)
6225: (0, 0, 0)
6226: (0, 0, 0)
6227: (0, 0, 0)
6228: (0, 0, 0)
6229: (0, 0, 0)
6230: (0, 0, 0)
6231: (0, 0, 0)
6232: (0, 0, 0)
6233: (0, 0, 0)
6234: (0, 0, 0)
6235: (0, 0, 0)
6236: (0, 0, 0)
6237: (0, 0, 0)
6238: (0, 0, 0)
6239: (0, 0, 0)
6240: (0, 0, 0)
6241: (0, 0, 0)
6242: (0, 0, 0)
6243: (0, 0, 0)
6244: (0, 0, 0)
6245: (0, 0, 0)
6246: (0, 0, 0)
6247: (0, 0, 0)
6248: (0, 0, 0)
6249: (0, 0, 0)
6250: (0, 0, 0)
6251: (0, 0, 0)
6252: (0, 0, 0)
6253: (0, 0, 0)
6254: (0, 0, 0)
6255: (0, 0, 0)
6256: (0, 0, 0)
6257: (0, 0, 0)
6258: (0, 0, 0)
6259: (0, 0, 0)
6260: (0, 0, 0)
6261: (0, 0, 0)
6262: (0, 0, 0)
6263: (0, 0, 0)
6264: (0, 0, 0)
6265: (0, 0, 0)
6266: (0, 0, 0)
6267: (0, 0, 0)
6268: (0, 0, 0)
6269: (0, 0, 0)
6270: (0, 0, 0)
6271: (0, 0, 0)
6272: (0, 0, 0)
6273: (0, 0, 0)
6274: (0, 0, 0)
6275: (0, 0, 0)
6276: (0, 0, 0)
6277: (0, 0, 0)
6278: (0, 0, 0)
6279: (0, 0, 0)
6280: (0, 0, 0)
6281: (0, 0, 0)
6282: (0, 0, 0)
6283: (0, 0, 0)
6284: (0, 0, 0)
6285: (0, 0, 0)
6286: (0, 0, 0)
6287: (0, 0, 0)
6288: (0, 0, 0)
6289: (0, 0, 0)
6290: (0, 0, 0)
6291: (0, 0, 0)
6292: (0, 0, 0)
6293: (0, 0, 0)
6294: (0, 0, 0)
6295: (0, 0, 0)
6296: (0, 0, 0)
6297: (0, 0, 0)
6298: (0, 0, 0)
6299: (0, 0, 0)
6300: (0, 0, 0)
6301: (0, 0, 0)
6302: (0, 0, 0)
6303: (0, 0, 0)
6304: (0, 0, 0)
6305: (0, 0, 0)
6306: (0, 0, 0)
6307: (0, 0, 0)
6308: (0, 0, 0)
6309: (0, 0, 0)
6310: (0, 0, 0)
6311: (0, 0, 0)
6312: (0, 0, 0)
6313: (0, 0, 0)
6314: (0, 0, 0)
6315: (0, 0, 0)
6316: (0, 0, 0)
6317: (0, 0, 0)
6318: (0, 0, 0)
6319: (0, 0, 0)
6320: (0, 0, 0)
6321: (0, 0, 0)
6322: (0, 0, 0)
6323: (0, 0, 0)
6324: (0, 0, 0)
6325: (0, 0, 0)
6326: (0, 0, 0)
6327: (0, 0, 0)
6328: (0, 0, 0)
6329: (0, 0, 0)
6330: (0, 0, 0)
6331: (0, 0, 0)
6332: (0, 0, 0)
6333: (0, 0, 0)
6334: (0, 0, 0)
6335: (0, 0, 0)
6336: (0, 0, 0)
6337: (0, 0, 0)
6338: (0, 0, 0)
6339: (0, 0, 0)
6340: (0, 0, 0)
6341: (0, 0, 0)
6342: (0, 0, 0)
6343: (0, 0, 0)
6344: (0, 0, 0)
6345: (0, 0, 0)
6346: (0, 0, 0)
6347: (0, 0, 0)
6348: (0, 0, 0)
6349: (0, 0, 0)
6350: (0, 0, 0)
6351: (0, 0, 0)
6352: (0, 0, 0)
6353: (0, 0, 0)
6354: (0, 0, 0)
6355: (0, 0, 0)
6356: (0, 0, 0)
6357: (0, 0, 0)
6358: (0, 0, 0)
6359: (0, 0, 0)
6360: (0, 0, 0)
6361: (0, 0, 0)
6362: (0, 0, 0)
6363: (0, 0, 0)
6364: (0, 0, 0)
6365: (0, 0, 0)
6366: (0, 0, 0)
6367: (0, 0, 0)
6368: (0, 0, 0)
6369: (0, 0, 0)
6370: (0, 0, 0)
6371: (0, 0, 0)
6372: (0, 0, 0)
6373: (0, 0, 0)
6374: (0, 0, 0)
6375: (0, 0, 0)
6376: (0, 0, 0)
6377: (0, 0, 0)
6378: (0, 0, 0)
6379: (0, 0, 0)
6380: (0, 0, 0)
6381: (0, 0, 0)
6382: (0, 0, 0)
6383: (0, 0, 0)
6384: (0, 0, 0)
6385: (0, 0, 0)
6386: (0, 0, 0)
6387: (0, 0, 0)
6388: (0, 0, 0)
6389: (0, 0, 0)
6390: (0, 0, 0)
6391: (0, 0, 0)
6392: (0, 0, 0)
6393: (0, 0, 0)
6394: (0, 0, 0)
6395: (0, 0, 0)
6396: (0, 0, 0)
6397: (0, 0, 0)
6398: (0, 0, 0)
6399: (0, 0, 0)
6400: (0, 0, 0)
6401: (0, 0, 0)
6402: (0, 0, 0)
6403: (0, 0, 0)
6404: (0, 0, 0)
6405: (0, 0, 0)
6406: (0, 0, 0)
6407: (0, 0, 0)
6408: (0, 0, 0)
6409: (0, 0, 0)
6410: (0, 0, 0)
6411: (0, 0, 0)
6412: (0, 0, 0)
6413: (0, 0, 0)
6414: (0, 0, 0)
6415: (0, 0, 0)
6416: (0, 0, 0)
6417: (0, 0, 0)
6418: (0, 0, 0)
6419: (0, 0, 0)
6420: (0, 0, 0)
6421: (0, 0, 0)
6422: (0, 0, 0)
6423: (0, 0, 0)
6424: (0, 0, 0)
6425: (0, 0, 0)
6426: (0, 0, 0)
6427: (0, 0, 0)
6428: (0, 0, 0)
6429: (0, 0, 0)
6430: (0, 0, 0)
6431: (0, 0, 0)
6432: (0, 0, 0)
6433: (0, 0, 0)
6434: (0, 0, 0)
6435: (0, 0, 0)
6436: (0, 0, 0)
6437: (0, 0, 0)
6438: (0, 0, 0)
6439: (0, 0, 0)
6440: (0, 0, 0)
6441: (0, 0, 0)
6442: (0, 0, 0)
6443: (0, 0, 0)
6444: (0, 0, 0)
6445: (0, 0, 0)
6446: (0, 0, 0)
6447: (0, 0, 0)
6448: (0, 0, 0)
6449: (0, 0, 0)
6450: (0, 0, 0)
6451: (0, 0, 0)
6452: (0, 0, 0)
6453: (0, 0, 0)
6454: (0, 0, 0)
6455: (0, 0, 0)
6456: (0, 0, 0)
6457: (0, 0, 0)
6458: (0, 0, 0)
6459: (0, 0, 0)
6460: (0, 0, 0)
6461: (0, 0, 0)
6462: (0, 0, 0)
6463: (0, 0, 0)
6464: (0, 0, 0)
6465: (0, 0, 0)
6466: (0, 0, 0)
6467: (0, 0, 0)
6468: (0, 0, 0)
6469: (0, 0, 0)
6470: (0, 0, 0)
6471: (0, 0, 0)
6472: (0, 0, 0)
6473: (0, 0, 0)
6474: (0, 0, 0)
6475: (0, 0, 0)
6476: (0, 0, 0)
6477: (0, 0, 0)
6478: (0, 0, 0)
6479: (0, 0, 0)
6480: (0, 0, 0)
6481: (0, 0, 0)
6482: (0, 0, 0)
6483: (0, 0, 0)
6484: (0, 0, 0)
6485: (0, 0, 0)
6486: (0, 0, 0)
6487: (0, 0, 0)
6488: (0, 0, 0)
6489: (0, 0, 0)
6490: (0, 0, 0)
6491: (0, 0, 0)
6492: (0, 0, 0)
6493: (0, 0, 0)
6494: (0, 0, 0)
6495: (0, 0, 0)
6496: (0, 0, 0)
6497: (0, 0, 0)
6498: (0, 0, 0)
6499: (0, 0, 0)
6500: (0, 0, 0)
6501: (0, 0, 0)
6502: (0, 0, 0)
6503: (0, 0, 0)
6504: (0, 0, 0)
6505: (0, 0, 0)
6506: (0, 0, 0)
6507: (0, 0, 0)
6508: (0, 0, 0)
6509: (0, 0, 0)
6510: (0, 0, 0)
6511: (0, 0, 0)
6512: (0, 0, 0)
6513: (0, 0, 0)
6514: (0, 0, 0)
6515: (0, 0, 0)
6516: (0, 0, 0)
6517: (0, 0, 0)
6518: (0, 0, 0)
6519: (0, 0, 0)
6520: (0, 0, 0)
6521: (0, 0, 0)
6522: (0, 0, 0)
6523: (0, 0, 0)
6524: (0, 0, 0)
6525: (0, 0, 0)
6526: (0, 0, 0)
6527: (0, 0, 0)
6528: (0, 0, 0)
6529: (0, 0, 0)
6530: (0, 0, 0)
6531: (0, 0, 0)
6532: (0, 0, 0)
6533: (0, 0, 0)
6534: (0, 0, 0)
6535: (0, 0, 0)
6536: (0, 0, 0)
6537: (0, 0, 0)
6538: (0, 0, 0)
6539: (0, 0, 0)
6540: (0, 0, 0)
6541: (0, 0, 0)
6542: (0, 0, 0)
6543: (0, 0, 0)
6544: (0, 0, 0)
6545: (0, 0, 0)
6546: (0, 0, 0)
6547: (0, 0, 0)
6548: (0, 0, 0)
6549: (0, 0, 0)
6550: (0, 0, 0)
6551: (0, 0, 0)
6552: (0, 0, 0)
6553: (0, 0, 0)
6554: (0, 0, 0)
6555: (0, 0, 0)
6556: (0, 0, 0)
6557: (0, 0, 0)
6558: (0, 0, 0)
6559: (0, 0, 0)
6560: (0, 0, 0)
6561: (0, 0, 0)
6562: (0, 0, 0)
6563: (0, 0, 0)
6564: (0, 0, 0)
6565: (0, 0, 0)
6566: (0, 0, 0)
6567: (0, 0, 0)
6568: (0, 0, 0)
6569: (0, 0, 0)
6570: (0, 0, 0)
6571: (0, 0, 0)
6572: (0, 0, 0)
6573: (0, 0, 0)
6574: (0, 0, 0)
6575: (0, 0, 0)
6576: (0, 0, 0)
6577: (0, 0, 0)
6578: (0, 0, 0)
6579: (0, 0, 0)
6580: (0, 0, 0)
6581: (0, 0, 0)
6582: (0, 0, 0)
6583: (0, 0, 0)
6584: (0, 0, 0)
6585: (0, 0, 0)
6586: (0, 0, 0)
6587: (0, 0, 0)
6588: (0, 0, 0)
6589: (0, 0, 0)
6590: (0, 0, 0)
6591: (0, 0, 0)
6592: (0, 0, 0)
6593: (0, 0, 0)
6594: (0, 0, 0)
6595: (0, 0, 0)
6596: (0, 0, 0)
6597: (0, 0, 0)
6598: (0, 0, 0)
6599: (0, 0, 0)
6600: (0, 0, 0)
6601: (0, 0, 0)
6602: (0, 0, 0)
6603: (0, 0, 0)
6604: (0, 0, 0)
6605: (0, 0, 0)
6606: (0, 0, 0)
6607: (0, 0, 0)
6608: (0, 0, 0)
6609: (0, 0, 0)
6610: (0, 0, 0)
6611: (0, 0, 0)
6612: (0, 0, 0)
6613: (0, 0, 0)
6614: (0, 0, 0)
6615: (0, 0, 0)
6616: (0, 0, 0)
6617: (0, 0, 0)
6618: (0, 0, 0)
6619: (0, 0, 0)
6620: (0, 0, 0)
6621: (0, 0, 0)
6622: (0, 0, 0)
6623: (0, 0, 0)
6624: (0, 0, 0)
6625: (0, 0, 0)
6626: (0, 0, 0)
6627: (0, 0, 0)
6628: (0, 0, 0)
6629: (0, 0, 0)
6630: (0, 0, 0)
6631: (0, 0, 0)
6632: (0, 0, 0)
6633: (0, 0, 0)
6634: (0, 0, 0)
6635: (0, 0, 0)
6636: (0, 0, 0)
6637: (0, 0, 0)
6638: (0, 0, 0)
6639: (0, 0, 0)
6640: (0, 0, 0)
6641: (0, 0, 0)
6642: (0, 0, 0)
6643: (0, 0, 0)
6644: (0, 0, 0)
6645: (0, 0, 0)
6646: (0, 0, 0)
6647: (0, 0, 0)
6648: (0, 0, 0)
6649: (0, 0, 0)
6650: (0, 0, 0)
6651: (0, 0, 0)
6652: (0, 0, 0)
6653: (0, 0, 0)
6654: (0, 0, 0)
6655: (0, 0, 0)
6656: (0, 0, 0)
6657: (0, 0, 0)
6658: (0, 0, 0)
6659: (0, 0, 0)
6660: (0, 0, 0)
6661: (0, 0, 0)
6662: (0, 0, 0)
6663: (0, 0, 0)
6664: (0, 0, 0)
6665: (0, 0, 0)
6666: (0, 0, 0)
6667: (0, 0, 0)
6668: (0, 0, 0)
6669: (0, 0, 0)
6670: (0, 0, 0)
6671: (0, 0, 0)
6672: (0, 0, 0)
6673: (0, 0, 0)
6674: (0, 0, 0)
6675: (0, 0, 0)
6676: (0, 0, 0)
6677: (0, 0, 0)
6678: (0, 0, 0)
6679: (0, 0, 0)
6680: (0, 0, 0)
6681: (0, 0, 0)
6682: (0, 0, 0)
6683: (0, 0, 0)
6684: (0, 0, 0)
6685: (0, 0, 0)
6686: (0, 0, 0)
6687: (0, 0, 0)
6688: (0, 0, 0)
6689: (0, 0, 0)
6690: (0, 0, 0)
6691: (0, 0, 0)
6692: (0, 0, 0)
6693: (0, 0, 0)
6694: (0, 0, 0)
6695: (0, 0, 0)
6696: (0, 0, 0)
6697: (0, 0, 0)
6698: (0, 0, 0)
6699: (0, 0, 0)
6700: (0, 0, 0)
6701: (0, 0, 0)
6702: (0, 0, 0)
6703: (0, 0, 0)
6704: (0, 0, 0)
6705: (0, 0, 0)
6706: (0, 0, 0)
6707: (0, 0, 0)
6708: (0, 0, 0)
6709: (0, 0, 0)
6710: (0, 0, 0)
6711: (0, 0, 0)
6712: (0, 0, 0)
6713: (0, 0, 0)
6714: (0, 0, 0)
6715: (0, 0, 0)
6716: (0, 0, 0)
6717: (0, 0, 0)
6718: (0, 0, 0)
6719: (0, 0, 0)
6720: (0, 0, 0)
6721: (0, 0, 0)
6722: (0, 0, 0)
6723: (0, 0, 0)
6724: (0, 0, 0)
6725: (0, 0, 0)
6726: (0, 0, 0)
6727: (0, 0, 0)
6728: (0, 0, 0)
6729: (0, 0, 0)
6730: (0, 0, 0)
6731: (0, 0, 0)
6732: (0, 0, 0)
6733: (0, 0, 0)
6734: (0, 0, 0)
6735: (0, 0, 0)
6736: (0, 0, 0)
6737: (0, 0, 0)
6738: (0, 0, 0)
6739: (0, 0, 0)
6740: (0, 0, 0)
6741: (0, 0, 0)
6742: (0, 0, 0)
6743: (0, 0, 0)
6744: (0, 0, 0)
6745: (0, 0, 0)
6746: (0, 0, 0)
6747: (0, 0, 0)
6748: (0, 0, 0)
6749: (0, 0, 0)
6750: (0, 0, 0)
6751: (0, 0, 0)
6752: (0, 0, 0)
6753: (0, 0, 0)
6754: (0, 0, 0)
6755: (0, 0, 0)
6756: (0, 0, 0)
6757: (0, 0, 0)
6758: (0, 0, 0)
6759: (0, 0, 0)
6760: (0, 0, 0)
6761: (0, 0, 0)
6762: (0, 0, 0)
6763: (0, 0, 0)
6764: (0, 0, 0)
6765: (0, 0, 0)
6766: (0, 0, 0)
6767: (0, 0, 0)
6768: (0, 0, 0)
6769: (0, 0, 0)
6770: (0, 0, 0)
6771: (0, 0, 0)
6772: (0, 0, 0)
6773: (0, 0, 0)
6774: (0, 0, 0)
6775: (0, 0, 0)
6776: (0, 0, 0)
6777: (0, 0, 0)
6778: (0, 0, 0)
6779: (0, 0, 0)
6780: (0, 0, 0)
6781: (0, 0, 0)
6782: (0, 0, 0)
6783: (0, 0, 0)
6784: (0, 0, 0)
6785: (0, 0, 0)
6786: (0, 0, 0)
6787: (0, 0, 0)
6788: (0, 0, 0)
6789: (0, 0, 0)
6790: (0, 0, 0)
6791: (0, 0, 0)
6792: (0, 0, 0)
6793: (0, 0, 0)
6794: (0, 0, 0)
6795: (0, 0, 0)
6796: (0, 0, 0)
6797: (0, 0, 0)
6798: (0, 0, 0)
6799: (0, 0, 0)
6800: (0, 0, 0)
6801: (0, 0, 0)
6802: (0, 0, 0)
6803: (0, 0, 0)
6804: (0, 0, 0)
6805: (0, 0, 0)
6806: (0, 0, 0)
6807: (0, 0, 0)
6808: (0, 0, 0)
6809: (0, 0, 0)
6810: (0, 0, 0)
6811: (0, 0, 0)
6812: (0, 0, 0)
6813: (0, 0, 0)
6814: (0, 0, 0)
6815: (0, 0, 0)
6816: (0, 0, 0)
6817: (0, 0, 0)
6818: (0, 0, 0)
6819: (0, 0, 0)
6820: (0, 0, 0)
6821: (0, 0, 0)
6822: (0, 0, 0)
6823: (0, 0, 0)
6824: (0, 0, 0)
6825: (0, 0, 0)
6826: (0, 0, 0)
6827: (0, 0, 0)
6828: (0, 0, 0)
6829: (0, 0, 0)
6830: (0, 0, 0)
6831: (0, 0, 0)
6832: (0, 0, 0)
6833: (0, 0, 0)
6834: (0, 0, 0)
6835: (0, 0, 0)
6836: (0, 0, 0)
6837: (0, 0, 0)
6838: (0, 0, 0)
6839: (0, 0, 0)
6840: (0, 0, 0)
6841: (0, 0, 0)
6842: (0, 0, 0)
6843: (0, 0, 0)
6844: (0, 0, 0)
6845: (0, 0, 0)
6846: (0, 0, 0)
6847: (0, 0, 0)
6848: (0, 0, 0)
6849: (0, 0, 0)
6850: (0, 0, 0)
6851: (0, 0, 0)
6852: (0, 0, 0)
6853: (0, 0, 0)
6854: (0, 0, 0)
6855: (0, 0, 0)
6856: (0, 0, 0)
6857: (0, 0, 0)
6858: (0, 0, 0)
6859: (0, 0, 0)
6860: (0, 0, 0)
6861: (0, 0, 0)
6862: (0, 0, 0)
6863: (0, 0, 0)
6864: (0, 0, 0)
6865: (0, 0, 0)
6866: (0, 0, 0)
6867: (0, 0, 0)
6868: (0, 0, 0)
6869: (0, 0, 0)
6870: (0, 0, 0)
6871: (0, 0, 0)
6872: (0, 0, 0)
6873: (0, 0, 0)
6874: (0, 0, 0)
6875: (0, 0, 0)
6876: (0, 0, 0)
6877: (0, 0, 0)
6878: (0, 0, 0)
6879: (0, 0, 0)
6880: (0, 0, 0)
6881: (0, 0, 0)
6882: (0, 0, 0)
6883: (0, 0, 0)
6884: (0, 0, 0)
6885: (0, 0, 0)
6886: (0, 0, 0)
6887: (0, 0, 0)
6888: (0, 0, 0)
6889: (0, 0, 0)
6890: (0, 0, 0)
6891: (0, 0, 0)
6892: (0, 0, 0)
6893: (0, 0, 0)
6894: (0, 0, 0)
6895: (0, 0, 0)
6896: (0, 0, 0)
6897: (0, 0, 0)
6898: (0, 0, 0)
6899: (0, 0, 0)
6900: (0, 0, 0)
6901: (0, 0, 0)
6902: (0, 0, 0)
6903: (0, 0, 0)
6904: (0, 0, 0)
6905: (0, 0, 0)
6906: (0, 0, 0)
6907: (0, 0, 0)
6908: (0, 0, 0)
6909: (0, 0, 0)
6910: (0, 0, 0)
6911: (0, 0, 0)
6912: (0, 0, 0)
6913: (0, 0, 0)
6914: (0, 0, 0)
6915: (0, 0, 0)
6916: (0, 0, 0)
6917: (0, 0, 0)
6918: (0, 0, 0)
6919: (0, 0, 0)
6920: (0, 0, 0)
6921: (0, 0, 0)
6922: (0, 0, 0)
6923: (0, 0, 0)
6924: (0, 0, 0)
6925: (0, 0, 0)
6926: (0, 0, 0)
6927: (0, 0, 0)
6928: (0, 0, 0)
6929: (0, 0, 0)
6930: (0, 0, 0)
6931: (0, 0, 0)
6932: (0, 0, 0)
6933: (0, 0, 0)
6934: (0, 0, 0)
6935: (0, 0, 0)
6936: (0, 0, 0)
6937: (0, 0, 0)
6938: (0, 0, 0)
6939: (0, 0, 0)
6940: (0, 0, 0)
6941: (0, 0, 0)
6942: (0, 0, 0)
6943: (0, 0, 0)
6944: (0, 0, 0)
6945: (0, 0, 0)
6946: (0, 0, 0)
6947: (0, 0, 0)
6948: (0, 0, 0)
6949: (0, 0, 0)
6950: (0, 0, 0)
6951: (0, 0, 0)
6952: (0, 0, 0)
6953: (0, 0, 0)
6954: (0, 0, 0)
6955: (0, 0, 0)
6956: (0, 0, 0)
6957: (0, 0, 0)
6958: (0, 0, 0)
6959: (0, 0, 0)
6960: (0, 0, 0)
6961: (0, 0, 0)
6962: (0, 0, 0)
6963: (0, 0, 0)
6964: (0, 0, 0)
6965: (0, 0, 0)
6966: (0, 0, 0)
6967: (0, 0, 0)
6968: (0, 0, 0)
6969: (0, 0, 0)
6970: (0, 0, 0)
6971: (0, 0, 0)
6972: (0, 0, 0)
6973: (0, 0, 0)
6974: (0, 0, 0)
6975: (0, 0, 0)
6976: (0, 0, 0)
6977: (0, 0, 0)
6978: (0, 0, 0)
6979: (0, 0, 0)
6980: (0, 0, 0)
6981: (0, 0, 0)
6982: (0, 0, 0)
6983: (0, 0, 0)
6984: (0, 0, 0)
6985: (0, 0, 0)
6986: (0, 0, 0)
6987: (0, 0, 0)
6988: (0, 0, 0)
6989: (0, 0, 0)
6990: (0, 0, 0)
6991: (0, 0, 0)
6992: (0, 0, 0)
6993: (0, 0, 0)
6994: (0, 0, 0)
6995: (0, 0, 0)
6996: (0, 0, 0)
6997: (0, 0, 0)
6998: (0, 0, 0)
6999: (0, 0, 0)
7000: (0, 0, 0)
7001: (0, 0, 0)
7002: (0, 0, 0)
7003: (0, 0, 0)
7004: (0, 0, 0)
7005: (0, 0, 0)
7006: (0, 0, 0)
7007: (0, 0, 0)
7008: (0, 0, 0)
7009: (0, 0, 0)
7010: (0, 0, 0)
7011: (0, 0, 0)
7012: (0, 0, 0)
7013: (0, 0, 0)
7014: (0, 0, 0)
7015: (0, 0, 0)
7016: (0, 0, 0)
7017: (0, 0, 0)
7018: (0, 0, 0)
7019: (0, 0, 0)
7020: (0, 0, 0)
7021: (0, 0, 0)
7022: (0, 0, 0)
7023: (0, 0, 0)
7024: (0, 0, 0)
7025: (0, 0, 0)
7026: (0, 0, 0)
7027: (0, 0, 0)
7028: (0, 0, 0)
7029: (0, 0, 0)
7030: (0, 0, 0)
7031: (0, 0, 0)
7032: (0, 0, 0)
7033: (0, 0, 0)
7034: (0, 0, 0)
7035: (0, 0, 0)
7036: (0, 0, 0)
7037: (0, 0, 0)
7038: (0, 0, 0)
7039: (0, 0, 0)
7040: (0, 0, 0)
7041: (0, 0, 0)
7042: (0, 0, 0)
7043: (0, 0, 0)
7044: (0, 0, 0)
7045: (0, 0, 0)
7046: (0, 0, 0)
7047: (0, 0, 0)
7048: (0, 0, 0)
7049: (0, 0, 0)
7050: (0, 0, 0)
7051: (0, 0, 0)
7052: (0, 0, 0)
7053: (0, 0, 0)
7054: (0, 0, 0)
7055: (0, 0, 0)
7056: (0, 0, 0)
7057: (0, 0, 0)
7058: (0, 0, 0)
7059: (0, 0, 0)
7060: (0, 0, 0)
7061: (0, 0, 0)
7062: (0, 0, 0)
7063: (0, 0, 0)
7064: (0, 0, 0)
7065: (0, 0, 0)
7066: (0, 0, 0)
7067: (0, 0, 0)
7068: (0, 0, 0)
7069: (0, 0, 0)
7070: (0, 0, 0)
7071: (0, 0, 0)
7072: (0, 0, 0)
7073: (0, 0, 0)
7074: (0, 0, 0)
7075: (0, 0, 0)
7076: (0, 0, 0)
7077: (0, 0, 0)
7078: (0, 0, 0)
7079: (0, 0, 0)
7080: (0, 0, 0)
7081: (0, 0, 0)
7082: (0, 0, 0)
7083: (0, 0, 0)
7084: (0, 0, 0)
7085: (0, 0, 0)
7086: (0, 0, 0)
7087: (0, 0, 0)
7088: (0, 0, 0)
7089: (0, 0, 0)
7090: (0, 0, 0)
7091: (0, 0, 0)
7092: (0, 0, 0)
7093: (0, 0, 0)
7094: (0, 0, 0)
7095: (0, 0, 0)
7096: (0, 0, 0)
7097: (0, 0, 0)
7098: (0, 0, 0)
7099: (0, 0, 0)
7100: (0, 0, 0)
7101: (0, 0, 0)
7102: (0, 0, 0)
7103: (0, 0, 0)
7104: (0, 0, 0)
7105: (0, 0, 0)
7106: (0, 0, 0)
7107: (0, 0, 0)
7108: (0, 0, 0)
7109: (0, 0, 0)
7110: (0, 0, 0)
7111: (0, 0, 0)
7112: (0, 0, 0)
7113: (0, 0, 0)
7114: (0, 0, 0)
7115: (0, 0, 0)
7116: (0, 0, 0)
7117: (0, 0, 0)
7118: (0, 0, 0)
7119: (0, 0, 0)
7120: (0, 0, 0)
7121: (0, 0, 0)
7122: (0, 0, 0)
7123: (0, 0, 0)
7124: (0, 0, 0)
7125: (0, 0, 0)
7126: (0, 0, 0)
7127: (0, 0, 0)
7128: (0, 0, 0)
7129: (0, 0, 0)
7130: (0, 0, 0)
7131: (0, 0, 0)
7132: (0, 0, 0)
7133: (0, 0, 0)
7134: (0, 0, 0)
7135: (0, 0, 0)
7136: (0, 0, 0)
7137: (0, 0, 0)
7138: (0, 0, 0)
7139: (0, 0, 0)
7140: (0, 0, 0)
7141: (0, 0, 0)
7142: (0, 0, 0)
7143: (0, 0, 0)
7144: (0, 0, 0)
7145: (0, 0, 0)
7146: (0, 0, 0)
7147: (0, 0, 0)
7148: (0, 0, 0)
7149: (0, 0, 0)
7150: (0, 0, 0)
7151: (0, 0, 0)
7152: (0, 0, 0)
7153: (0, 0, 0)
7154: (0, 0, 0)
7155: (0, 0, 0)
7156: (0, 0, 0)
7157: (0, 0, 0)
7158: (0, 0, 0)
7159: (0, 0, 0)
7160: (0, 0, 0)
7161: (0, 0, 0)
7162: (0, 0, 0)
7163: (0, 0, 0)
7164: (0, 0, 0)
7165: (0, 0, 0)
7166: (0, 0, 0)
7167: (0, 0, 0)
7168: (0, 0, 0)
7169: (0, 0, 0)
7170: (0, 0, 0)
7171: (0, 0, 0)
7172: (0, 0, 0)
7173: (0, 0, 0)
7174: (0, 0, 0)
7175: (0, 0, 0)
7176: (0, 0, 0)
7177: (0, 0, 0)
7178: (0, 0, 0)
7179: (0, 0, 0)
7180: (0, 0, 0)
7181: (0, 0, 0)
7182: (0, 0, 0)
7183: (0, 0, 0)
7184: (0, 0, 0)
7185: (0, 0, 0)
7186: (0, 0, 0)
7187: (0, 0, 0)
7188: (0, 0, 0)
7189: (0, 0, 0)
7190: (0, 0, 0)
7191: (0, 0, 0)
7192: (0, 0, 0)
7193: (0, 0, 0)
7194: (0, 0, 0)
7195: (0, 0, 0)
7196: (0, 0, 0)
7197: (0, 0, 0)
7198: (0, 0, 0)
7199: (0, 0, 0)
7200: (0, 0, 0)
7201: (0, 0, 0)
7202: (0, 0, 0)
7203: (0, 0, 0)
7204: (0, 0, 0)
7205: (0, 0, 0)
7206: (0, 0, 0)
7207: (0, 0, 0)
7208: (0, 0, 0)
7209: (0, 0, 0)
7210: (0, 0, 0)
7211: (0, 0, 0)
7212: (0, 0, 0)
7213: (0, 0, 0)
7214: (0, 0, 0)
7215: (0, 0, 0)
7216: (0, 0, 0)
7217: (0, 0, 0)
7218: (0, 0, 0)
7219: (0, 0, 0)
7220: (0, 0, 0)
7221: (0, 0, 0)
7222: (0, 0, 0)
7223: (0, 0, 0)
7224: (0, 0, 0)
7225: (0, 0, 0)
7226: (0, 0, 0)
7227: (0, 0, 0)
7228: (0, 0, 0)
7229: (0, 0, 0)
7230: (0, 0, 0)
7231: (0, 0, 0)
7232: (0, 0, 0)
7233: (0, 0, 0)
7234: (0, 0, 0)
7235: (0, 0, 0)
7236: (0, 0, 0)
7237: (0, 0, 0)
7238: (0, 0, 0)
7239: (0, 0, 0)
7240: (0, 0, 0)
7241: (0, 0, 0)
7242: (0, 0, 0)
7243: (0, 0, 0)
7244: (0, 0, 0)
7245: (0, 0, 0)
7246: (0, 0, 0)
7247: (0, 0, 0)
7248: (0, 0, 0)
7249: (0, 0, 0)
7250: (0, 0, 0)
7251: (0, 0, 0)
7252: (0, 0, 0)
7253: (0, 0, 0)
7254: (0, 0, 0)
7255: (0, 0, 0)
7256: (0, 0, 0)
7257: (0, 0, 0)
7258: (0, 0, 0)
7259: (0, 0, 0)
7260: (0, 0, 0)
7261: (0, 0, 0)
7262: (0, 0, 0)
7263: (0, 0, 0)
7264: (0, 0, 0)
7265: (0, 0, 0)
7266: (0, 0, 0)
7267: (0, 0, 0)
7268: (0, 0, 0)
7269: (0, 0, 0)
7270: (0, 0, 0)
7271: (0, 0, 0)
7272: (0, 0, 0)
7273: (0, 0, 0)
7274: (0, 0, 0)
7275: (0, 0, 0)
7276: (0, 0, 0)
7277: (0, 0, 0)
7278: (0, 0, 0)
7279: (0, 0, 0)
7280: (0, 0, 0)
7281: (0, 0, 0)
7282: (0, 0, 0)
7283: (0, 0, 0)
7284: (0, 0, 0)
7285: (0, 0, 0)
7286: (0, 0, 0)
7287: (0, 0, 0)
7288: (0, 0, 0)
7289: (0, 0, 0)
7290: (0, 0, 0)
7291: (0, 0, 0)
7292: (0, 0, 0)
7293: (0, 0, 0)
7294: (0, 0, 0)
7295: (0, 0, 0)
7296: (0, 0, 0)
7297: (0, 0, 0)
7298: (0, 0, 0)
7299: (0, 0, 0)
7300: (0, 0, 0)
7301: (0, 0, 0)
7302: (0, 0, 0)
7303: (0, 0, 0)
7304: (0, 0, 0)
7305: (0, 0, 0)
7306: (0, 0, 0)
7307: (0, 0, 0)
7308: (0, 0, 0)
7309: (0, 0, 0)
7310: (0, 0, 0)
7311: (0, 0, 0)
7312: (0, 0, 0)
7313: (0, 0, 0)
7314: (0, 0, 0)
7315: (0, 0, 0)
7316: (0, 0, 0)
7317: (0, 0, 0)
7318: (0, 0, 0)
7319: (0, 0, 0)
7320: (0, 0, 0)
7321: (0, 0, 0)
7322: (0, 0, 0)
7323: (0, 0, 0)
7324: (0, 0, 0)
7325: (0, 0, 0)
7326: (0, 0, 0)
7327: (0, 0, 0)
7328: (0, 0, 0)
7329: (0, 0, 0)
7330: (0, 0, 0)
7331: (0, 0, 0)
7332: (0, 0, 0)
7333: (0, 0, 0)
7334: (0, 0, 0)
7335: (0, 0, 0)
7336: (0, 0, 0)
7337: (0, 0, 0)
7338: (0, 0, 0)
7339: (0, 0, 0)
7340: (0, 0, 0)
7341: (0, 0, 0)
7342: (0, 0, 0)
7343: (0, 0, 0)
7344: (0, 0, 0)
7345: (0, 0, 0)
7346: (0, 0, 0)
7347: (0, 0, 0)
7348: (0, 0, 0)
7349: (0, 0, 0)
7350: (0, 0, 0)
7351: (0, 0, 0)
7352: (0, 0, 0)
7353: (0, 0, 0)
7354: (0, 0, 0)
7355: (0, 0, 0)
7356: (0, 0, 0)
7357: (0, 0, 0)
7358: (0, 0, 0)
7359: (0, 0, 0)
7360: (0, 0, 0)
7361: (0, 0, 0)
7362: (0, 0, 0)
7363: (0, 0, 0)
7364: (0, 0, 0)
7365: (0, 0, 0)
7366: (0, 0, 0)
7367: (0, 0, 0)
7368: (0, 0, 0)
7369: (0, 0, 0)
7370: (0, 0, 0)
7371: (0, 0, 0)
7372: (0, 0, 0)
7373: (0, 0, 0)
7374: (0, 0, 0)
7375: (0, 0, 0)
7376: (0, 0, 0)
7377: (0, 0, 0)
7378: (0, 0, 0)
7379: (0, 0, 0)
7380: (0, 0, 0)
7381: (0, 0, 0)
7382: (0, 0, 0)
7383: (0, 0, 0)
7384: (0, 0, 0)
7385: (0, 0, 0)
7386: (0, 0, 0)
7387: (0, 0, 0)
7388: (0, 0, 0)
7389: (0, 0, 0)
7390: (0, 0, 0)
7391: (0, 0, 0)
7392: (0, 0, 0)
7393: (0, 0, 0)
7394: (0, 0, 0)
7395: (0, 0, 0)
7396: (0, 0, 0)
7397: (0, 0, 0)
7398: (0, 0, 0)
7399: (0, 0, 0)
7400: (0, 0, 0)
7401: (0, 0, 0)
7402: (0, 0, 0)
7403: (0, 0, 0)
7404: (0, 0, 0)
7405: (0, 0, 0)
7406: (0, 0, 0)
7407: (0, 0, 0)
7408: (0, 0, 0)
7409: (0, 0, 0)
7410: (0, 0, 0)
7411: (0, 0, 0)
7412: (0, 0, 0)
7413: (0, 0, 0)
7414: (0, 0, 0)
7415: (0, 0, 0)
7416: (0, 0, 0)
7417: (0, 0, 0)
7418: (0, 0, 0)
7419: (0, 0, 0)
7420: (0, 0, 0)
7421: (0, 0, 0)
7422: (0, 0, 0)
7423: (0, 0, 0)
7424: (0, 0, 0)
7425: (0, 0, 0)
7426: (0, 0, 0)
7427: (0, 0, 0)
7428: (0, 0, 0)
7429: (0, 0, 0)
7430: (0, 0, 0)
7431: (0, 0, 0)
7432: (0, 0, 0)
7433: (0, 0, 0)
7434: (0, 0, 0)
7435: (0, 0, 0)
7436: (0, 0, 0)
7437: (0, 0, 0)
7438: (0, 0, 0)
7439: (0, 0, 0)
7440: (0, 0, 0)
7441: (0, 0, 0)
7442: (0, 0, 0)
7443: (0, 0, 0)
7444: (0, 0, 0)
7445: (0, 0, 0)
7446: (0, 0, 0)
7447: (0, 0, 0)
7448: (0, 0, 0)
7449: (0, 0, 0)
7450: (0, 0, 0)
7451: (0, 0, 0)
7452: (0, 0, 0)
7453: (0, 0, 0)
7454: (0, 0, 0)
7455: (0, 0, 0)
7456: (0, 0, 0)
7457: (0, 0, 0)
7458: (0, 0, 0)
7459: (0, 0, 0)
7460: (0, 0, 0)
7461: (0, 0, 0)
7462: (0, 0, 0)
7463: (0, 0, 0)
7464: (0, 0, 0)
7465: (0, 0, 0)
7466: (0, 0, 0)
7467: (0, 0, 0)
7468: (0, 0, 0)
7469: (0, 0, 0)
7470: (0, 0, 0)
7471: (0, 0, 0)
7472: (0, 0, 0)
7473: (0, 0, 0)
7474: (0, 0, 0)
7475: (0, 0, 0)
7476: (0, 0, 0)
7477: (0, 0, 0)
7478: (0, 0, 0)
7479: (0, 0, 0)
7480: (0, 0, 0)
7481: (0, 0, 0)
7482: (0, 0, 0)
7483: (0, 0, 0)
7484: (0, 0, 0)
7485: (0, 0, 0)
7486: (0, 0, 0)
7487: (0, 0, 0)
7488: (0, 0, 0)
7489: (0, 0, 0)
7490: (0, 0, 0)
7491: (0, 0, 0)
7492: (0, 0, 0)
7493: (0, 0, 0)
7494: (0, 0, 0)
7495: (0, 0, 0)
7496: (0, 0, 0)
7497: (0, 0, 0)
7498: (0, 0, 0)
7499: (0, 0, 0)
7500: (0, 0, 0)
7501: (0, 0, 0)
7502: (0, 0, 0)
7503: (0, 0, 0)
7504: (0, 0, 0)
7505: (0, 0, 0)
7506: (0, 0, 0)
7507: (0, 0, 0)
7508: (0, 0, 0)
7509: (0, 0, 0)
7510: (0, 0, 0)
7511: (0, 0, 0)
7512: (0, 0, 0)
7513: (0, 0, 0)
7514: (0, 0, 0)
7515: (0, 0, 0)
7516: (0, 0, 0)
7517: (0, 0, 0)
7518: (0, 0, 0)
7519: (0, 0, 0)
7520: (0, 0, 0)
7521: (0, 0, 0)
7522: (0, 0, 0)
7523: (0, 0, 0)
7524: (0, 0, 0)
7525: (0, 0, 0)
7526: (0, 0, 0)
7527: (0, 0, 0)
7528: (0, 0, 0)
7529: (0, 0, 0)
7530: (0, 0, 0)
7531: (0, 0, 0)
7532: (0, 0, 0)
7533: (0, 0, 0)
7534: (0, 0, 0)
7535: (0, 0, 0)
7536: (0, 0, 0)
7537: (0, 0, 0)
7538: (0, 0, 0)
7539: (0, 0, 0)
7540: (0, 0, 0)
7541: (0, 0, 0)
7542: (0, 0, 0)
7543: (0, 0, 0)
7544: (0, 0, 0)
7545: (0, 0, 0)
7546: (0, 0, 0)
7547: (0, 0, 0)
7548: (0, 0, 0)
7549: (0, 0, 0)
7550: (0, 0, 0)
7551: (0, 0, 0)
7552: (0, 0, 0)
7553: (0, 0, 0)
7554: (0, 0, 0)
7555: (0, 0, 0)
7556: (0, 0, 0)
7557: (0, 0, 0)
7558: (0, 0, 0)
7559: (0, 0, 0)
7560: (0, 0, 0)
7561: (0, 0, 0)
7562: (0, 0, 0)
7563: (0, 0, 0)
7564: (0, 0, 0)
7565: (0, 0, 0)
7566: (0, 0, 0)
7567: (0, 0, 0)
7568: (0, 0, 0)
7569: (0, 0, 0)
7570: (0, 0, 0)
7571: (0, 0, 0)
7572: (0, 0, 0)
7573: (0, 0, 0)
7574: (0, 0, 0)
7575: (0, 0, 0)
7576: (0, 0, 0)
7577: (0, 0, 0)
7578: (0, 0, 0)
7579: (0, 0, 0)
7580: (0, 0, 0)
7581: (0, 0, 0)
7582: (0, 0, 0)
7583: (0, 0, 0)
7584: (0, 0, 0)
7585: (0, 0, 0)
7586: (0, 0, 0)
7587: (0, 0, 0)
7588: (0, 0, 0)
7589: (0, 0, 0)
7590: (0, 0, 0)
7591: (0, 0, 0)
7592: (0, 0, 0)
7593: (0, 0, 0)
7594: (0, 0, 0)
7595: (0, 0, 0)
7596: (0, 0, 0)
7597: (0, 0, 0)
7598: (0, 0, 0)
7599: (0, 0, 0)
7600: (0, 0, 0)
7601: (0, 0, 0)
7602: (0, 0, 0)
7603: (0, 0, 0)
7604: (0, 0, 0)
7605: (0, 0, 0)
7606: (0, 0, 0)
7607: (0, 0, 0)
7608: (0, 0, 0)
7609: (0, 0, 0)
7610: (0, 0, 0)
7611: (0, 0, 0)
7612: (0, 0, 0)
7613: (0, 0, 0)
7614: (0, 0, 0)
7615: (0, 0, 0)
7616: (0, 0, 0)
7617: (0, 0, 0)
7618: (0, 0, 0)
7619: (0, 0, 0)
7620: (0, 0, 0)
7621: (0, 0, 0)
7622: (0, 0, 0)
7623: (0, 0, 0)
7624: (0, 0, 0)
7625: (0, 0, 0)
7626: (0, 0, 0)
7627: (0, 0, 0)
7628: (0, 0, 0)
7629: (0, 0, 0)
7630: (0, 0, 0)
7631: (0, 0, 0)
7632: (0, 0, 0)
7633: (0, 0, 0)
7634: (0, 0, 0)
7635: (0, 0, 0)
7636: (0, 0, 0)
7637: (0, 0, 0)
7638: (0, 0, 0)
7639: (0, 0, 0)
7640: (0, 0, 0)
7641: (0, 0, 0)
7642: (0, 0, 0)
7643: (0, 0, 0)
7644: (0, 0, 0)
7645: (0, 0, 0)
7646: (0, 0, 0)
7647: (0, 0, 0)
7648: (0, 0, 0)
7649: (0, 0, 0)
7650: (0, 0, 0)
7651: (0, 0, 0)
7652: (0, 0, 0)
7653: (0, 0, 0)
7654: (0, 0, 0)
7655: (0, 0, 0)
7656: (0, 0, 0)
7657: (0, 0, 0)
7658: (0, 0, 0)
7659: (0, 0, 0)
7660: (0, 0, 0)
7661: (0, 0, 0)
7662: (0, 0, 0)
7663: (0, 0, 0)
7664: (0, 0, 0)
7665: (0, 0, 0)
7666: (0, 0, 0)
7667: (0, 0, 0)
7668: (0, 0, 0)
7669: (0, 0, 0)
7670: (0, 0, 0)
7671: (0, 0, 0)
7672: (0, 0, 0)
7673: (0, 0, 0)
7674: (0, 0, 0)
7675: (0, 0, 0)
7676: (0, 0, 0)
7677: (0, 0, 0)
7678: (0, 0, 0)
7679: (0, 0, 0)
7680: (0, 0, 0)
7681: (0, 0, 0)
7682: (0, 0, 0)
7683: (0, 0, 0)
7684: (0, 0, 0)
7685: (0, 0, 0)
7686: (0, 0, 0)
7687: (0, 0, 0)
7688: (0, 0, 0)
7689: (0, 0, 0)
7690: (0, 0, 0)
7691: (0, 0, 0)
7692: (0, 0, 0)
7693: (0, 0, 0)
7694: (0, 0, 0)
7695: (0, 0, 0)
7696: (0, 0, 0)
7697: (0, 0, 0)
7698: (0, 0, 0)
7699: (0, 0, 0)
7700: (0, 0, 0)
7701: (0, 0, 0)
7702: (0, 0, 0)
7703: (0, 0, 0)
7704: (0, 0, 0)
7705: (0, 0, 0)
7706: (0, 0, 0)
7707: (0, 0, 0)
7708: (0, 0, 0)
7709: (0, 0, 0)
7710: (0, 0, 0)
7711: (0, 0, 0)
7712: (0, 0, 0)
7713: (0, 0, 0)
7714: (0, 0, 0)
7715: (0, 0, 0)
7716: (0, 0, 0)
7717: (0, 0, 0)
7718: (0, 0, 0)
7719: (0, 0, 0)
7720: (0, 0, 0)
7721: (0, 0, 0)
7722: (0, 0, 0)
7723: (0, 0, 0)
7724: (0, 0, 0)
7725: (0, 0, 0)
7726: (0, 0, 0)
7727: (0, 0, 0)
7728: (0, 0, 0)
7729: (0, 0, 0)
7730: (0, 0, 0)
7731: (0, 0, 0)
7732: (0, 0, 0)
7733: (0, 0, 0)
7734: (0, 0, 0)
7735: (0, 0, 0)
7736: (0, 0, 0)
7737: (0, 0, 0)
7738: (0, 0, 0)
7739: (0, 0, 0)
7740: (0, 0, 0)
7741: (0, 0, 0)
7742: (0, 0, 0)
7743: (0, 0, 0)
7744: (0, 0, 0)
7745: (0, 0, 0)
7746: (0, 0, 0)
7747: (0, 0, 0)
7748: (0, 0, 0)
7749: (0, 0, 0)
7750: (0, 0, 0)
7751: (0, 0, 0)
7752: (0, 0, 0)
7753: (0, 0, 0)
7754: (0, 0, 0)
7755: (0, 0, 0)
7756: (0, 0, 0)
7757: (0, 0, 0)
7758: (0, 0, 0)
7759: (0, 0, 0)
7760: (0, 0, 0)
7761: (0, 0, 0)
7762: (0, 0, 0)
7763: (0, 0, 0)
7764: (0, 0, 0)
7765: (0, 0, 0)
7766: (0, 0, 0)
7767: (0, 0, 0)
7768: (0, 0, 0)
7769: (0, 0, 0)
7770: (0, 0, 0)
7771: (0, 0, 0)
7772: (0, 0, 0)
7773: (0, 0, 0)
7774: (0, 0, 0)
7775: (0, 0, 0)
7776: (0, 0, 0)
7777: (0, 0, 0)
7778: (0, 0, 0)
7779: (0, 0, 0)
7780: (0, 0, 0)
7781: (0, 0, 0)
7782: (0, 0, 0)
7783: (0, 0, 0)
7784: (0, 0, 0)
7785: (0, 0, 0)
7786: (0, 0, 0)
7787: (0, 0, 0)
7788: (0, 0, 0)
7789: (0, 0, 0)
7790: (0, 0, 0)
7791: (0, 0, 0)
7792: (0, 0, 0)
7793: (0, 0, 0)
7794: (0, 0, 0)
7795: (0, 0, 0)
7796: (0, 0, 0)
7797: (0, 0, 0)
7798: (0, 0, 0)
7799: (0, 0, 0)
7800: (0, 0, 0)
7801: (0, 0, 0)
7802: (0, 0, 0)
7803: (0, 0, 0)
7804: (0, 0, 0)
7805: (0, 0, 0)
7806: (0, 0, 0)
7807: (0, 0, 0)
7808: (0, 0, 0)
7809: (0, 0, 0)
7810: (0, 0, 0)
7811: (0, 0, 0)
7812: (0, 0, 0)
7813: (0, 0, 0)
7814: (0, 0, 0)
7815: (0, 0, 0)
7816: (0, 0, 0)
7817: (0, 0, 0)
7818: (0, 0, 0)
7819: (0, 0, 0)
7820: (0, 0, 0)
7821: (0, 0, 0)
7822: (0, 0, 0)
7823: (0, 0, 0)
7824: (0, 0, 0)
7825: (0, 0, 0)
7826: (0, 0, 0)
7827: (0, 0, 0)
7828: (0, 0, 0)
7829: (0, 0, 0)
7830: (0, 0, 0)
7831: (0, 0, 0)
7832: (0, 0, 0)
7833: (0, 0, 0)
7834: (0, 0, 0)
7835: (0, 0, 0)
7836: (0, 0, 0)
7837: (0, 0, 0)
7838: (0, 0, 0)
7839: (0, 0, 0)
7840: (0, 0, 0)
7841: (0, 0, 0)
7842: (0, 0, 0)
7843: (0, 0, 0)
7844: (0, 0, 0)
7845: (0, 0, 0)
7846: (0, 0, 0)
7847: (0, 0, 0)
7848: (0, 0, 0)
7849: (0, 0, 0)
7850: (0, 0, 0)
7851: (0, 0, 0)
7852: (0, 0, 0)
7853: (0, 0, 0)
7854: (0, 0, 0)
7855: (0, 0, 0)
7856: (0, 0, 0)
7857: (0, 0, 0)
7858: (0, 0, 0)
7859: (0, 0, 0)
7860: (0, 0, 0)
7861: (0, 0, 0)
7862: (0, 0, 0)
7863: (0, 0, 0)
7864: (0, 0, 0)
7865: (0, 0, 0)
7866: (0, 0, 0)
7867: (0, 0, 0)
7868: (0, 0, 0)
7869: (0, 0, 0)
7870: (0, 0, 0)
7871: (0, 0, 0)
7872: (0, 0, 0)
7873: (0, 0, 0)
7874: (0, 0, 0)
7875: (0, 0, 0)
7876: (0, 0, 0)
7877: (0, 0, 0)
7878: (0, 0, 0)
7879: (0, 0, 0)
7880: (0, 0, 0)
7881: (0, 0, 0)
7882: (0, 0, 0)
7883: (0, 0, 0)
7884: (0, 0, 0)
7885: (0, 0, 0)
7886: (0, 0, 0)
7887: (0, 0, 0)
7888: (0, 0, 0)
7889: (0, 0, 0)
7890: (0, 0, 0)
7891: (0, 0, 0)
7892: (0, 0, 0)
7893: (0, 0, 0)
7894: (0, 0, 0)
7895: (0, 0, 0)
7896: (0, 0, 0)
7897: (0, 0, 0)
7898: (0, 0, 0)
7899: (0, 0, 0)
7900: (0, 0, 0)
7901: (0, 0, 0)
7902: (0, 0, 0)
7903: (0, 0, 0)
7904: (0, 0, 0)
7905: (0, 0, 0)
7906: (0, 0, 0)
7907: (0, 0, 0)
7908: (0, 0, 0)
7909: (0, 0, 0)
7910: (0, 0, 0)
7911: (0, 0, 0)
7912: (0, 0, 0)
7913: (0, 0, 0)
7914: (0, 0, 0)
7915: (0, 0, 0)
7916: (0, 0, 0)
7917: (0, 0, 0)
7918: (0, 0, 0)
7919: (0, 0, 0)
7920: (0, 0, 0)
7921: (0, 0, 0)
7922: (0, 0, 0)
7923: (0, 0, 0)
7924: (0, 0, 0)
7925: (0, 0, 0)
7926: (0, 0, 0)
7927: (0, 0, 0)
7928: (0, 0, 0)
7929: (0, 0, 0)
7930: (0, 0, 0)
7931: (0, 0, 0)
7932: (0, 0, 0)
7933: (0, 0, 0)
7934: (0, 0, 0)
7935: (0, 0, 0)
7936: (0, 0, 0)
7937: (0, 0, 0)
7938: (0, 0, 0)
7939: (0, 0, 0)
7940: (0, 0, 0)
7941: (0, 0, 0)
7942: (0, 0, 0)
7943: (0, 0, 0)
7944: (0, 0, 0)
7945: (0, 0, 0)
7946: (0, 0, 0)
7947: (0, 0, 0)
7948: (0, 0, 0)
7949: (0, 0, 0)
7950: (0, 0, 0)
7951: (0, 0, 0)
7952: (0, 0, 0)
7953: (0, 0, 0)
7954: (0, 0, 0)
7955: (0, 0, 0)
7956: (0, 0, 0)
7957: (0, 0, 0)
7958: (0, 0, 0)
7959: (0, 0, 0)
7960: (0, 0, 0)
7961: (0, 0, 0)
7962: (0, 0, 0)
7963: (0, 0, 0)
7964: (0, 0, 0)
7965: (0, 0, 0)
7966: (0, 0, 0)
7967: (0, 0, 0)
7968: (0, 0, 0)
7969: (0, 0, 0)
7970: (0, 0, 0)
7971: (0, 0, 0)
7972: (0, 0, 0)
7973: (0, 0, 0)
7974: (0, 0, 0)
7975: (0, 0, 0)
7976: (0, 0, 0)
7977: (0, 0, 0)
7978: (0, 0, 0)
7979: (0, 0, 0)
7980: (0, 0, 0)
7981: (0, 0, 0)
7982: (0, 0, 0)
7983: (0, 0, 0)
7984: (0, 0, 0)
7985: (0, 0, 0)
7986: (0, 0, 0)
7987: (0, 0, 0)
7988: (0, 0, 0)
7989: (0, 0, 0)
7990: (0, 0, 0)
7991: (0, 0, 0)
7992: (0, 0, 0)
7993: (0, 0, 0)
7994: (0, 0, 0)
7995: (0, 0, 0)
7996: (0, 0, 0)
7997: (0, 0, 0)
7998: (0, 0, 0)
7999: (0, 0, 0)
8000: (0, 0, 0)
8001: (0, 0, 0)
8002: (0, 0, 0)
8003: (0, 0, 0)
8004: (0, 0, 0)
8005: (0, 0, 0)
8006: (0, 0, 0)
8007: (0, 0, 0)
8008: (0, 0, 0)
8009: (0, 0, 0)
8010: (0, 0, 0)
8011: (0, 0, 0)
8012: (0, 0, 0)
8013: (0, 0, 0)
8014: (0, 0, 0)
8015: (0, 0, 0)
8016: (0, 0, 0)
8017: (0, 0, 0)
8018: (0, 0, 0)
8019: (0, 0, 0)
8020: (0, 0, 0)
8021: (0, 0, 0)
8022: (0, 0, 0)
8023: (0, 0, 0)
8024: (0, 0, 0)
8025: (0, 0, 0)
8026: (0, 0, 0)
8027: (0, 0, 0)
8028: (0, 0, 0)
8029: (0, 0, 0)
8030: (0, 0, 0)
8031: (0, 0, 0)
8032: (0, 0, 0)
8033: (0, 0, 0)
8034: (0, 0, 0)
8035: (0, 0, 0)
8036: (0, 0, 0)
8037: (0, 0, 0)
8038: (0, 0, 0)
8039: (0, 0, 0)
8040: (0, 0, 0)
8041: (0, 0, 0)
8042: (0, 0, 0)
8043: (0, 0, 0)
8044: (0, 0, 0)
8045: (0, 0, 0)
8046: (0, 0, 0)
8047: (0, 0, 0)
8048: (0, 0, 0)
8049: (0, 0, 0)
8050: (0, 0, 0)
8051: (0, 0, 0)
8052: (0, 0, 0)
8053: (0, 0, 0)
8054: (0, 0, 0)
8055: (0, 0, 0)
8056: (0, 0, 0)
8057: (0, 0, 0)
8058: (0, 0, 0)
8059: (0, 0, 0)
8060: (0, 0, 0)
8061: (0, 0, 0)
8062: (0, 0, 0)
8063: (0, 0, 0)
8064: (0, 0, 0)
8065: (0, 0, 0)
8066: (0, 0, 0)
8067: (0, 0, 0)
8068: (0, 0, 0)
8069: (0, 0, 0)
8070: (0, 0, 0)
8071: (0, 0, 0)
8072: (0, 0, 0)
8073: (0, 0, 0)
8074: (0, 0, 0)
8075: (0, 0, 0)
8076: (0, 0, 0)
8077: (0, 0, 0)
8078: (0, 0, 0)
8079: (0, 0, 0)
8080: (0, 0, 0)
8081: (0, 0, 0)
8082: (0, 0, 0)
8083: (0, 0, 0)
8084: (0, 0, 0)
8085: (0, 0, 0)
8086: (0, 0, 0)
8087: (0, 0, 0)
8088: (0, 0, 0)
8089: (0, 0, 0)
8090: (0, 0, 0)
8091: (0, 0, 0)
8092: (0, 0, 0)
8093: (0, 0, 0)
8094: (0, 0, 0)
8095: (0, 0, 0)
8096: (0, 0, 0)
8097: (0, 0, 0)
8098: (0, 0, 0)
8099: (0, 0, 0)
8100: (0, 0, 0)
8101: (0, 0, 0)
8102: (0, 0, 0)
8103: (0, 0, 0)
8104: (0, 0, 0)
8105: (0, 0, 0)
8106: (0, 0, 0)
8107: (0, 0, 0)
8108: (0, 0, 0)
8109: (0, 0, 0)
8110: (0, 0, 0)
8111: (0, 0, 0)
8112: (0, 0, 0)
8113: (0, 0, 0)
8114: (0, 0, 0)
8115: (0, 0, 0)
8116: (0, 0, 0)
8117: (0, 0, 0)
8118: (0, 0, 0)
8119: (0, 0, 0)
8120: (0, 0, 0)
8121: (0, 0, 0)
8122: (0, 0, 0)
8123: (0, 0, 0)
8124: (0, 0, 0)
8125: (0, 0, 0)
8126: (0, 0, 0)
8127: (0, 0, 0)
8128: (0, 0, 0)
8129: (0, 0, 0)
8130: (0, 0, 0)
8131: (0, 0, 0)
8132: (0, 0, 0)
8133: (0, 0, 0)
8134: (0, 0, 0)
8135: (0, 0, 0)
8136: (0, 0, 0)
8137: (0, 0, 0)
8138: (0, 0, 0)
8139: (0, 0, 0)
8140: (0, 0, 0)
8141: (0, 0, 0)
8142: (0, 0, 0)
8143: (0, 0, 0)
8144: (0, 0, 0)
8145: (0, 0, 0)
8146: (0, 0, 0)
8147: (0, 0, 0)
8148: (0, 0, 0)
8149: (0, 0, 0)
8150: (0, 0, 0)
8151: (0, 0, 0)
8152: (0, 0, 0)
8153: (0, 0, 0)
8154: (0, 0, 0)
8155: (0, 0, 0)
8156: (0, 0, 0)
8157: (0, 0, 0)
8158: (0, 0, 0)
8159: (0, 0, 0)
8160: (0, 0, 0)
8161: (0, 0, 0)
8162: (0, 0, 0)
8163: (0, 0, 0)
8164: (0, 0, 0)
8165: (0, 0, 0)
8166: (0, 0, 0)
8167: (0, 0, 0)
8168: (0, 0, 0)
8169: (0, 0, 0)
8170: (0, 0, 0)
8171: (0, 0, 0)
8172: (0, 0, 0)
8173: (0, 0, 0)
8174: (0, 0, 0)
8175: (0, 0, 0)
8176: (0, 0, 0)
8177: (0, 0, 0)
8178: (0, 0, 0)
8179: (0, 0, 0)
8180: (0, 0, 0)
8181: (0, 0, 0)
8182: (0, 0, 0)
8183: (0, 0, 0)
8184: (0, 0, 0)
8185: (0, 0, 0)
8186: (0, 0, 0)
8187: (0, 0, 0)
8188: (0, 0, 0)
8189: (0, 0, 0)
8190: (0, 0, 0)
8191: (0, 0, 0)
